fecha,hora,turno,linea,sku,origen,tipo_evento,descripcion,firmado_por
2026-02-08,00:16,noche,L3,GAL-3800,HMI,Paro no programado,paro por atasco en la banda de salida,A. Quintero
2026-02-08,00:38,noche,L3,GAL-3800,Bitácora,Mantenimiento correctivo,ajuste de cierre del molde,M. Ocampo
2026-02-08,01:49,noche,L3,GAL-3800,Bitácora,Alarma HMI,alarma de dosificador,A. Quintero
2026-02-08,01:59,noche,L1,ENV-500,HMI,Inspección de calidad,revisión dimensional de rutina,A. Quintero
2026-02-08,02:21,noche,L1,ENV-500,HMI,Inspección de calidad,muestreo de peso conforme al plan,D. Valencia
2026-02-08,02:28,noche,L3,GAL-3800,Bitácora,Arranque de turno,arranque normal del equipo,J. Peláez
2026-02-08,03:55,noche,L1,ENV-500,Bitácora,Inspección de calidad,revisión dimensional de rutina,M. Ocampo
2026-02-08,05:36,noche,L1,ENV-500,HMI,Mantenimiento correctivo,ajuste de cierre del molde,L. Betancur
2026-02-08,06:19,mañana,L3,GAL-3800,HMI,Mantenimiento correctivo,cambio de resistencia de la zona 2,A. Quintero
2026-02-08,07:07,mañana,L1,ENV-500,HMI,Mantenimiento correctivo,cambio de resistencia de la zona 2,D. Valencia
2026-02-08,08:39,mañana,L3,GAL-3800,HMI,Ajuste de proceso,se bajó el tiempo de enfriamiento,D. Valencia
2026-02-08,08:47,mañana,L1,ENV-500,Bitácora,Inspección de calidad,revisión dimensional de rutina,L. Betancur
2026-02-08,09:34,mañana,L1,ENV-500,HMI,Ajuste de proceso,se corrigió el perfil de temperaturas,L. Betancur
2026-02-08,10:56,mañana,L3,GAL-3800,HMI,Arranque de turno,"el molde arrancó por debajo de temperatura, primeras piezas con rebaba",A. Quintero
2026-02-08,13:16,mañana,L1,ENV-500,Bitácora,Paro no programado,paro por atasco en la banda de salida,C. Ramírez
2026-02-08,13:28,mañana,L3,GAL-3800,HMI,Inspección de calidad,muestreo de peso conforme al plan,A. Quintero
2026-02-08,13:42,mañana,L1,ENV-500,HMI,Ajuste de proceso,se bajó el tiempo de enfriamiento,M. Ocampo
2026-02-08,14:36,tarde,L1,ENV-500,HMI,Alarma HMI,alarma de temperatura de zona 3,C. Ramírez
2026-02-08,15:12,tarde,L3,GAL-3800,Bitácora,Arranque de turno,arranque normal del equipo,D. Valencia
2026-02-08,16:44,tarde,L3,GAL-3800,HMI,Alarma HMI,alarma de dosificador,A. Quintero
2026-02-08,17:16,tarde,L3,GAL-3800,Bitácora,Paro no programado,paro por falta de resina en tolva,D. Valencia
2026-02-08,17:53,tarde,L3,GAL-3800,Bitácora,Ajuste de proceso,ajuste de contrapresión,J. Peláez
2026-02-08,18:30,tarde,L1,ENV-500,HMI,Alarma HMI,falla de sensor de posición del husillo,J. Peláez
2026-02-08,19:21,tarde,L1,ENV-500,HMI,Inspección de calidad,muestreo de peso conforme al plan,D. Valencia
2026-02-08,22:02,noche,L1,ENV-500,HMI,Arranque de turno,arranque normal del equipo,L. Betancur
2026-02-08,22:05,noche,L3,GAL-3800,HMI,Arranque de turno,arranque normal del equipo,L. Betancur
2026-02-09,00:44,noche,L1,ENV-500,HMI,Inspección de calidad,revisión dimensional de rutina,M. Ocampo
2026-02-09,02:02,noche,L2,TAP-38,Bitácora,Alarma HMI,alarma de temperatura de zona 3,C. Ramírez
2026-02-09,02:23,noche,L3,GAL-3800,Bitácora,Inspección de calidad,revisión dimensional de rutina,C. Ramírez
2026-02-09,02:47,noche,L2,TAP-38,Bitácora,Arranque de turno,arranque normal del equipo,D. Valencia
2026-02-09,02:51,noche,L1,ENV-500,Bitácora,Paro no programado,paro por atasco en la banda de salida,A. Quintero
2026-02-09,03:52,noche,L2,TAP-38,Bitácora,Ajuste de proceso,ajuste de contrapresión,J. Peláez
2026-02-09,05:17,noche,L3,GAL-3800,Bitácora,Alarma HMI,falla de sensor de posición del husillo,A. Quintero
2026-02-09,06:35,mañana,L2,TAP-38,HMI,Ajuste de proceso,ajuste de contrapresión,A. Quintero
2026-02-09,06:59,mañana,L2,TAP-38,Bitácora,Paro no programado,paro eléctrico breve,J. Peláez
2026-02-09,07:44,mañana,L2,TAP-38,Bitácora,Paro no programado,paro por atasco en la banda de salida,C. Ramírez
2026-02-09,07:51,mañana,L3,GAL-3800,HMI,Mantenimiento correctivo,ajuste de cierre del molde,M. Ocampo
2026-02-09,08:44,mañana,L1,ENV-500,HMI,Paro no programado,paro eléctrico breve,D. Valencia
2026-02-09,10:07,mañana,L2,TAP-38,HMI,Alarma HMI,falla de sensor de posición del husillo,C. Ramírez
2026-02-09,10:30,mañana,L3,GAL-3800,HMI,Inspección de calidad,revisión dimensional de rutina,J. Peláez
2026-02-09,10:40,mañana,L2,TAP-38,HMI,Paro no programado,paro por atasco en la banda de salida,L. Betancur
2026-02-09,11:59,mañana,L1,ENV-500,HMI,Arranque de turno,"el molde arrancó por debajo de temperatura, primeras piezas con rebaba",M. Ocampo
2026-02-09,12:09,mañana,L1,ENV-500,Bitácora,Arranque de turno,arranque con precalentamiento del molde,A. Quintero
2026-02-09,13:17,mañana,L3,GAL-3800,HMI,Mantenimiento correctivo,ajuste de cierre del molde,J. Peláez
2026-02-09,16:05,tarde,L1,ENV-500,HMI,Paro no programado,paro por atasco en la banda de salida,C. Ramírez
2026-02-09,16:50,tarde,L2,TAP-38,HMI,Alarma HMI,presión de inyección fuera de banda,M. Ocampo
2026-02-09,18:34,tarde,L2,TAP-38,HMI,Mantenimiento correctivo,cambio de resistencia de la zona 2,D. Valencia
2026-02-09,19:00,tarde,L1,ENV-500,Bitácora,Ajuste de proceso,se corrigió el perfil de temperaturas,C. Ramírez
2026-02-09,19:28,tarde,L1,ENV-500,HMI,Paro no programado,paro eléctrico breve,C. Ramírez
2026-02-09,19:30,tarde,L2,TAP-38,HMI,Arranque de turno,arranque normal del equipo,A. Quintero
2026-02-09,20:18,tarde,L1,ENV-500,HMI,Inspección de calidad,muestreo de peso conforme al plan,D. Valencia
2026-02-09,20:41,tarde,L1,ENV-500,HMI,Paro no programado,paro por atasco en la banda de salida,A. Quintero
2026-02-09,22:14,noche,L1,ENV-500,HMI,Ajuste de proceso,se bajó el tiempo de enfriamiento,J. Peláez
2026-02-09,22:30,noche,L2,TAP-38,HMI,Arranque de turno,arranque con precalentamiento del molde,C. Ramírez
2026-02-09,22:38,noche,L1,ENV-500,Bitácora,Paro no programado,paro por falta de resina en tolva,A. Quintero
2026-02-09,22:42,noche,L1,ENV-500,Bitácora,Paro no programado,paro por atasco en la banda de salida,A. Quintero
2026-02-09,23:01,noche,L3,GAL-3800,HMI,Inspección de calidad,revisión dimensional de rutina,M. Ocampo
2026-02-09,23:15,noche,L2,TAP-38,HMI,Ajuste de proceso,se bajó el tiempo de enfriamiento,A. Quintero
2026-02-10,00:02,noche,L1,ENV-500,Bitácora,Alarma HMI,alarma de temperatura de zona 3,L. Betancur
2026-02-10,00:18,noche,L2,TAP-38,HMI,Inspección de calidad,revisión dimensional de rutina,A. Quintero
2026-02-10,00:36,noche,L1,ENV-500,HMI,Alarma HMI,presión de inyección fuera de banda,C. Ramírez
2026-02-10,03:56,noche,L1,ENV-500,Bitácora,Paro no programado,paro eléctrico breve,M. Ocampo
2026-02-10,04:59,noche,L2,TAP-38,HMI,Paro no programado,paro eléctrico breve,C. Ramírez
2026-02-10,05:15,noche,L1,ENV-500,HMI,Ajuste de proceso,se bajó el tiempo de enfriamiento,A. Quintero
2026-02-10,06:59,mañana,L1,ENV-500,Bitácora,Ajuste de proceso,se bajó el tiempo de enfriamiento,D. Valencia
2026-02-10,07:58,mañana,L3,GAL-3800,HMI,Arranque de turno,"el molde arrancó por debajo de temperatura, primeras piezas con rebaba",D. Valencia
2026-02-10,10:21,mañana,L1,ENV-500,Bitácora,Paro no programado,paro por atasco en la banda de salida,D. Valencia
2026-02-10,12:07,mañana,L3,GAL-3800,HMI,Ajuste de proceso,se corrigió el perfil de temperaturas,C. Ramírez
2026-02-10,12:31,mañana,L3,GAL-3800,Bitácora,Inspección de calidad,revisión dimensional de rutina,A. Quintero
2026-02-10,13:00,mañana,L2,TAP-38,Bitácora,Inspección de calidad,revisión dimensional de rutina,C. Ramírez
2026-02-10,13:35,mañana,L2,TAP-38,Bitácora,Ajuste de proceso,ajuste de contrapresión,D. Valencia
2026-02-10,16:25,tarde,L2,TAP-38,HMI,Paro no programado,paro por atasco en la banda de salida,C. Ramírez
2026-02-10,17:24,tarde,L3,GAL-3800,HMI,Alarma HMI,alarma de dosificador,J. Peláez
2026-02-10,17:50,tarde,L2,TAP-38,HMI,Mantenimiento correctivo,ajuste de cierre del molde,M. Ocampo
2026-02-10,17:57,tarde,L1,ENV-500,Bitácora,Mantenimiento correctivo,cambio de resistencia de la zona 2,C. Ramírez
2026-02-10,18:02,tarde,L3,GAL-3800,Bitácora,Arranque de turno,"el molde arrancó por debajo de temperatura, primeras piezas con rebaba",M. Ocampo
2026-02-10,18:09,tarde,L3,GAL-3800,HMI,Paro no programado,paro por atasco en la banda de salida,A. Quintero
2026-02-10,18:19,tarde,L1,ENV-500,HMI,Paro no programado,paro eléctrico breve,D. Valencia
2026-02-10,18:24,tarde,L1,ENV-500,Bitácora,Alarma HMI,alarma de dosificador,C. Ramírez
2026-02-10,18:26,tarde,L2,TAP-38,HMI,Ajuste de proceso,ajuste de contrapresión,L. Betancur
2026-02-10,19:18,tarde,L1,ENV-500,Bitácora,Alarma HMI,presión de inyección fuera de banda,C. Ramírez
2026-02-10,19:21,tarde,L1,ENV-500,Bitácora,Ajuste de proceso,ajuste de contrapresión,L. Betancur
2026-02-10,20:11,tarde,L2,TAP-38,Bitácora,Paro no programado,paro por atasco en la banda de salida,L. Betancur
2026-02-10,21:00,tarde,L2,TAP-38,HMI,Arranque de turno,"el molde arrancó por debajo de temperatura, primeras piezas con rebaba",J. Peláez
2026-02-10,21:33,tarde,L3,GAL-3800,Bitácora,Alarma HMI,falla de sensor de posición del husillo,J. Peláez
2026-02-10,23:28,noche,L2,TAP-38,HMI,Inspección de calidad,muestreo de peso conforme al plan,M. Ocampo
2026-02-11,04:14,noche,L2,TAP-38,HMI,Inspección de calidad,revisión dimensional de rutina,A. Quintero
2026-02-11,04:20,noche,L2,TAP-38,Bitácora,Mantenimiento correctivo,ajuste de cierre del molde,A. Quintero
2026-02-11,06:48,mañana,L1,ENV-500,HMI,Inspección de calidad,revisión dimensional de rutina,L. Betancur
2026-02-11,09:04,mañana,L1,ENV-500,Bitácora,Mantenimiento correctivo,ajuste de cierre del molde,A. Quintero
2026-02-11,13:08,mañana,L1,ENV-500,HMI,Ajuste de proceso,se bajó el tiempo de enfriamiento,A. Quintero
2026-02-11,16:10,tarde,L1,ENV-500,HMI,Mantenimiento correctivo,cambio de resistencia de la zona 2,A. Quintero
2026-02-11,16:52,tarde,L1,ENV-500,HMI,Arranque de turno,arranque con precalentamiento del molde,A. Quintero
2026-02-11,21:00,tarde,L1,ENV-500,HMI,Alarma HMI,alarma de dosificador,D. Valencia
2026-02-11,21:02,tarde,L1,ENV-500,Bitácora,Mantenimiento correctivo,ajuste de cierre del molde,L. Betancur
2026-02-11,22:42,noche,L2,TAP-38,HMI,Alarma HMI,presión de inyección fuera de banda,L. Betancur
2026-02-12,00:00,noche,L3,ENV-500,HMI,Ajuste de proceso,se corrigió el perfil de temperaturas,C. Ramírez
2026-02-12,01:06,noche,L1,ENV-500,Bitácora,Ajuste de proceso,se corrigió el perfil de temperaturas,M. Ocampo
2026-02-12,01:08,noche,L1,ENV-500,HMI,Mantenimiento correctivo,ajuste de cierre del molde,A. Quintero
2026-02-12,01:16,noche,L1,ENV-500,Bitácora,Inspección de calidad,revisión dimensional de rutina,M. Ocampo
2026-02-12,01:53,noche,L1,ENV-500,Bitácora,Ajuste de proceso,se bajó el tiempo de enfriamiento,A. Quintero
2026-02-12,03:12,noche,L2,TAP-38,HMI,Inspección de calidad,revisión dimensional de rutina,M. Ocampo
2026-02-12,03:21,noche,L3,ENV-500,HMI,Paro no programado,paro eléctrico breve,L. Betancur
2026-02-12,04:43,noche,L1,ENV-500,Bitácora,Alarma HMI,presión de inyección fuera de banda,C. Ramírez
2026-02-12,05:15,noche,L2,TAP-38,HMI,Mantenimiento correctivo,ajuste de cierre del molde,L. Betancur
2026-02-12,05:53,noche,L3,ENV-500,Bitácora,Arranque de turno,arranque con precalentamiento del molde,J. Peláez
2026-02-12,06:19,mañana,L3,ENV-500,HMI,Arranque de turno,arranque normal del equipo,D. Valencia
2026-02-12,07:31,mañana,L3,ENV-500,Bitácora,Arranque de turno,"el molde arrancó por debajo de temperatura, primeras piezas con rebaba",M. Ocampo
2026-02-12,08:14,mañana,L2,TAP-38,Bitácora,Mantenimiento correctivo,cambio de resistencia de la zona 2,J. Peláez
2026-02-12,11:05,mañana,L3,ENV-500,HMI,Inspección de calidad,muestreo de peso conforme al plan,L. Betancur
2026-02-12,11:20,mañana,L2,TAP-38,HMI,Alarma HMI,alarma de temperatura de zona 3,L. Betancur
2026-02-12,11:25,mañana,L3,ENV-500,HMI,Mantenimiento correctivo,cambio de resistencia de la zona 2,C. Ramírez
2026-02-12,13:38,mañana,L2,TAP-38,Bitácora,Ajuste de proceso,se corrigió el perfil de temperaturas,A. Quintero
2026-02-12,14:19,tarde,L1,ENV-500,HMI,Paro no programado,paro eléctrico breve,C. Ramírez
2026-02-12,15:04,tarde,L3,ENV-500,Bitácora,Mantenimiento correctivo,cambio de resistencia de la zona 2,L. Betancur
2026-02-12,18:42,tarde,L1,ENV-500,HMI,Arranque de turno,arranque con precalentamiento del molde,D. Valencia
2026-02-12,18:55,tarde,L3,ENV-500,HMI,Ajuste de proceso,se corrigió el perfil de temperaturas,M. Ocampo
2026-02-12,19:10,tarde,L2,TAP-38,HMI,Mantenimiento correctivo,ajuste de cierre del molde,C. Ramírez
2026-02-12,19:23,tarde,L2,TAP-38,Bitácora,Paro no programado,paro eléctrico breve,A. Quintero
2026-02-12,19:51,tarde,L2,TAP-38,Bitácora,Alarma HMI,alarma de temperatura de zona 3,D. Valencia
2026-02-12,20:18,tarde,L2,TAP-38,Bitácora,Ajuste de proceso,se bajó el tiempo de enfriamiento,M. Ocampo
2026-02-12,20:30,tarde,L3,ENV-500,HMI,Mantenimiento correctivo,ajuste de cierre del molde,A. Quintero
2026-02-12,20:36,tarde,L1,ENV-500,HMI,Paro no programado,paro eléctrico breve,J. Peláez
2026-02-12,20:50,tarde,L2,TAP-38,HMI,Mantenimiento correctivo,cambio de resistencia de la zona 2,A. Quintero
2026-02-12,21:00,tarde,L3,ENV-500,Bitácora,Arranque de turno,arranque normal del equipo,M. Ocampo
2026-02-12,21:42,tarde,L1,ENV-500,Bitácora,Inspección de calidad,muestreo de peso conforme al plan,J. Peláez
2026-02-12,22:26,noche,L2,TAP-38,HMI,Ajuste de proceso,se bajó el tiempo de enfriamiento,L. Betancur
2026-02-12,22:30,noche,L2,TAP-38,Bitácora,Mantenimiento correctivo,ajuste de cierre del molde,A. Quintero
2026-02-12,22:43,noche,L2,TAP-38,HMI,Alarma HMI,presión de inyección fuera de banda,C. Ramírez
2026-02-13,00:30,noche,L1,ENV-500,Bitácora,Mantenimiento correctivo,ajuste de cierre del molde,M. Ocampo
2026-02-13,01:36,noche,L2,TAP-38,Bitácora,Ajuste de proceso,ajuste de contrapresión,J. Peláez
2026-02-13,02:01,noche,L1,ENV-500,Bitácora,Inspección de calidad,muestreo de peso conforme al plan,D. Valencia
2026-02-13,02:33,noche,L2,TAP-38,Bitácora,Alarma HMI,alarma de dosificador,A. Quintero
2026-02-13,04:17,noche,L3,ENV-500,Bitácora,Ajuste de proceso,se corrigió el perfil de temperaturas,A. Quintero
2026-02-13,07:22,mañana,L1,ENV-500,Bitácora,Inspección de calidad,revisión dimensional de rutina,A. Quintero
2026-02-13,07:25,mañana,L3,ENV-500,HMI,Ajuste de proceso,ajuste de contrapresión,M. Ocampo
2026-02-13,07:30,mañana,L1,ENV-500,Bitácora,Ajuste de proceso,se bajó el tiempo de enfriamiento,M. Ocampo
2026-02-13,08:03,mañana,L3,ENV-500,HMI,Alarma HMI,falla de sensor de posición del husillo,A. Quintero
2026-02-13,08:18,mañana,L1,ENV-500,Bitácora,Ajuste de proceso,se bajó el tiempo de enfriamiento,D. Valencia
2026-02-13,09:08,mañana,L3,ENV-500,Bitácora,Arranque de turno,arranque con precalentamiento del molde,A. Quintero
2026-02-13,10:14,mañana,L3,ENV-500,HMI,Mantenimiento correctivo,cambio de resistencia de la zona 2,M. Ocampo
2026-02-13,10:37,mañana,L1,ENV-500,Bitácora,Mantenimiento correctivo,ajuste de cierre del molde,C. Ramírez
2026-02-13,10:54,mañana,L2,TAP-38,HMI,Arranque de turno,"el molde arrancó por debajo de temperatura, primeras piezas con rebaba",C. Ramírez
2026-02-13,10:57,mañana,L3,ENV-500,Bitácora,Paro no programado,paro por atasco en la banda de salida,D. Valencia
2026-02-13,13:08,mañana,L2,TAP-38,HMI,Arranque de turno,"el molde arrancó por debajo de temperatura, primeras piezas con rebaba",M. Ocampo
2026-02-13,15:48,tarde,L3,ENV-500,HMI,Alarma HMI,alarma de dosificador,L. Betancur
2026-02-13,16:55,tarde,L3,ENV-500,HMI,Arranque de turno,arranque con precalentamiento del molde,M. Ocampo
2026-02-13,16:56,tarde,L3,ENV-500,HMI,Inspección de calidad,revisión dimensional de rutina,M. Ocampo
2026-02-13,19:06,tarde,L3,ENV-500,Bitácora,Paro no programado,paro eléctrico breve,A. Quintero
2026-02-13,19:44,tarde,L3,ENV-500,HMI,Alarma HMI,alarma de temperatura de zona 3,M. Ocampo
2026-02-13,22:08,noche,L3,ENV-500,HMI,Ajuste de proceso,ajuste de contrapresión,D. Valencia
2026-02-13,22:43,noche,L2,TAP-38,Bitácora,Mantenimiento correctivo,cambio de resistencia de la zona 2,J. Peláez
2026-02-14,02:15,noche,L3,ENV-500,Bitácora,Ajuste de proceso,se bajó el tiempo de enfriamiento,D. Valencia
2026-02-14,04:54,noche,L3,ENV-500,Bitácora,Alarma HMI,alarma de dosificador,M. Ocampo
2026-02-14,06:48,mañana,L2,TAP-38,HMI,Arranque de turno,arranque normal del equipo,A. Quintero
2026-02-14,08:44,mañana,L1,ENV-1000,HMI,Ajuste de proceso,se corrigió el perfil de temperaturas,M. Ocampo
2026-02-14,08:44,mañana,L2,TAP-38,Bitácora,Ajuste de proceso,se corrigió el perfil de temperaturas,M. Ocampo
2026-02-14,09:52,mañana,L2,TAP-38,Bitácora,Paro no programado,paro por falta de resina en tolva,D. Valencia
2026-02-14,10:09,mañana,L1,ENV-1000,Bitácora,Ajuste de proceso,ajuste de contrapresión,C. Ramírez
2026-02-14,10:14,mañana,L2,TAP-38,HMI,Inspección de calidad,muestreo de peso conforme al plan,C. Ramírez
2026-02-14,10:49,mañana,L1,ENV-1000,HMI,Ajuste de proceso,se bajó el tiempo de enfriamiento,A. Quintero
2026-02-14,11:01,mañana,L1,ENV-1000,HMI,Ajuste de proceso,ajuste de contrapresión,A. Quintero
2026-02-14,12:55,mañana,L2,TAP-38,Bitácora,Inspección de calidad,revisión dimensional de rutina,D. Valencia
2026-02-14,13:04,mañana,L3,ENV-500,HMI,Arranque de turno,arranque normal del equipo,L. Betancur
2026-02-14,13:53,mañana,L3,ENV-500,Bitácora,Inspección de calidad,muestreo de peso conforme al plan,A. Quintero
2026-02-14,14:43,tarde,L1,ENV-1000,Bitácora,Inspección de calidad,muestreo de peso conforme al plan,A. Quintero
2026-02-14,14:46,tarde,L2,TAP-38,HMI,Mantenimiento correctivo,ajuste de cierre del molde,L. Betancur
2026-02-14,15:13,tarde,L1,ENV-1000,Bitácora,Paro no programado,paro eléctrico breve,D. Valencia
2026-02-14,16:20,tarde,L2,TAP-38,HMI,Alarma HMI,presión de inyección fuera de banda,L. Betancur
2026-02-14,17:16,tarde,L1,ENV-1000,HMI,Arranque de turno,arranque con precalentamiento del molde,C. Ramírez
2026-02-14,17:37,tarde,L3,ENV-500,HMI,Arranque de turno,arranque normal del equipo,A. Quintero
2026-02-14,17:51,tarde,L2,TAP-38,Bitácora,Inspección de calidad,muestreo de peso conforme al plan,M. Ocampo
2026-02-14,17:55,tarde,L3,ENV-500,HMI,Paro no programado,paro eléctrico breve,A. Quintero
2026-02-14,18:43,tarde,L3,ENV-500,HMI,Paro no programado,paro por atasco en la banda de salida,J. Peláez
2026-02-14,20:13,tarde,L1,ENV-1000,HMI,Ajuste de proceso,se bajó el tiempo de enfriamiento,D. Valencia
2026-02-14,20:14,tarde,L3,ENV-500,Bitácora,Arranque de turno,arranque con precalentamiento del molde,D. Valencia
2026-02-14,22:14,noche,L3,ENV-500,HMI,Ajuste de proceso,se corrigió el perfil de temperaturas,D. Valencia
2026-02-14,22:28,noche,L3,ENV-500,HMI,Ajuste de proceso,ajuste de contrapresión,J. Peláez
2026-02-15,00:30,noche,L2,TAP-38,HMI,Arranque de turno,arranque normal del equipo,L. Betancur
2026-02-15,00:30,noche,L3,ENV-500,HMI,Paro no programado,paro por falta de resina en tolva,D. Valencia
2026-02-15,00:44,noche,L1,ENV-1000,HMI,Mantenimiento correctivo,ajuste de cierre del molde,J. Peláez
2026-02-15,00:45,noche,L3,ENV-500,HMI,Alarma HMI,alarma de temperatura de zona 3,L. Betancur
2026-02-15,01:00,noche,L1,ENV-1000,Bitácora,Ajuste de proceso,se bajó el tiempo de enfriamiento,A. Quintero
2026-02-15,01:27,noche,L2,TAP-38,HMI,Arranque de turno,arranque normal del equipo,D. Valencia
2026-02-15,02:47,noche,L2,TAP-38,HMI,Ajuste de proceso,ajuste de contrapresión,C. Ramírez
2026-02-15,04:01,noche,L1,ENV-1000,Bitácora,Inspección de calidad,revisión dimensional de rutina,A. Quintero
2026-02-15,06:01,mañana,L3,ENV-500,Bitácora,Ajuste de proceso,se corrigió el perfil de temperaturas,L. Betancur
2026-02-15,07:48,mañana,L2,TAP-38,HMI,Arranque de turno,arranque con precalentamiento del molde,J. Peláez
2026-02-15,08:01,mañana,L2,TAP-38,HMI,Mantenimiento correctivo,cambio de resistencia de la zona 2,D. Valencia
2026-02-15,08:43,mañana,L3,ENV-500,HMI,Arranque de turno,arranque con precalentamiento del molde,L. Betancur
2026-02-15,09:03,mañana,L2,TAP-38,Bitácora,Alarma HMI,alarma de temperatura de zona 3,M. Ocampo
2026-02-15,09:10,mañana,L2,TAP-38,HMI,Arranque de turno,arranque normal del equipo,J. Peláez
2026-02-15,11:55,mañana,L3,ENV-500,HMI,Alarma HMI,presión de inyección fuera de banda,A. Quintero
2026-02-15,15:41,tarde,L1,ENV-1000,Bitácora,Ajuste de proceso,se bajó el tiempo de enfriamiento,C. Ramírez
2026-02-15,16:35,tarde,L1,ENV-1000,HMI,Ajuste de proceso,se corrigió el perfil de temperaturas,J. Peláez
2026-02-15,16:48,tarde,L3,ENV-500,HMI,Mantenimiento correctivo,ajuste de cierre del molde,C. Ramírez
2026-02-15,19:22,tarde,L1,ENV-1000,HMI,Arranque de turno,"el molde arrancó por debajo de temperatura, primeras piezas con rebaba",A. Quintero
2026-02-15,19:29,tarde,L1,ENV-1000,Bitácora,Arranque de turno,arranque con precalentamiento del molde,C. Ramírez
2026-02-15,19:51,tarde,L3,ENV-500,Bitácora,Alarma HMI,alarma de dosificador,C. Ramírez
2026-02-15,22:08,noche,L1,ENV-1000,HMI,Arranque de turno,"el molde arrancó por debajo de temperatura, primeras piezas con rebaba",L. Betancur
2026-02-15,22:44,noche,L2,TAP-38,Bitácora,Arranque de turno,"el molde arrancó por debajo de temperatura, primeras piezas con rebaba",D. Valencia
2026-02-15,22:51,noche,L2,TAP-38,HMI,Alarma HMI,presión de inyección fuera de banda,D. Valencia
2026-02-15,23:07,noche,L1,ENV-1000,HMI,Ajuste de proceso,ajuste de contrapresión,M. Ocampo
2026-02-16,00:02,noche,L1,ENV-1000,HMI,Inspección de calidad,revisión dimensional de rutina,L. Betancur
2026-02-16,01:58,noche,L3,ENV-500,Bitácora,Paro no programado,paro por atasco en la banda de salida,A. Quintero
2026-02-16,02:09,noche,L1,ENV-1000,Bitácora,Mantenimiento correctivo,ajuste de cierre del molde,A. Quintero
2026-02-16,03:14,noche,L2,BAN-250,Bitácora,Alarma HMI,falla de sensor de posición del husillo,A. Quintero
2026-02-16,03:52,noche,L1,ENV-1000,HMI,Paro no programado,paro eléctrico breve,C. Ramírez
2026-02-16,04:43,noche,L3,ENV-500,Bitácora,Arranque de turno,arranque con precalentamiento del molde,M. Ocampo
2026-02-16,07:35,mañana,L3,ENV-500,Bitácora,Mantenimiento correctivo,cambio de resistencia de la zona 2,D. Valencia
2026-02-16,12:01,mañana,L3,ENV-500,HMI,Paro no programado,paro eléctrico breve,M. Ocampo
2026-02-16,14:04,tarde,L2,BAN-250,HMI,Paro no programado,paro por falta de resina en tolva,C. Ramírez
2026-02-16,14:34,tarde,L2,BAN-250,HMI,Mantenimiento correctivo,ajuste de cierre del molde,C. Ramírez
2026-02-16,15:39,tarde,L2,BAN-250,HMI,Arranque de turno,arranque normal del equipo,L. Betancur
2026-02-16,16:16,tarde,L3,ENV-500,Bitácora,Arranque de turno,"el molde arrancó por debajo de temperatura, primeras piezas con rebaba",C. Ramírez
2026-02-16,17:07,tarde,L2,BAN-250,Bitácora,Inspección de calidad,muestreo de peso conforme al plan,C. Ramírez
2026-02-16,19:08,tarde,L1,ENV-1000,HMI,Mantenimiento correctivo,ajuste de cierre del molde,L. Betancur
2026-02-16,19:31,tarde,L3,ENV-500,Bitácora,Paro no programado,paro por falta de resina en tolva,J. Peláez
2026-02-16,20:42,tarde,L1,ENV-1000,Bitácora,Paro no programado,paro eléctrico breve,C. Ramírez
2026-02-16,21:20,tarde,L3,ENV-500,HMI,Paro no programado,paro por falta de resina en tolva,D. Valencia
2026-02-16,22:02,noche,L1,ENV-1000,HMI,Arranque de turno,arranque normal del equipo,J. Peláez
2026-02-16,22:06,noche,L2,BAN-250,Bitácora,Paro no programado,paro eléctrico breve,L. Betancur
2026-02-16,22:09,noche,L3,ENV-500,HMI,Arranque de turno,arranque con precalentamiento del molde,J. Peláez
2026-02-16,22:19,noche,L1,ENV-1000,HMI,Mantenimiento correctivo,ajuste de cierre del molde,M. Ocampo
2026-02-16,22:46,noche,L2,BAN-250,Bitácora,Mantenimiento correctivo,cambio de resistencia de la zona 2,C. Ramírez
2026-02-16,22:55,noche,L3,ENV-500,HMI,Arranque de turno,"el molde arrancó por debajo de temperatura, primeras piezas con rebaba",L. Betancur
2026-02-17,02:01,noche,L1,ENV-500,HMI,Arranque de turno,"el molde arrancó por debajo de temperatura, primeras piezas con rebaba",D. Valencia
2026-02-17,07:45,mañana,L2,BAN-250,Bitácora,Mantenimiento correctivo,cambio de resistencia de la zona 2,D. Valencia
2026-02-17,08:18,mañana,L2,BAN-250,Bitácora,Inspección de calidad,revisión dimensional de rutina,C. Ramírez
2026-02-17,08:20,mañana,L2,BAN-250,HMI,Mantenimiento correctivo,cambio de resistencia de la zona 2,J. Peláez
2026-02-17,08:59,mañana,L3,ENV-500,HMI,Paro no programado,paro por atasco en la banda de salida,C. Ramírez
2026-02-17,09:14,mañana,L3,ENV-500,HMI,Ajuste de proceso,se corrigió el perfil de temperaturas,J. Peláez
2026-02-17,11:11,mañana,L2,BAN-250,HMI,Ajuste de proceso,se bajó el tiempo de enfriamiento,D. Valencia
2026-02-17,11:38,mañana,L2,BAN-250,Bitácora,Mantenimiento correctivo,ajuste de cierre del molde,A. Quintero
2026-02-17,12:54,mañana,L3,ENV-500,HMI,Inspección de calidad,revisión dimensional de rutina,A. Quintero
2026-02-17,15:30,tarde,L1,ENV-500,HMI,Mantenimiento correctivo,ajuste de cierre del molde,A. Quintero
2026-02-17,16:56,tarde,L1,ENV-500,Bitácora,Mantenimiento correctivo,ajuste de cierre del molde,L. Betancur
2026-02-17,17:32,tarde,L2,BAN-250,HMI,Alarma HMI,falla de sensor de posición del husillo,D. Valencia
2026-02-17,17:52,tarde,L1,ENV-500,HMI,Paro no programado,paro por atasco en la banda de salida,C. Ramírez
2026-02-17,19:32,tarde,L2,BAN-250,Bitácora,Arranque de turno,arranque normal del equipo,D. Valencia
2026-02-17,21:08,tarde,L2,BAN-250,HMI,Ajuste de proceso,ajuste de contrapresión,L. Betancur
2026-02-17,22:41,noche,L1,ENV-500,HMI,Arranque de turno,"el molde arrancó por debajo de temperatura, primeras piezas con rebaba",C. Ramírez
2026-02-17,23:01,noche,L2,BAN-250,HMI,Mantenimiento correctivo,cambio de resistencia de la zona 2,L. Betancur
2026-02-17,23:52,noche,L2,BAN-250,Bitácora,Ajuste de proceso,ajuste de contrapresión,M. Ocampo
2026-02-18,00:05,noche,L1,ENV-500,HMI,Mantenimiento correctivo,cambio de resistencia de la zona 2,C. Ramírez
2026-02-18,01:10,noche,L1,ENV-500,HMI,Inspección de calidad,revisión dimensional de rutina,C. Ramírez
2026-02-18,01:34,noche,L1,ENV-500,HMI,Alarma HMI,alarma de dosificador,A. Quintero
2026-02-18,01:41,noche,L2,BAN-250,HMI,Alarma HMI,alarma de dosificador,D. Valencia
2026-02-18,01:44,noche,L2,BAN-250,HMI,Ajuste de proceso,ajuste de contrapresión,C. Ramírez
2026-02-18,05:27,noche,L2,BAN-250,HMI,Paro no programado,paro por atasco en la banda de salida,D. Valencia
2026-02-18,05:35,noche,L1,ENV-500,HMI,Inspección de calidad,muestreo de peso conforme al plan,M. Ocampo
2026-02-18,05:50,noche,L2,BAN-250,HMI,Paro no programado,paro eléctrico breve,L. Betancur
2026-02-18,06:24,mañana,L1,ENV-500,Bitácora,Mantenimiento correctivo,cambio de resistencia de la zona 2,D. Valencia
2026-02-18,08:18,mañana,L1,ENV-500,HMI,Paro no programado,paro por atasco en la banda de salida,L. Betancur
2026-02-18,09:04,mañana,L1,ENV-500,HMI,Alarma HMI,alarma de temperatura de zona 3,J. Peláez
2026-02-18,09:33,mañana,L3,ENV-500,HMI,Paro no programado,paro por atasco en la banda de salida,A. Quintero
2026-02-18,11:22,mañana,L3,ENV-500,HMI,Mantenimiento correctivo,cambio de resistencia de la zona 2,M. Ocampo
2026-02-18,11:50,mañana,L1,ENV-500,Bitácora,Paro no programado,paro por falta de resina en tolva,D. Valencia
2026-02-18,12:11,mañana,L3,ENV-500,HMI,Alarma HMI,alarma de dosificador,C. Ramírez
2026-02-18,13:36,mañana,L1,ENV-500,Bitácora,Mantenimiento correctivo,ajuste de cierre del molde,M. Ocampo
2026-02-18,14:18,tarde,L2,BAN-250,HMI,Alarma HMI,alarma de dosificador,J. Peláez
2026-02-18,14:54,tarde,L3,ENV-500,HMI,Ajuste de proceso,se bajó el tiempo de enfriamiento,J. Peláez
2026-02-18,15:42,tarde,L2,BAN-250,HMI,Arranque de turno,arranque con precalentamiento del molde,C. Ramírez
2026-02-18,16:06,tarde,L3,ENV-500,HMI,Alarma HMI,presión de inyección fuera de banda,A. Quintero
2026-02-18,16:17,tarde,L3,ENV-500,HMI,Ajuste de proceso,ajuste de contrapresión,M. Ocampo
2026-02-18,17:11,tarde,L1,ENV-500,HMI,Inspección de calidad,revisión dimensional de rutina,D. Valencia
2026-02-18,20:10,tarde,L2,BAN-250,Bitácora,Ajuste de proceso,se corrigió el perfil de temperaturas,A. Quintero
2026-02-18,20:29,tarde,L3,ENV-500,Bitácora,Alarma HMI,alarma de temperatura de zona 3,M. Ocampo
2026-02-18,20:48,tarde,L2,BAN-250,Bitácora,Ajuste de proceso,se bajó el tiempo de enfriamiento,A. Quintero
2026-02-18,20:57,tarde,L1,ENV-500,HMI,Mantenimiento correctivo,cambio de resistencia de la zona 2,C. Ramírez
2026-02-18,21:12,tarde,L1,ENV-500,Bitácora,Alarma HMI,presión de inyección fuera de banda,D. Valencia
2026-02-18,21:33,tarde,L1,ENV-500,HMI,Inspección de calidad,muestreo de peso conforme al plan,D. Valencia
2026-02-18,22:15,noche,L2,BAN-250,HMI,Alarma HMI,alarma de dosificador,A. Quintero
2026-02-19,00:08,noche,L3,ENV-500,HMI,Inspección de calidad,muestreo de peso conforme al plan,D. Valencia
2026-02-19,02:53,noche,L3,ENV-500,Bitácora,Ajuste de proceso,se corrigió el perfil de temperaturas,J. Peláez
2026-02-19,03:28,noche,L2,BAN-250,Bitácora,Paro no programado,paro por atasco en la banda de salida,D. Valencia
2026-02-19,03:44,noche,L1,ENV-500,HMI,Paro no programado,paro por falta de resina en tolva,J. Peláez
2026-02-19,04:37,noche,L1,ENV-500,HMI,Ajuste de proceso,se bajó el tiempo de enfriamiento,A. Quintero
2026-02-19,05:48,noche,L2,BAN-250,Bitácora,Mantenimiento correctivo,cambio de resistencia de la zona 2,J. Peláez
2026-02-19,06:37,mañana,L2,BAN-250,Bitácora,Inspección de calidad,muestreo de peso conforme al plan,C. Ramírez
2026-02-19,07:42,mañana,L3,ENV-500,HMI,Alarma HMI,presión de inyección fuera de banda,A. Quintero
2026-02-19,07:52,mañana,L3,ENV-500,HMI,Alarma HMI,alarma de temperatura de zona 3,M. Ocampo
2026-02-19,08:58,mañana,L3,ENV-500,Bitácora,Inspección de calidad,muestreo de peso conforme al plan,A. Quintero
2026-02-19,11:22,mañana,L3,ENV-500,Bitácora,Alarma HMI,falla de sensor de posición del husillo,M. Ocampo
2026-02-19,12:00,mañana,L3,ENV-500,HMI,Inspección de calidad,muestreo de peso conforme al plan,M. Ocampo
2026-02-19,13:56,mañana,L2,BAN-250,HMI,Ajuste de proceso,ajuste de contrapresión,M. Ocampo
2026-02-19,14:28,tarde,L1,ENV-500,HMI,Alarma HMI,alarma de dosificador,J. Peláez
2026-02-19,18:10,tarde,L3,ENV-500,HMI,Inspección de calidad,muestreo de peso conforme al plan,C. Ramírez
2026-02-19,18:25,tarde,L3,ENV-500,Bitácora,Inspección de calidad,revisión dimensional de rutina,C. Ramírez
2026-02-19,18:25,tarde,L3,ENV-500,HMI,Inspección de calidad,revisión dimensional de rutina,C. Ramírez
2026-02-19,20:32,tarde,L1,ENV-500,Bitácora,Arranque de turno,"el molde arrancó por debajo de temperatura, primeras piezas con rebaba",J. Peláez
2026-02-19,21:02,tarde,L2,BAN-250,HMI,Paro no programado,paro eléctrico breve,L. Betancur
2026-02-19,21:10,tarde,L1,ENV-500,Bitácora,Arranque de turno,"el molde arrancó por debajo de temperatura, primeras piezas con rebaba",C. Ramírez
2026-02-19,21:13,tarde,L2,BAN-250,Bitácora,Ajuste de proceso,ajuste de contrapresión,A. Quintero
2026-02-20,00:10,noche,L2,TAP-38,Bitácora,Arranque de turno,"el molde arrancó por debajo de temperatura, primeras piezas con rebaba",D. Valencia
2026-02-20,00:39,noche,L2,TAP-38,HMI,Alarma HMI,falla de sensor de posición del husillo,D. Valencia
2026-02-20,01:59,noche,L2,TAP-38,Bitácora,Paro no programado,paro por falta de resina en tolva,C. Ramírez
2026-02-20,04:07,noche,L2,TAP-38,HMI,Alarma HMI,falla de sensor de posición del husillo,M. Ocampo
2026-02-20,06:39,mañana,L2,TAP-38,Bitácora,Ajuste de proceso,ajuste de contrapresión,J. Peláez
2026-02-20,06:40,mañana,L2,TAP-38,HMI,Paro no programado,paro por atasco en la banda de salida,J. Peláez
2026-02-20,06:59,mañana,L1,ENV-500,HMI,Alarma HMI,presión de inyección fuera de banda,L. Betancur
2026-02-20,09:28,mañana,L1,ENV-500,Bitácora,Alarma HMI,presión de inyección fuera de banda,A. Quintero
2026-02-20,11:28,mañana,L1,ENV-500,HMI,Paro no programado,paro eléctrico breve,L. Betancur
2026-02-20,11:38,mañana,L1,ENV-500,Bitácora,Arranque de turno,arranque normal del equipo,J. Peláez
2026-02-20,11:49,mañana,L2,TAP-38,HMI,Alarma HMI,presión de inyección fuera de banda,A. Quintero
2026-02-20,12:48,mañana,L1,ENV-500,HMI,Ajuste de proceso,se bajó el tiempo de enfriamiento,C. Ramírez
2026-02-20,13:40,mañana,L2,TAP-38,Bitácora,Ajuste de proceso,se corrigió el perfil de temperaturas,M. Ocampo
2026-02-20,13:54,mañana,L2,TAP-38,HMI,Arranque de turno,arranque normal del equipo,M. Ocampo
2026-02-20,14:06,tarde,L1,ENV-500,HMI,Alarma HMI,falla de sensor de posición del husillo,A. Quintero
2026-02-20,15:14,tarde,L2,TAP-38,Bitácora,Ajuste de proceso,ajuste de contrapresión,M. Ocampo
2026-02-20,15:41,tarde,L2,TAP-38,HMI,Alarma HMI,alarma de dosificador,J. Peláez
2026-02-20,16:56,tarde,L1,ENV-500,Bitácora,Mantenimiento correctivo,ajuste de cierre del molde,C. Ramírez
2026-02-20,17:01,tarde,L1,ENV-500,Bitácora,Mantenimiento correctivo,ajuste de cierre del molde,D. Valencia
2026-02-20,18:27,tarde,L2,TAP-38,HMI,Ajuste de proceso,se corrigió el perfil de temperaturas,A. Quintero
2026-02-20,19:09,tarde,L2,TAP-38,Bitácora,Inspección de calidad,muestreo de peso conforme al plan,J. Peláez
2026-02-20,19:38,tarde,L2,TAP-38,Bitácora,Inspección de calidad,muestreo de peso conforme al plan,C. Ramírez
2026-02-20,21:13,tarde,L1,ENV-500,HMI,Paro no programado,paro eléctrico breve,J. Peláez
2026-02-20,21:51,tarde,L1,ENV-500,HMI,Paro no programado,paro por atasco en la banda de salida,L. Betancur
2026-02-21,00:00,noche,L2,TAP-38,HMI,Alarma HMI,falla de sensor de posición del husillo,J. Peláez
2026-02-21,00:34,noche,L3,GAL-3800,HMI,Inspección de calidad,revisión dimensional de rutina,D. Valencia
2026-02-21,00:49,noche,L3,GAL-3800,Bitácora,Paro no programado,paro eléctrico breve,M. Ocampo
2026-02-21,04:52,noche,L2,TAP-38,HMI,Mantenimiento correctivo,ajuste de cierre del molde,A. Quintero
2026-02-21,08:36,mañana,L2,TAP-38,HMI,Ajuste de proceso,se corrigió el perfil de temperaturas,J. Peláez
2026-02-21,08:52,mañana,L1,ENV-1000,HMI,Ajuste de proceso,se bajó el tiempo de enfriamiento,A. Quintero
2026-02-21,09:23,mañana,L1,ENV-1000,Bitácora,Ajuste de proceso,ajuste de contrapresión,L. Betancur
2026-02-21,09:57,mañana,L2,TAP-38,HMI,Arranque de turno,"el molde arrancó por debajo de temperatura, primeras piezas con rebaba",C. Ramírez
2026-02-21,11:12,mañana,L1,ENV-1000,Bitácora,Paro no programado,paro por atasco en la banda de salida,A. Quintero
2026-02-21,11:19,mañana,L1,ENV-1000,HMI,Alarma HMI,falla de sensor de posición del husillo,J. Peláez
2026-02-21,12:52,mañana,L2,TAP-38,HMI,Paro no programado,paro por atasco en la banda de salida,L. Betancur
2026-02-21,13:27,mañana,L1,ENV-1000,Bitácora,Arranque de turno,arranque normal del equipo,A. Quintero
2026-02-21,14:04,tarde,L3,GAL-3800,Bitácora,Ajuste de proceso,se corrigió el perfil de temperaturas,D. Valencia
2026-02-21,15:24,tarde,L1,ENV-1000,Bitácora,Inspección de calidad,muestreo de peso conforme al plan,A. Quintero
2026-02-21,15:45,tarde,L1,ENV-1000,Bitácora,Mantenimiento correctivo,ajuste de cierre del molde,J. Peláez
2026-02-21,17:18,tarde,L1,ENV-1000,HMI,Alarma HMI,falla de sensor de posición del husillo,D. Valencia
2026-02-21,18:18,tarde,L1,ENV-1000,HMI,Arranque de turno,arranque normal del equipo,L. Betancur
2026-02-21,18:43,tarde,L3,GAL-3800,HMI,Paro no programado,paro eléctrico breve,L. Betancur
2026-02-21,22:22,noche,L2,TAP-38,HMI,Paro no programado,paro por falta de resina en tolva,C. Ramírez
2026-02-21,23:11,noche,L2,TAP-38,Bitácora,Inspección de calidad,revisión dimensional de rutina,L. Betancur
2026-02-21,23:30,noche,L2,TAP-38,HMI,Ajuste de proceso,se corrigió el perfil de temperaturas,A. Quintero
2026-02-22,00:33,noche,L1,ENV-1000,HMI,Mantenimiento correctivo,cambio de resistencia de la zona 2,M. Ocampo
2026-02-22,02:00,noche,L1,ENV-1000,HMI,Ajuste de proceso,ajuste de contrapresión,M. Ocampo
2026-02-22,06:36,mañana,L1,ENV-1000,Bitácora,Ajuste de proceso,se bajó el tiempo de enfriamiento,L. Betancur
2026-02-22,08:55,mañana,L1,ENV-1000,Bitácora,Inspección de calidad,muestreo de peso conforme al plan,J. Peláez
2026-02-22,09:37,mañana,L2,TAP-38,HMI,Arranque de turno,"el molde arrancó por debajo de temperatura, primeras piezas con rebaba",M. Ocampo
2026-02-22,11:14,mañana,L2,TAP-38,Bitácora,Arranque de turno,"el molde arrancó por debajo de temperatura, primeras piezas con rebaba",L. Betancur
2026-02-22,11:28,mañana,L1,ENV-1000,HMI,Mantenimiento correctivo,ajuste de cierre del molde,L. Betancur
2026-02-22,11:33,mañana,L2,TAP-38,HMI,Mantenimiento correctivo,cambio de resistencia de la zona 2,A. Quintero
2026-02-22,11:50,mañana,L2,TAP-38,HMI,Mantenimiento correctivo,ajuste de cierre del molde,L. Betancur
2026-02-22,12:15,mañana,L1,ENV-1000,HMI,Mantenimiento correctivo,ajuste de cierre del molde,L. Betancur
2026-02-22,13:52,mañana,L1,ENV-1000,HMI,Arranque de turno,"el molde arrancó por debajo de temperatura, primeras piezas con rebaba",A. Quintero
2026-02-22,16:02,tarde,L2,TAP-38,HMI,Alarma HMI,presión de inyección fuera de banda,D. Valencia
2026-02-22,17:01,tarde,L2,TAP-38,Bitácora,Inspección de calidad,revisión dimensional de rutina,M. Ocampo
2026-02-23,02:22,noche,L2,TAP-38,HMI,Mantenimiento correctivo,ajuste de cierre del molde,C. Ramírez
2026-02-23,04:13,noche,L3,GAL-3800,HMI,Alarma HMI,alarma de dosificador,J. Peláez
2026-02-23,04:20,noche,L1,ENV-1000,Bitácora,Inspección de calidad,muestreo de peso conforme al plan,L. Betancur
2026-02-23,04:37,noche,L1,ENV-1000,Bitácora,Arranque de turno,arranque normal del equipo,J. Peláez
2026-02-23,06:17,mañana,L3,GAL-3800,HMI,Inspección de calidad,revisión dimensional de rutina,A. Quintero
2026-02-23,07:59,mañana,L3,GAL-3800,Bitácora,Paro no programado,paro por falta de resina en tolva,M. Ocampo
2026-02-23,08:13,mañana,L3,GAL-3800,HMI,Alarma HMI,presión de inyección fuera de banda,C. Ramírez
2026-02-23,17:25,tarde,L2,TAP-38,Bitácora,Ajuste de proceso,se corrigió el perfil de temperaturas,A. Quintero
2026-02-23,17:42,tarde,L2,TAP-38,HMI,Ajuste de proceso,se corrigió el perfil de temperaturas,J. Peláez
2026-02-23,17:57,tarde,L3,GAL-3800,HMI,Inspección de calidad,muestreo de peso conforme al plan,J. Peláez
2026-02-23,18:03,tarde,L2,TAP-38,Bitácora,Inspección de calidad,muestreo de peso conforme al plan,C. Ramírez
2026-02-23,18:21,tarde,L3,GAL-3800,HMI,Mantenimiento correctivo,cambio de resistencia de la zona 2,D. Valencia
2026-02-23,19:16,tarde,L2,TAP-38,Bitácora,Inspección de calidad,muestreo de peso conforme al plan,A. Quintero
2026-02-23,19:40,tarde,L1,ENV-1000,HMI,Arranque de turno,arranque normal del equipo,M. Ocampo
2026-02-23,19:56,tarde,L2,TAP-38,HMI,Paro no programado,paro por atasco en la banda de salida,A. Quintero
2026-02-23,19:57,tarde,L3,GAL-3800,HMI,Inspección de calidad,revisión dimensional de rutina,A. Quintero
2026-02-23,20:29,tarde,L1,ENV-1000,Bitácora,Paro no programado,paro eléctrico breve,J. Peláez
2026-02-23,21:16,tarde,L3,GAL-3800,Bitácora,Ajuste de proceso,se corrigió el perfil de temperaturas,J. Peláez
2026-02-23,22:23,noche,L3,GAL-3800,HMI,Alarma HMI,falla de sensor de posición del husillo,C. Ramírez
2026-02-23,22:27,noche,L3,GAL-3800,HMI,Arranque de turno,arranque con precalentamiento del molde,L. Betancur
2026-02-23,23:05,noche,L2,TAP-38,HMI,Inspección de calidad,muestreo de peso conforme al plan,L. Betancur
2026-02-23,23:10,noche,L1,ENV-1000,Bitácora,Arranque de turno,"el molde arrancó por debajo de temperatura, primeras piezas con rebaba",C. Ramírez
2026-02-23,23:45,noche,L3,GAL-3800,Bitácora,Mantenimiento correctivo,cambio de resistencia de la zona 2,J. Peláez
2026-02-24,00:08,noche,L2,TAP-38,Bitácora,Mantenimiento correctivo,cambio de resistencia de la zona 2,J. Peláez
2026-02-24,03:40,noche,L2,TAP-38,HMI,Arranque de turno,arranque con precalentamiento del molde,D. Valencia
2026-02-24,03:41,noche,L3,GAL-3800,HMI,Alarma HMI,presión de inyección fuera de banda,L. Betancur
2026-02-24,04:00,noche,L3,GAL-3800,HMI,Alarma HMI,alarma de temperatura de zona 3,A. Quintero
2026-02-24,04:41,noche,L3,GAL-3800,HMI,Ajuste de proceso,ajuste de contrapresión,L. Betancur
2026-02-24,06:27,mañana,L2,TAP-38,Bitácora,Inspección de calidad,muestreo de peso conforme al plan,J. Peláez
2026-02-24,06:32,mañana,L3,GAL-3800,Bitácora,Arranque de turno,arranque normal del equipo,C. Ramírez
2026-02-24,07:04,mañana,L3,GAL-3800,Bitácora,Alarma HMI,falla de sensor de posición del husillo,J. Peláez
2026-02-24,08:10,mañana,L3,GAL-3800,HMI,Alarma HMI,alarma de dosificador,D. Valencia
2026-02-24,08:19,mañana,L2,TAP-38,HMI,Alarma HMI,presión de inyección fuera de banda,A. Quintero
2026-02-24,08:27,mañana,L2,TAP-38,Bitácora,Inspección de calidad,muestreo de peso conforme al plan,J. Peláez
2026-02-24,10:19,mañana,L3,GAL-3800,HMI,Paro no programado,paro por falta de resina en tolva,J. Peláez
2026-02-24,11:18,mañana,L2,TAP-38,Bitácora,Arranque de turno,arranque con precalentamiento del molde,D. Valencia
2026-02-24,14:29,tarde,L3,GAL-3800,Bitácora,Paro no programado,paro por falta de resina en tolva,D. Valencia
2026-02-24,17:18,tarde,L3,GAL-3800,Bitácora,Arranque de turno,arranque normal del equipo,M. Ocampo
2026-02-25,00:45,noche,L3,GAL-3800,Bitácora,Mantenimiento correctivo,ajuste de cierre del molde,J. Peláez
2026-02-25,01:08,noche,L3,GAL-3800,Bitácora,Arranque de turno,"el molde arrancó por debajo de temperatura, primeras piezas con rebaba",D. Valencia
2026-02-25,03:10,noche,L3,GAL-3800,HMI,Arranque de turno,"el molde arrancó por debajo de temperatura, primeras piezas con rebaba",M. Ocampo
2026-02-25,05:53,noche,L3,GAL-3800,Bitácora,Ajuste de proceso,se corrigió el perfil de temperaturas,C. Ramírez
2026-02-25,08:06,mañana,L3,GAL-3800,Bitácora,Alarma HMI,falla de sensor de posición del husillo,C. Ramírez
2026-02-25,08:41,mañana,L3,GAL-3800,HMI,Mantenimiento correctivo,ajuste de cierre del molde,C. Ramírez
2026-02-25,09:07,mañana,L3,GAL-3800,HMI,Arranque de turno,"el molde arrancó por debajo de temperatura, primeras piezas con rebaba",C. Ramírez
2026-02-25,09:52,mañana,L1,ENV-1000,HMI,Arranque de turno,arranque normal del equipo,D. Valencia
2026-02-25,10:22,mañana,L3,GAL-3800,HMI,Arranque de turno,arranque con precalentamiento del molde,C. Ramírez
2026-02-25,11:46,mañana,L1,ENV-1000,HMI,Inspección de calidad,muestreo de peso conforme al plan,D. Valencia
2026-02-25,11:52,mañana,L3,GAL-3800,Bitácora,Paro no programado,paro por falta de resina en tolva,J. Peláez
2026-02-25,12:12,mañana,L1,ENV-1000,HMI,Alarma HMI,falla de sensor de posición del husillo,A. Quintero
2026-02-25,15:39,tarde,L3,GAL-3800,HMI,Inspección de calidad,revisión dimensional de rutina,J. Peláez
2026-02-25,16:05,tarde,L3,GAL-3800,Bitácora,Inspección de calidad,revisión dimensional de rutina,C. Ramírez
2026-02-25,17:17,tarde,L3,GAL-3800,Bitácora,Ajuste de proceso,ajuste de contrapresión,L. Betancur
2026-02-25,17:44,tarde,L3,GAL-3800,HMI,Mantenimiento correctivo,cambio de resistencia de la zona 2,L. Betancur
2026-02-25,17:45,tarde,L3,GAL-3800,HMI,Inspección de calidad,muestreo de peso conforme al plan,J. Peláez
2026-02-25,22:03,noche,L3,GAL-3800,HMI,Alarma HMI,alarma de temperatura de zona 3,J. Peláez
2026-02-26,01:44,noche,L2,TAP-38,HMI,Arranque de turno,arranque con precalentamiento del molde,M. Ocampo
2026-02-26,02:12,noche,L3,GAL-3800,Bitácora,Arranque de turno,arranque con precalentamiento del molde,J. Peláez
2026-02-26,02:36,noche,L1,ENV-1000,HMI,Arranque de turno,arranque normal del equipo,D. Valencia
2026-02-26,03:14,noche,L3,GAL-3800,HMI,Alarma HMI,alarma de dosificador,M. Ocampo
2026-02-26,03:39,noche,L2,TAP-38,HMI,Alarma HMI,falla de sensor de posición del husillo,L. Betancur
2026-02-26,03:44,noche,L2,TAP-38,Bitácora,Inspección de calidad,muestreo de peso conforme al plan,D. Valencia
2026-02-26,04:34,noche,L2,TAP-38,Bitácora,Ajuste de proceso,ajuste de contrapresión,M. Ocampo
2026-02-26,05:17,noche,L3,GAL-3800,Bitácora,Arranque de turno,"el molde arrancó por debajo de temperatura, primeras piezas con rebaba",A. Quintero
2026-02-26,06:45,mañana,L3,GAL-3800,Bitácora,Alarma HMI,alarma de temperatura de zona 3,M. Ocampo
2026-02-26,08:54,mañana,L3,GAL-3800,Bitácora,Arranque de turno,arranque con precalentamiento del molde,D. Valencia
2026-02-26,11:35,mañana,L3,GAL-3800,HMI,Mantenimiento correctivo,cambio de resistencia de la zona 2,M. Ocampo
2026-02-26,11:49,mañana,L3,GAL-3800,Bitácora,Inspección de calidad,revisión dimensional de rutina,C. Ramírez
2026-02-26,15:28,tarde,L1,ENV-1000,HMI,Ajuste de proceso,se bajó el tiempo de enfriamiento,L. Betancur
2026-02-26,15:33,tarde,L3,GAL-3800,Bitácora,Mantenimiento correctivo,cambio de resistencia de la zona 2,C. Ramírez
2026-02-26,17:38,tarde,L2,TAP-38,HMI,Inspección de calidad,muestreo de peso conforme al plan,L. Betancur
2026-02-26,18:15,tarde,L1,ENV-1000,HMI,Mantenimiento correctivo,ajuste de cierre del molde,A. Quintero
2026-02-26,18:48,tarde,L2,TAP-38,Bitácora,Arranque de turno,arranque normal del equipo,J. Peláez
2026-02-26,18:49,tarde,L3,GAL-3800,Bitácora,Inspección de calidad,muestreo de peso conforme al plan,D. Valencia
2026-02-26,18:54,tarde,L3,GAL-3800,Bitácora,Alarma HMI,falla de sensor de posición del husillo,J. Peláez
2026-02-26,19:54,tarde,L3,GAL-3800,HMI,Inspección de calidad,muestreo de peso conforme al plan,A. Quintero
2026-02-26,20:05,tarde,L1,ENV-1000,HMI,Mantenimiento correctivo,cambio de resistencia de la zona 2,M. Ocampo
2026-02-26,21:37,tarde,L3,GAL-3800,HMI,Mantenimiento correctivo,cambio de resistencia de la zona 2,C. Ramírez
2026-02-26,22:01,noche,L1,ENV-1000,HMI,Arranque de turno,arranque normal del equipo,A. Quintero
2026-02-26,22:29,noche,L3,GAL-3800,HMI,Inspección de calidad,muestreo de peso conforme al plan,C. Ramírez
2026-02-26,23:55,noche,L1,ENV-1000,HMI,Inspección de calidad,muestreo de peso conforme al plan,A. Quintero
2026-02-27,03:01,noche,L2,BAN-250,HMI,Ajuste de proceso,ajuste de contrapresión,M. Ocampo
2026-02-27,03:04,noche,L1,ENV-1000,Bitácora,Paro no programado,paro por falta de resina en tolva,D. Valencia
2026-02-27,05:31,noche,L2,BAN-250,HMI,Arranque de turno,"el molde arrancó por debajo de temperatura, primeras piezas con rebaba",D. Valencia
2026-02-27,07:05,mañana,L2,BAN-250,HMI,Mantenimiento correctivo,cambio de resistencia de la zona 2,D. Valencia
2026-02-27,07:34,mañana,L2,BAN-250,HMI,Alarma HMI,presión de inyección fuera de banda,A. Quintero
2026-02-27,07:52,mañana,L2,BAN-250,HMI,Inspección de calidad,muestreo de peso conforme al plan,L. Betancur
2026-02-27,08:28,mañana,L1,ENV-1000,Bitácora,Ajuste de proceso,se bajó el tiempo de enfriamiento,L. Betancur
2026-02-27,08:44,mañana,L2,BAN-250,Bitácora,Inspección de calidad,muestreo de peso conforme al plan,A. Quintero
2026-02-27,10:40,mañana,L1,ENV-1000,HMI,Alarma HMI,alarma de temperatura de zona 3,J. Peláez
2026-02-27,11:43,mañana,L1,ENV-1000,HMI,Ajuste de proceso,ajuste de contrapresión,D. Valencia
2026-02-27,14:33,tarde,L1,ENV-1000,Bitácora,Arranque de turno,arranque con precalentamiento del molde,J. Peláez
2026-02-27,15:10,tarde,L1,ENV-1000,Bitácora,Alarma HMI,alarma de temperatura de zona 3,D. Valencia
2026-02-27,16:26,tarde,L1,ENV-1000,HMI,Arranque de turno,arranque normal del equipo,J. Peláez
2026-02-27,18:47,tarde,L2,BAN-250,HMI,Inspección de calidad,muestreo de peso conforme al plan,D. Valencia
2026-02-27,18:50,tarde,L1,ENV-1000,HMI,Paro no programado,paro eléctrico breve,C. Ramírez
2026-02-27,19:38,tarde,L2,BAN-250,Bitácora,Mantenimiento correctivo,ajuste de cierre del molde,J. Peláez
2026-02-27,20:31,tarde,L1,ENV-1000,Bitácora,Paro no programado,paro eléctrico breve,M. Ocampo
2026-02-27,23:17,noche,L1,ENV-1000,HMI,Arranque de turno,arranque con precalentamiento del molde,M. Ocampo
2026-02-27,23:47,noche,L2,BAN-250,HMI,Alarma HMI,presión de inyección fuera de banda,J. Peláez
2026-02-28,00:05,noche,L2,BAN-250,HMI,Inspección de calidad,muestreo de peso conforme al plan,D. Valencia
2026-02-28,00:10,noche,L1,ENV-500,HMI,Alarma HMI,falla de sensor de posición del husillo,D. Valencia
2026-02-28,00:10,noche,L3,ENV-500,HMI,Alarma HMI,falla de sensor de posición del husillo,C. Ramírez
2026-02-28,00:54,noche,L3,ENV-500,Bitácora,Arranque de turno,arranque con precalentamiento del molde,J. Peláez
2026-02-28,01:21,noche,L2,BAN-250,Bitácora,Mantenimiento correctivo,ajuste de cierre del molde,J. Peláez
2026-02-28,03:50,noche,L1,ENV-500,Bitácora,Arranque de turno,arranque normal del equipo,L. Betancur
2026-02-28,04:33,noche,L2,BAN-250,HMI,Arranque de turno,"el molde arrancó por debajo de temperatura, primeras piezas con rebaba",C. Ramírez
2026-02-28,06:11,mañana,L3,ENV-500,HMI,Mantenimiento correctivo,cambio de resistencia de la zona 2,A. Quintero
2026-02-28,06:33,mañana,L3,ENV-500,Bitácora,Inspección de calidad,muestreo de peso conforme al plan,M. Ocampo
2026-02-28,07:04,mañana,L3,ENV-500,HMI,Paro no programado,paro por falta de resina en tolva,L. Betancur
2026-02-28,08:36,mañana,L1,ENV-500,HMI,Alarma HMI,presión de inyección fuera de banda,M. Ocampo
2026-02-28,12:13,mañana,L1,ENV-500,HMI,Mantenimiento correctivo,ajuste de cierre del molde,M. Ocampo
2026-02-28,12:56,mañana,L2,BAN-250,HMI,Alarma HMI,alarma de temperatura de zona 3,J. Peláez
2026-02-28,12:59,mañana,L2,BAN-250,Bitácora,Arranque de turno,"el molde arrancó por debajo de temperatura, primeras piezas con rebaba",A. Quintero
2026-02-28,18:02,tarde,L3,ENV-500,HMI,Mantenimiento correctivo,ajuste de cierre del molde,A. Quintero
2026-02-28,19:12,tarde,L3,ENV-500,Bitácora,Inspección de calidad,muestreo de peso conforme al plan,M. Ocampo
2026-02-28,19:40,tarde,L3,ENV-500,Bitácora,Mantenimiento correctivo,cambio de resistencia de la zona 2,C. Ramírez
2026-02-28,20:35,tarde,L3,ENV-500,Bitácora,Paro no programado,paro por falta de resina en tolva,M. Ocampo
2026-02-28,20:41,tarde,L3,ENV-500,HMI,Inspección de calidad,muestreo de peso conforme al plan,C. Ramírez
2026-02-28,22:05,noche,L1,ENV-500,Bitácora,Mantenimiento correctivo,cambio de resistencia de la zona 2,M. Ocampo
2026-02-28,22:07,noche,L1,ENV-500,Bitácora,Arranque de turno,arranque normal del equipo,A. Quintero
2026-02-28,22:12,noche,L1,ENV-500,HMI,Mantenimiento correctivo,cambio de resistencia de la zona 2,A. Quintero
2026-02-28,22:44,noche,L2,BAN-250,Bitácora,Ajuste de proceso,se corrigió el perfil de temperaturas,D. Valencia
2026-02-28,23:19,noche,L2,BAN-250,HMI,Mantenimiento correctivo,cambio de resistencia de la zona 2,A. Quintero
2026-03-01,00:02,noche,L3,ENV-500,HMI,Mantenimiento correctivo,cambio de resistencia de la zona 2,C. Ramírez
2026-03-01,02:11,noche,L3,ENV-500,Bitácora,Alarma HMI,presión de inyección fuera de banda,J. Peláez
2026-03-01,03:28,noche,L3,ENV-500,HMI,Ajuste de proceso,se bajó el tiempo de enfriamiento,A. Quintero
2026-03-01,05:32,noche,L3,ENV-500,Bitácora,Paro no programado,paro por falta de resina en tolva,J. Peláez
2026-03-01,07:15,mañana,L1,ENV-500,HMI,Alarma HMI,presión de inyección fuera de banda,J. Peláez
2026-03-01,07:22,mañana,L2,BAN-250,HMI,Inspección de calidad,muestreo de peso conforme al plan,C. Ramírez
2026-03-01,07:55,mañana,L1,ENV-500,HMI,Ajuste de proceso,se bajó el tiempo de enfriamiento,L. Betancur
2026-03-01,08:13,mañana,L2,BAN-250,HMI,Paro no programado,paro por falta de resina en tolva,D. Valencia
2026-03-01,09:45,mañana,L2,BAN-250,Bitácora,Inspección de calidad,muestreo de peso conforme al plan,M. Ocampo
2026-03-01,11:16,mañana,L3,ENV-500,HMI,Paro no programado,paro por atasco en la banda de salida,M. Ocampo
2026-03-01,11:18,mañana,L2,BAN-250,Bitácora,Paro no programado,paro por falta de resina en tolva,M. Ocampo
2026-03-01,11:26,mañana,L3,ENV-500,HMI,Alarma HMI,falla de sensor de posición del husillo,C. Ramírez
2026-03-01,12:21,mañana,L1,ENV-500,Bitácora,Ajuste de proceso,ajuste de contrapresión,L. Betancur
2026-03-01,13:37,mañana,L1,ENV-500,HMI,Inspección de calidad,revisión dimensional de rutina,J. Peláez
2026-03-01,17:20,tarde,L2,BAN-250,HMI,Ajuste de proceso,se bajó el tiempo de enfriamiento,C. Ramírez
2026-03-01,17:26,tarde,L1,ENV-500,Bitácora,Mantenimiento correctivo,ajuste de cierre del molde,A. Quintero
2026-03-01,19:56,tarde,L2,BAN-250,HMI,Inspección de calidad,muestreo de peso conforme al plan,J. Peláez
2026-03-01,20:15,tarde,L2,BAN-250,HMI,Inspección de calidad,revisión dimensional de rutina,L. Betancur
2026-03-01,20:21,tarde,L3,ENV-500,HMI,Alarma HMI,falla de sensor de posición del husillo,D. Valencia
2026-03-01,20:43,tarde,L3,ENV-500,HMI,Inspección de calidad,muestreo de peso conforme al plan,C. Ramírez
2026-03-01,21:06,tarde,L1,ENV-500,HMI,Alarma HMI,alarma de temperatura de zona 3,L. Betancur
2026-03-01,21:15,tarde,L1,ENV-500,HMI,Arranque de turno,arranque con precalentamiento del molde,D. Valencia
2026-03-01,22:24,noche,L3,ENV-500,Bitácora,Mantenimiento correctivo,ajuste de cierre del molde,J. Peláez
2026-03-01,23:29,noche,L1,ENV-500,Bitácora,Alarma HMI,alarma de temperatura de zona 3,L. Betancur
2026-03-01,23:31,noche,L1,ENV-500,HMI,Arranque de turno,arranque con precalentamiento del molde,M. Ocampo
2026-03-02,00:09,noche,L1,ENV-500,HMI,Alarma HMI,alarma de dosificador,M. Ocampo
2026-03-02,01:45,noche,L1,ENV-500,HMI,Inspección de calidad,revisión dimensional de rutina,J. Peláez
2026-03-02,04:41,noche,L3,GAL-3800,HMI,Ajuste de proceso,se bajó el tiempo de enfriamiento,C. Ramírez
2026-03-02,05:11,noche,L1,ENV-500,HMI,Mantenimiento correctivo,ajuste de cierre del molde,M. Ocampo
2026-03-02,09:04,mañana,L3,GAL-3800,HMI,Inspección de calidad,revisión dimensional de rutina,M. Ocampo
2026-03-02,10:39,mañana,L1,ENV-500,HMI,Ajuste de proceso,se corrigió el perfil de temperaturas,M. Ocampo
2026-03-02,12:09,mañana,L3,GAL-3800,HMI,Arranque de turno,arranque normal del equipo,C. Ramírez
2026-03-02,12:38,mañana,L1,ENV-500,Bitácora,Inspección de calidad,revisión dimensional de rutina,M. Ocampo
2026-03-02,15:41,tarde,L2,BAN-250,HMI,Ajuste de proceso,se corrigió el perfil de temperaturas,M. Ocampo
2026-03-02,17:43,tarde,L3,GAL-3800,HMI,Alarma HMI,alarma de dosificador,C. Ramírez
2026-03-02,18:07,tarde,L2,BAN-250,Bitácora,Ajuste de proceso,se bajó el tiempo de enfriamiento,L. Betancur
2026-03-02,19:09,tarde,L3,GAL-3800,HMI,Inspección de calidad,muestreo de peso conforme al plan,L. Betancur
2026-03-02,19:22,tarde,L3,GAL-3800,HMI,Arranque de turno,"el molde arrancó por debajo de temperatura, primeras piezas con rebaba",M. Ocampo
2026-03-02,20:08,tarde,L2,BAN-250,HMI,Paro no programado,paro eléctrico breve,D. Valencia
2026-03-02,20:34,tarde,L3,GAL-3800,Bitácora,Arranque de turno,"el molde arrancó por debajo de temperatura, primeras piezas con rebaba",J. Peláez
2026-03-02,21:14,tarde,L2,BAN-250,HMI,Alarma HMI,alarma de dosificador,C. Ramírez
2026-03-02,21:27,tarde,L3,GAL-3800,HMI,Alarma HMI,falla de sensor de posición del husillo,D. Valencia
2026-03-02,23:08,noche,L3,GAL-3800,HMI,Alarma HMI,falla de sensor de posición del husillo,D. Valencia
2026-03-02,23:16,noche,L3,GAL-3800,HMI,Inspección de calidad,muestreo de peso conforme al plan,D. Valencia
2026-03-03,00:17,noche,L1,ENV-1000,Bitácora,Ajuste de proceso,se bajó el tiempo de enfriamiento,J. Peláez
2026-03-03,01:07,noche,L1,ENV-1000,Bitácora,Paro no programado,paro por falta de resina en tolva,A. Quintero
2026-03-03,01:47,noche,L1,ENV-1000,HMI,Mantenimiento correctivo,ajuste de cierre del molde,J. Peláez
2026-03-03,01:58,noche,L3,GAL-3800,HMI,Arranque de turno,arranque con precalentamiento del molde,L. Betancur
2026-03-03,02:13,noche,L3,GAL-3800,Bitácora,Alarma HMI,falla de sensor de posición del husillo,D. Valencia
2026-03-03,02:22,noche,L2,BAN-250,HMI,Ajuste de proceso,se bajó el tiempo de enfriamiento,L. Betancur
2026-03-03,02:29,noche,L1,ENV-1000,Bitácora,Ajuste de proceso,ajuste de contrapresión,C. Ramírez
2026-03-03,05:40,noche,L3,GAL-3800,HMI,Mantenimiento correctivo,ajuste de cierre del molde,A. Quintero
2026-03-03,05:50,noche,L2,BAN-250,Bitácora,Mantenimiento correctivo,ajuste de cierre del molde,C. Ramírez
2026-03-03,06:34,mañana,L2,BAN-250,Bitácora,Paro no programado,paro eléctrico breve,A. Quintero
2026-03-03,07:59,mañana,L3,GAL-3800,HMI,Inspección de calidad,muestreo de peso conforme al plan,A. Quintero
2026-03-03,10:33,mañana,L2,BAN-250,Bitácora,Arranque de turno,"el molde arrancó por debajo de temperatura, primeras piezas con rebaba",C. Ramírez
2026-03-03,11:37,mañana,L3,GAL-3800,HMI,Ajuste de proceso,ajuste de contrapresión,D. Valencia
2026-03-03,11:50,mañana,L2,BAN-250,Bitácora,Inspección de calidad,muestreo de peso conforme al plan,A. Quintero
2026-03-03,13:20,mañana,L2,BAN-250,HMI,Arranque de turno,arranque con precalentamiento del molde,C. Ramírez
2026-03-03,14:32,tarde,L1,ENV-1000,HMI,Paro no programado,paro por falta de resina en tolva,A. Quintero
2026-03-03,15:36,tarde,L3,GAL-3800,Bitácora,Inspección de calidad,revisión dimensional de rutina,A. Quintero
2026-03-03,19:43,tarde,L3,GAL-3800,HMI,Arranque de turno,arranque normal del equipo,J. Peláez
2026-03-03,20:20,tarde,L1,ENV-1000,Bitácora,Inspección de calidad,revisión dimensional de rutina,L. Betancur
2026-03-03,21:01,tarde,L1,ENV-1000,HMI,Arranque de turno,"el molde arrancó por debajo de temperatura, primeras piezas con rebaba",A. Quintero
2026-03-03,21:09,tarde,L3,GAL-3800,HMI,Ajuste de proceso,ajuste de contrapresión,D. Valencia
2026-03-03,23:26,noche,L1,ENV-1000,Bitácora,Mantenimiento correctivo,cambio de resistencia de la zona 2,L. Betancur
2026-03-04,00:28,noche,L3,GAL-3800,Bitácora,Mantenimiento correctivo,cambio de resistencia de la zona 2,L. Betancur
2026-03-04,01:27,noche,L2,TAP-38,HMI,Arranque de turno,"el molde arrancó por debajo de temperatura, primeras piezas con rebaba",L. Betancur
2026-03-04,02:26,noche,L3,GAL-3800,Bitácora,Ajuste de proceso,se bajó el tiempo de enfriamiento,A. Quintero
2026-03-04,03:05,noche,L2,TAP-38,Bitácora,Arranque de turno,arranque normal del equipo,J. Peláez
2026-03-04,03:21,noche,L2,TAP-38,Bitácora,Inspección de calidad,muestreo de peso conforme al plan,M. Ocampo
2026-03-04,06:20,mañana,L1,ENV-1000,HMI,Mantenimiento correctivo,cambio de resistencia de la zona 2,M. Ocampo
2026-03-04,08:12,mañana,L2,TAP-38,Bitácora,Arranque de turno,arranque normal del equipo,M. Ocampo
2026-03-04,09:34,mañana,L3,GAL-3800,HMI,Mantenimiento correctivo,ajuste de cierre del molde,J. Peláez
2026-03-04,10:34,mañana,L1,ENV-1000,Bitácora,Inspección de calidad,revisión dimensional de rutina,J. Peláez
2026-03-04,12:55,mañana,L2,TAP-38,Bitácora,Inspección de calidad,revisión dimensional de rutina,M. Ocampo
2026-03-04,13:57,mañana,L3,GAL-3800,HMI,Ajuste de proceso,ajuste de contrapresión,C. Ramírez
2026-03-04,14:21,tarde,L2,TAP-38,HMI,Paro no programado,paro por falta de resina en tolva,D. Valencia
2026-03-04,14:22,tarde,L2,TAP-38,HMI,Ajuste de proceso,se corrigió el perfil de temperaturas,A. Quintero
2026-03-04,14:59,tarde,L2,TAP-38,HMI,Paro no programado,paro eléctrico breve,A. Quintero
2026-03-04,16:26,tarde,L1,ENV-1000,HMI,Ajuste de proceso,se bajó el tiempo de enfriamiento,J. Peláez
2026-03-04,17:02,tarde,L2,TAP-38,Bitácora,Ajuste de proceso,ajuste de contrapresión,D. Valencia
2026-03-04,18:10,tarde,L1,ENV-1000,HMI,Ajuste de proceso,se corrigió el perfil de temperaturas,L. Betancur
2026-03-04,19:20,tarde,L1,ENV-1000,HMI,Alarma HMI,falla de sensor de posición del husillo,D. Valencia
2026-03-04,19:23,tarde,L1,ENV-1000,Bitácora,Alarma HMI,presión de inyección fuera de banda,D. Valencia
2026-03-04,21:31,tarde,L2,TAP-38,Bitácora,Alarma HMI,alarma de temperatura de zona 3,M. Ocampo
2026-03-04,22:40,noche,L2,TAP-38,HMI,Arranque de turno,arranque normal del equipo,D. Valencia
2026-03-04,23:20,noche,L2,TAP-38,Bitácora,Paro no programado,paro eléctrico breve,J. Peláez
2026-03-05,02:01,noche,L2,TAP-38,HMI,Mantenimiento correctivo,cambio de resistencia de la zona 2,C. Ramírez
2026-03-05,03:38,noche,L2,TAP-38,HMI,Alarma HMI,presión de inyección fuera de banda,C. Ramírez
2026-03-05,05:08,noche,L2,TAP-38,HMI,Paro no programado,paro por atasco en la banda de salida,M. Ocampo
2026-03-05,06:18,mañana,L3,ENV-500,HMI,Ajuste de proceso,ajuste de contrapresión,C. Ramírez
2026-03-05,08:05,mañana,L1,ENV-1000,Bitácora,Mantenimiento correctivo,cambio de resistencia de la zona 2,L. Betancur
2026-03-05,10:17,mañana,L1,ENV-1000,HMI,Paro no programado,paro por atasco en la banda de salida,J. Peláez
2026-03-05,10:44,mañana,L3,ENV-500,HMI,Paro no programado,paro eléctrico breve,A. Quintero
2026-03-05,13:46,mañana,L1,ENV-1000,Bitácora,Mantenimiento correctivo,cambio de resistencia de la zona 2,L. Betancur
2026-03-05,14:34,tarde,L3,ENV-500,Bitácora,Paro no programado,paro eléctrico breve,M. Ocampo
2026-03-05,14:39,tarde,L1,ENV-1000,HMI,Mantenimiento correctivo,ajuste de cierre del molde,M. Ocampo
2026-03-05,15:17,tarde,L1,ENV-1000,Bitácora,Paro no programado,paro por falta de resina en tolva,J. Peláez
2026-03-05,16:29,tarde,L2,TAP-38,HMI,Alarma HMI,alarma de dosificador,A. Quintero
2026-03-05,16:37,tarde,L3,ENV-500,Bitácora,Arranque de turno,arranque con precalentamiento del molde,J. Peláez
2026-03-05,17:55,tarde,L3,ENV-500,Bitácora,Paro no programado,paro por atasco en la banda de salida,D. Valencia
2026-03-05,18:47,tarde,L1,ENV-1000,Bitácora,Mantenimiento correctivo,ajuste de cierre del molde,L. Betancur
2026-03-05,19:37,tarde,L2,TAP-38,Bitácora,Ajuste de proceso,ajuste de contrapresión,L. Betancur
2026-03-05,20:01,tarde,L1,ENV-1000,HMI,Ajuste de proceso,se corrigió el perfil de temperaturas,A. Quintero
2026-03-05,20:02,tarde,L2,TAP-38,HMI,Paro no programado,paro eléctrico breve,C. Ramírez
2026-03-05,20:41,tarde,L3,ENV-500,HMI,Arranque de turno,"el molde arrancó por debajo de temperatura, primeras piezas con rebaba",C. Ramírez
2026-03-05,21:37,tarde,L1,ENV-1000,Bitácora,Inspección de calidad,revisión dimensional de rutina,D. Valencia
2026-03-06,00:31,noche,L3,ENV-500,HMI,Mantenimiento correctivo,ajuste de cierre del molde,J. Peláez
2026-03-06,02:01,noche,L2,TAP-38,Bitácora,Inspección de calidad,revisión dimensional de rutina,A. Quintero
2026-03-06,02:32,noche,L2,TAP-38,HMI,Inspección de calidad,muestreo de peso conforme al plan,C. Ramírez
2026-03-06,06:31,mañana,L2,TAP-38,HMI,Alarma HMI,alarma de dosificador,M. Ocampo
2026-03-06,06:39,mañana,L3,ENV-500,HMI,Mantenimiento correctivo,ajuste de cierre del molde,A. Quintero
2026-03-06,06:43,mañana,L3,ENV-500,HMI,Inspección de calidad,revisión dimensional de rutina,M. Ocampo
2026-03-06,09:48,mañana,L1,ENV-1000,HMI,Inspección de calidad,revisión dimensional de rutina,J. Peláez
2026-03-06,09:51,mañana,L2,TAP-38,HMI,Arranque de turno,arranque normal del equipo,A. Quintero
2026-03-06,11:55,mañana,L3,ENV-500,Bitácora,Mantenimiento correctivo,cambio de resistencia de la zona 2,M. Ocampo
2026-03-06,12:31,mañana,L1,ENV-1000,HMI,Paro no programado,paro por atasco en la banda de salida,A. Quintero
2026-03-06,12:37,mañana,L1,ENV-1000,HMI,Mantenimiento correctivo,ajuste de cierre del molde,J. Peláez
2026-03-06,13:21,mañana,L2,TAP-38,Bitácora,Arranque de turno,arranque normal del equipo,A. Quintero
2026-03-06,14:44,tarde,L1,ENV-1000,Bitácora,Paro no programado,paro por falta de resina en tolva,J. Peláez
2026-03-06,15:20,tarde,L1,ENV-1000,Bitácora,Inspección de calidad,revisión dimensional de rutina,M. Ocampo
2026-03-06,16:05,tarde,L1,ENV-1000,HMI,Arranque de turno,arranque normal del equipo,C. Ramírez
2026-03-06,16:15,tarde,L3,ENV-500,HMI,Paro no programado,paro eléctrico breve,M. Ocampo
2026-03-06,16:44,tarde,L1,ENV-1000,Bitácora,Inspección de calidad,muestreo de peso conforme al plan,C. Ramírez
2026-03-06,19:38,tarde,L1,ENV-1000,Bitácora,Ajuste de proceso,ajuste de contrapresión,C. Ramírez
2026-03-06,20:15,tarde,L3,ENV-500,HMI,Mantenimiento correctivo,ajuste de cierre del molde,D. Valencia
2026-03-06,22:23,noche,L2,TAP-38,Bitácora,Mantenimiento correctivo,cambio de resistencia de la zona 2,J. Peláez
2026-03-06,22:24,noche,L3,ENV-500,HMI,Alarma HMI,presión de inyección fuera de banda,D. Valencia
2026-03-06,23:15,noche,L3,ENV-500,HMI,Mantenimiento correctivo,cambio de resistencia de la zona 2,M. Ocampo
2026-03-06,23:23,noche,L3,ENV-500,HMI,Paro no programado,paro por falta de resina en tolva,L. Betancur
2026-03-06,23:56,noche,L2,TAP-38,Bitácora,Mantenimiento correctivo,ajuste de cierre del molde,A. Quintero
2026-03-07,00:11,noche,L2,TAP-38,Bitácora,Alarma HMI,alarma de dosificador,M. Ocampo
2026-03-07,00:36,noche,L3,ENV-500,Bitácora,Paro no programado,paro eléctrico breve,C. Ramírez
2026-03-07,00:38,noche,L1,ENV-500,HMI,Alarma HMI,presión de inyección fuera de banda,M. Ocampo
2026-03-07,01:03,noche,L1,ENV-500,Bitácora,Paro no programado,paro por atasco en la banda de salida,D. Valencia
2026-03-07,04:29,noche,L3,ENV-500,HMI,Alarma HMI,presión de inyección fuera de banda,D. Valencia
2026-03-07,05:16,noche,L2,TAP-38,HMI,Ajuste de proceso,se corrigió el perfil de temperaturas,J. Peláez
2026-03-07,05:45,noche,L3,ENV-500,HMI,Arranque de turno,arranque normal del equipo,J. Peláez
2026-03-07,07:35,mañana,L3,ENV-500,HMI,Paro no programado,paro eléctrico breve,J. Peláez
2026-03-07,09:21,mañana,L1,ENV-500,HMI,Ajuste de proceso,ajuste de contrapresión,L. Betancur
2026-03-07,09:48,mañana,L1,ENV-500,HMI,Inspección de calidad,muestreo de peso conforme al plan,A. Quintero
2026-03-07,10:02,mañana,L1,ENV-500,Bitácora,Ajuste de proceso,se bajó el tiempo de enfriamiento,J. Peláez
2026-03-07,10:22,mañana,L3,ENV-500,Bitácora,Ajuste de proceso,se corrigió el perfil de temperaturas,L. Betancur
2026-03-07,10:37,mañana,L2,TAP-38,HMI,Ajuste de proceso,se corrigió el perfil de temperaturas,D. Valencia
2026-03-07,11:16,mañana,L3,ENV-500,Bitácora,Arranque de turno,"el molde arrancó por debajo de temperatura, primeras piezas con rebaba",D. Valencia
2026-03-07,12:22,mañana,L3,ENV-500,HMI,Mantenimiento correctivo,cambio de resistencia de la zona 2,M. Ocampo
2026-03-07,12:56,mañana,L2,TAP-38,Bitácora,Ajuste de proceso,se corrigió el perfil de temperaturas,J. Peláez
2026-03-07,13:13,mañana,L3,ENV-500,HMI,Arranque de turno,arranque normal del equipo,A. Quintero
2026-03-07,14:18,tarde,L2,TAP-38,Bitácora,Paro no programado,paro eléctrico breve,J. Peláez
2026-03-07,15:18,tarde,L3,ENV-500,HMI,Paro no programado,paro por atasco en la banda de salida,M. Ocampo
2026-03-07,15:27,tarde,L2,TAP-38,HMI,Inspección de calidad,muestreo de peso conforme al plan,L. Betancur
2026-03-07,15:45,tarde,L2,TAP-38,HMI,Inspección de calidad,revisión dimensional de rutina,A. Quintero
2026-03-07,17:08,tarde,L3,ENV-500,Bitácora,Ajuste de proceso,se corrigió el perfil de temperaturas,A. Quintero
2026-03-07,17:41,tarde,L3,ENV-500,HMI,Arranque de turno,"el molde arrancó por debajo de temperatura, primeras piezas con rebaba",J. Peláez
2026-03-07,18:07,tarde,L1,ENV-500,HMI,Inspección de calidad,muestreo de peso conforme al plan,M. Ocampo
2026-03-07,19:08,tarde,L1,ENV-500,Bitácora,Arranque de turno,"el molde arrancó por debajo de temperatura, primeras piezas con rebaba",L. Betancur
2026-03-07,19:38,tarde,L2,TAP-38,HMI,Paro no programado,paro por falta de resina en tolva,M. Ocampo
2026-03-07,21:18,tarde,L1,ENV-500,HMI,Ajuste de proceso,se corrigió el perfil de temperaturas,J. Peláez
2026-03-07,21:44,tarde,L1,ENV-500,Bitácora,Paro no programado,paro por atasco en la banda de salida,L. Betancur
2026-03-07,22:36,noche,L1,ENV-500,Bitácora,Ajuste de proceso,se bajó el tiempo de enfriamiento,A. Quintero
2026-03-07,22:50,noche,L2,TAP-38,HMI,Alarma HMI,alarma de dosificador,C. Ramírez
2026-03-07,23:40,noche,L3,ENV-500,HMI,Mantenimiento correctivo,cambio de resistencia de la zona 2,M. Ocampo
2026-03-08,00:41,noche,L3,ENV-500,HMI,Inspección de calidad,revisión dimensional de rutina,J. Peláez
2026-03-08,00:56,noche,L2,TAP-38,HMI,Paro no programado,paro por falta de resina en tolva,C. Ramírez
2026-03-08,04:36,noche,L3,ENV-500,Bitácora,Paro no programado,paro por falta de resina en tolva,J. Peláez
2026-03-08,05:23,noche,L2,TAP-38,HMI,Arranque de turno,arranque normal del equipo,L. Betancur
2026-03-08,06:45,mañana,L2,TAP-38,HMI,Paro no programado,paro por falta de resina en tolva,C. Ramírez
2026-03-08,06:53,mañana,L1,ENV-500,HMI,Arranque de turno,arranque con precalentamiento del molde,J. Peláez
2026-03-08,07:01,mañana,L2,TAP-38,Bitácora,Paro no programado,paro por falta de resina en tolva,J. Peláez
2026-03-08,08:06,mañana,L1,ENV-500,HMI,Arranque de turno,arranque con precalentamiento del molde,A. Quintero
2026-03-08,08:55,mañana,L2,TAP-38,HMI,Inspección de calidad,revisión dimensional de rutina,M. Ocampo
2026-03-08,10:00,mañana,L2,TAP-38,HMI,Ajuste de proceso,se bajó el tiempo de enfriamiento,D. Valencia
2026-03-08,15:06,tarde,L1,ENV-500,Bitácora,Inspección de calidad,muestreo de peso conforme al plan,D. Valencia
2026-03-08,15:31,tarde,L3,ENV-500,HMI,Inspección de calidad,muestreo de peso conforme al plan,M. Ocampo
2026-03-08,16:08,tarde,L3,ENV-500,Bitácora,Mantenimiento correctivo,cambio de resistencia de la zona 2,A. Quintero
2026-03-08,16:58,tarde,L3,ENV-500,HMI,Inspección de calidad,muestreo de peso conforme al plan,D. Valencia
2026-03-08,17:36,tarde,L1,ENV-500,HMI,Alarma HMI,falla de sensor de posición del husillo,M. Ocampo
2026-03-08,19:21,tarde,L1,ENV-500,HMI,Mantenimiento correctivo,cambio de resistencia de la zona 2,A. Quintero
2026-03-08,20:33,tarde,L3,ENV-500,HMI,Inspección de calidad,revisión dimensional de rutina,J. Peláez
2026-03-08,21:47,tarde,L1,ENV-500,Bitácora,Arranque de turno,arranque normal del equipo,L. Betancur
2026-03-08,21:59,tarde,L1,ENV-500,Bitácora,Alarma HMI,alarma de dosificador,D. Valencia
2026-03-08,22:30,noche,L3,ENV-500,Bitácora,Ajuste de proceso,se bajó el tiempo de enfriamiento,J. Peláez
2026-03-09,00:27,noche,L3,ENV-500,HMI,Ajuste de proceso,se bajó el tiempo de enfriamiento,D. Valencia
2026-03-09,00:31,noche,L3,ENV-500,Bitácora,Arranque de turno,arranque normal del equipo,A. Quintero
2026-03-09,01:23,noche,L1,ENV-500,HMI,Ajuste de proceso,ajuste de contrapresión,L. Betancur
2026-03-09,03:28,noche,L1,ENV-500,HMI,Ajuste de proceso,se bajó el tiempo de enfriamiento,J. Peláez
2026-03-09,04:16,noche,L3,ENV-500,HMI,Ajuste de proceso,ajuste de contrapresión,M. Ocampo
2026-03-09,04:48,noche,L3,ENV-500,HMI,Inspección de calidad,revisión dimensional de rutina,A. Quintero
2026-03-09,09:02,mañana,L2,TAP-38,Bitácora,Arranque de turno,arranque normal del equipo,D. Valencia
2026-03-09,10:43,mañana,L3,ENV-500,HMI,Paro no programado,paro por atasco en la banda de salida,A. Quintero
2026-03-09,11:45,mañana,L2,TAP-38,Bitácora,Arranque de turno,arranque con precalentamiento del molde,J. Peláez
2026-03-09,13:40,mañana,L3,ENV-500,HMI,Paro no programado,paro eléctrico breve,L. Betancur
2026-03-09,14:03,tarde,L1,ENV-500,Bitácora,Paro no programado,paro por atasco en la banda de salida,L. Betancur
2026-03-09,14:41,tarde,L3,ENV-500,Bitácora,Ajuste de proceso,se bajó el tiempo de enfriamiento,L. Betancur
2026-03-09,15:29,tarde,L2,TAP-38,Bitácora,Mantenimiento correctivo,cambio de resistencia de la zona 2,L. Betancur
2026-03-09,18:21,tarde,L1,ENV-500,HMI,Ajuste de proceso,ajuste de contrapresión,D. Valencia
2026-03-09,19:32,tarde,L3,ENV-500,HMI,Arranque de turno,arranque normal del equipo,M. Ocampo
2026-03-09,20:38,tarde,L2,TAP-38,HMI,Inspección de calidad,muestreo de peso conforme al plan,C. Ramírez
2026-03-09,21:14,tarde,L3,ENV-500,HMI,Paro no programado,paro por falta de resina en tolva,D. Valencia
2026-03-09,22:00,noche,L1,ENV-500,HMI,Mantenimiento correctivo,ajuste de cierre del molde,M. Ocampo
2026-03-09,22:15,noche,L1,ENV-500,HMI,Paro no programado,paro por falta de resina en tolva,M. Ocampo
2026-03-09,23:33,noche,L1,ENV-500,Bitácora,Paro no programado,paro por falta de resina en tolva,A. Quintero
2026-03-10,01:27,noche,L1,ENV-500,HMI,Alarma HMI,alarma de temperatura de zona 3,M. Ocampo
2026-03-10,02:53,noche,L1,ENV-500,HMI,Alarma HMI,falla de sensor de posición del husillo,A. Quintero
2026-03-10,06:45,mañana,L3,ENV-500,HMI,Arranque de turno,arranque normal del equipo,J. Peláez
2026-03-10,07:02,mañana,L1,ENV-500,HMI,Ajuste de proceso,ajuste de contrapresión,L. Betancur
2026-03-10,07:16,mañana,L3,ENV-500,HMI,Arranque de turno,arranque con precalentamiento del molde,C. Ramírez
2026-03-10,09:40,mañana,L3,ENV-500,Bitácora,Mantenimiento correctivo,cambio de resistencia de la zona 2,L. Betancur
2026-03-10,11:17,mañana,L1,ENV-500,Bitácora,Paro no programado,paro eléctrico breve,A. Quintero
2026-03-10,11:28,mañana,L1,ENV-500,HMI,Ajuste de proceso,se corrigió el perfil de temperaturas,D. Valencia
2026-03-10,11:37,mañana,L1,ENV-500,HMI,Alarma HMI,alarma de dosificador,J. Peláez
2026-03-10,13:10,mañana,L1,ENV-500,Bitácora,Arranque de turno,arranque normal del equipo,D. Valencia
2026-03-10,14:16,tarde,L3,ENV-500,HMI,Ajuste de proceso,se corrigió el perfil de temperaturas,M. Ocampo
2026-03-10,16:00,tarde,L1,ENV-500,Bitácora,Arranque de turno,"el molde arrancó por debajo de temperatura, primeras piezas con rebaba",J. Peláez
2026-03-10,16:31,tarde,L1,ENV-500,Bitácora,Alarma HMI,falla de sensor de posición del husillo,D. Valencia
2026-03-10,16:39,tarde,L3,ENV-500,HMI,Alarma HMI,alarma de temperatura de zona 3,A. Quintero
2026-03-10,17:01,tarde,L3,ENV-500,HMI,Alarma HMI,alarma de temperatura de zona 3,J. Peláez
2026-03-10,18:18,tarde,L1,ENV-500,HMI,Alarma HMI,presión de inyección fuera de banda,M. Ocampo
2026-03-10,19:24,tarde,L3,ENV-500,Bitácora,Paro no programado,paro por atasco en la banda de salida,M. Ocampo
2026-03-10,19:37,tarde,L1,ENV-500,Bitácora,Alarma HMI,alarma de dosificador,D. Valencia
2026-03-10,21:45,tarde,L3,ENV-500,HMI,Paro no programado,paro por atasco en la banda de salida,D. Valencia
2026-03-11,00:16,noche,L2,BAN-250,HMI,Paro no programado,paro eléctrico breve,A. Quintero
2026-03-11,02:29,noche,L2,BAN-250,HMI,Ajuste de proceso,se bajó el tiempo de enfriamiento,J. Peláez
2026-03-11,02:29,noche,L2,BAN-250,HMI,Alarma HMI,presión de inyección fuera de banda,D. Valencia
2026-03-11,09:38,mañana,L1,ENV-1000,Bitácora,Paro no programado,paro eléctrico breve,A. Quintero
2026-03-11,10:58,mañana,L2,BAN-250,HMI,Mantenimiento correctivo,ajuste de cierre del molde,A. Quintero
2026-03-11,11:37,mañana,L1,ENV-1000,HMI,Mantenimiento correctivo,ajuste de cierre del molde,A. Quintero
2026-03-11,11:44,mañana,L2,BAN-250,HMI,Ajuste de proceso,ajuste de contrapresión,M. Ocampo
2026-03-11,11:50,mañana,L1,ENV-1000,HMI,Paro no programado,paro eléctrico breve,L. Betancur
2026-03-11,12:08,mañana,L1,ENV-1000,Bitácora,Alarma HMI,falla de sensor de posición del husillo,M. Ocampo
2026-03-11,14:03,tarde,L1,ENV-1000,HMI,Arranque de turno,arranque con precalentamiento del molde,J. Peláez
2026-03-11,15:46,tarde,L2,BAN-250,HMI,Mantenimiento correctivo,ajuste de cierre del molde,L. Betancur
2026-03-11,16:02,tarde,L2,BAN-250,HMI,Arranque de turno,arranque con precalentamiento del molde,A. Quintero
2026-03-11,16:27,tarde,L2,BAN-250,HMI,Inspección de calidad,muestreo de peso conforme al plan,M. Ocampo
2026-03-11,18:22,tarde,L2,BAN-250,Bitácora,Mantenimiento correctivo,ajuste de cierre del molde,D. Valencia
2026-03-11,19:58,tarde,L3,GAL-3800,HMI,Alarma HMI,falla de sensor de posición del husillo,L. Betancur
2026-03-11,20:10,tarde,L3,GAL-3800,Bitácora,Ajuste de proceso,ajuste de contrapresión,C. Ramírez
2026-03-11,21:27,tarde,L2,BAN-250,Bitácora,Paro no programado,paro eléctrico breve,L. Betancur
2026-03-11,21:42,tarde,L1,ENV-1000,HMI,Alarma HMI,presión de inyección fuera de banda,J. Peláez
2026-03-11,22:26,noche,L2,BAN-250,HMI,Ajuste de proceso,se bajó el tiempo de enfriamiento,L. Betancur
2026-03-12,01:46,noche,L1,ENV-1000,Bitácora,Arranque de turno,"el molde arrancó por debajo de temperatura, primeras piezas con rebaba",D. Valencia
2026-03-12,01:49,noche,L1,ENV-1000,Bitácora,Ajuste de proceso,se bajó el tiempo de enfriamiento,L. Betancur
2026-03-12,03:43,noche,L1,ENV-1000,HMI,Arranque de turno,"el molde arrancó por debajo de temperatura, primeras piezas con rebaba",D. Valencia
2026-03-12,03:58,noche,L3,GAL-3800,HMI,Paro no programado,paro por atasco en la banda de salida,L. Betancur
2026-03-12,04:19,noche,L3,GAL-3800,HMI,Mantenimiento correctivo,cambio de resistencia de la zona 2,J. Peláez
2026-03-12,06:39,mañana,L2,BAN-250,HMI,Arranque de turno,arranque normal del equipo,M. Ocampo
2026-03-12,06:48,mañana,L1,ENV-1000,Bitácora,Alarma HMI,falla de sensor de posición del husillo,C. Ramírez
2026-03-12,07:50,mañana,L2,BAN-250,HMI,Ajuste de proceso,se corrigió el perfil de temperaturas,L. Betancur
2026-03-12,08:01,mañana,L3,GAL-3800,HMI,Ajuste de proceso,ajuste de contrapresión,C. Ramírez
2026-03-12,09:51,mañana,L1,ENV-1000,HMI,Inspección de calidad,revisión dimensional de rutina,L. Betancur
2026-03-12,09:55,mañana,L3,GAL-3800,HMI,Inspección de calidad,muestreo de peso conforme al plan,M. Ocampo
2026-03-12,11:09,mañana,L2,BAN-250,HMI,Arranque de turno,arranque con precalentamiento del molde,J. Peláez
2026-03-12,13:25,mañana,L2,BAN-250,HMI,Mantenimiento correctivo,ajuste de cierre del molde,C. Ramírez
2026-03-12,17:59,tarde,L1,ENV-1000,HMI,Alarma HMI,presión de inyección fuera de banda,A. Quintero
2026-03-12,19:28,tarde,L1,ENV-1000,Bitácora,Arranque de turno,"el molde arrancó por debajo de temperatura, primeras piezas con rebaba",J. Peláez
2026-03-12,23:08,noche,L3,GAL-3800,HMI,Arranque de turno,"el molde arrancó por debajo de temperatura, primeras piezas con rebaba",L. Betancur
2026-03-12,23:13,noche,L3,GAL-3800,Bitácora,Alarma HMI,alarma de dosificador,C. Ramírez
2026-03-13,00:22,noche,L2,BAN-250,HMI,Arranque de turno,arranque normal del equipo,D. Valencia
2026-03-13,01:34,noche,L2,BAN-250,Bitácora,Arranque de turno,"el molde arrancó por debajo de temperatura, primeras piezas con rebaba",M. Ocampo
2026-03-13,02:01,noche,L1,ENV-1000,HMI,Inspección de calidad,revisión dimensional de rutina,L. Betancur
2026-03-13,03:38,noche,L1,ENV-1000,Bitácora,Ajuste de proceso,se corrigió el perfil de temperaturas,A. Quintero
2026-03-13,04:10,noche,L2,BAN-250,HMI,Mantenimiento correctivo,cambio de resistencia de la zona 2,M. Ocampo
2026-03-13,05:16,noche,L1,ENV-1000,HMI,Alarma HMI,alarma de temperatura de zona 3,L. Betancur
2026-03-13,06:28,mañana,L3,GAL-3800,HMI,Mantenimiento correctivo,cambio de resistencia de la zona 2,C. Ramírez
2026-03-13,07:28,mañana,L3,GAL-3800,HMI,Arranque de turno,arranque normal del equipo,J. Peláez
2026-03-13,09:51,mañana,L3,GAL-3800,Bitácora,Mantenimiento correctivo,cambio de resistencia de la zona 2,L. Betancur
2026-03-13,13:28,mañana,L3,GAL-3800,Bitácora,Alarma HMI,alarma de temperatura de zona 3,M. Ocampo
2026-03-13,14:24,tarde,L3,GAL-3800,HMI,Mantenimiento correctivo,ajuste de cierre del molde,D. Valencia
2026-03-13,15:08,tarde,L1,ENV-1000,HMI,Ajuste de proceso,se corrigió el perfil de temperaturas,D. Valencia
2026-03-13,15:33,tarde,L1,ENV-1000,HMI,Alarma HMI,alarma de dosificador,D. Valencia
2026-03-13,16:01,tarde,L3,GAL-3800,Bitácora,Arranque de turno,arranque con precalentamiento del molde,D. Valencia
2026-03-13,19:30,tarde,L3,GAL-3800,HMI,Inspección de calidad,muestreo de peso conforme al plan,J. Peláez
2026-03-13,19:53,tarde,L3,GAL-3800,HMI,Ajuste de proceso,ajuste de contrapresión,A. Quintero
2026-03-13,21:21,tarde,L3,GAL-3800,Bitácora,Ajuste de proceso,se corrigió el perfil de temperaturas,D. Valencia
2026-03-13,21:23,tarde,L1,ENV-1000,Bitácora,Inspección de calidad,muestreo de peso conforme al plan,D. Valencia
2026-03-13,23:06,noche,L1,ENV-1000,HMI,Alarma HMI,alarma de dosificador,L. Betancur
2026-03-14,00:26,noche,L2,TAP-38,Bitácora,Paro no programado,paro eléctrico breve,M. Ocampo
2026-03-14,00:47,noche,L2,TAP-38,HMI,Ajuste de proceso,se bajó el tiempo de enfriamiento,M. Ocampo
2026-03-14,00:55,noche,L3,GAL-3800,HMI,Inspección de calidad,muestreo de peso conforme al plan,M. Ocampo
2026-03-14,01:50,noche,L3,GAL-3800,HMI,Alarma HMI,falla de sensor de posición del husillo,L. Betancur
2026-03-14,03:23,noche,L1,ENV-1000,HMI,Inspección de calidad,revisión dimensional de rutina,J. Peláez
2026-03-14,03:42,noche,L2,TAP-38,HMI,Arranque de turno,arranque con precalentamiento del molde,L. Betancur
2026-03-14,04:46,noche,L1,ENV-1000,HMI,Inspección de calidad,muestreo de peso conforme al plan,M. Ocampo
2026-03-14,05:21,noche,L3,GAL-3800,Bitácora,Alarma HMI,alarma de temperatura de zona 3,D. Valencia
2026-03-14,12:09,mañana,L1,ENV-1000,HMI,Arranque de turno,arranque normal del equipo,J. Peláez
2026-03-14,12:12,mañana,L1,ENV-1000,HMI,Arranque de turno,arranque normal del equipo,D. Valencia
2026-03-14,12:23,mañana,L1,ENV-1000,Bitácora,Paro no programado,paro eléctrico breve,C. Ramírez
2026-03-14,14:52,tarde,L1,ENV-1000,HMI,Alarma HMI,presión de inyección fuera de banda,J. Peláez
2026-03-14,16:10,tarde,L1,ENV-1000,HMI,Alarma HMI,presión de inyección fuera de banda,J. Peláez
2026-03-14,16:31,tarde,L3,GAL-3800,Bitácora,Alarma HMI,alarma de dosificador,D. Valencia
2026-03-14,18:05,tarde,L3,GAL-3800,Bitácora,Paro no programado,paro eléctrico breve,L. Betancur
2026-03-14,18:37,tarde,L3,GAL-3800,HMI,Alarma HMI,falla de sensor de posición del husillo,L. Betancur
2026-03-14,22:41,noche,L2,TAP-38,HMI,Mantenimiento correctivo,cambio de resistencia de la zona 2,J. Peláez
2026-03-15,00:50,noche,L3,GAL-3800,Bitácora,Ajuste de proceso,ajuste de contrapresión,D. Valencia
2026-03-15,01:51,noche,L1,ENV-1000,HMI,Arranque de turno,arranque con precalentamiento del molde,A. Quintero
2026-03-15,03:51,noche,L3,GAL-3800,HMI,Arranque de turno,arranque normal del equipo,M. Ocampo
2026-03-15,04:01,noche,L2,TAP-38,HMI,Ajuste de proceso,se corrigió el perfil de temperaturas,C. Ramírez
2026-03-15,04:50,noche,L2,TAP-38,HMI,Alarma HMI,presión de inyección fuera de banda,C. Ramírez
2026-03-15,04:58,noche,L1,ENV-1000,HMI,Paro no programado,paro eléctrico breve,C. Ramírez
2026-03-15,05:03,noche,L1,ENV-1000,HMI,Mantenimiento correctivo,ajuste de cierre del molde,J. Peláez
2026-03-15,05:20,noche,L2,TAP-38,HMI,Paro no programado,paro por falta de resina en tolva,A. Quintero
2026-03-15,09:14,mañana,L3,GAL-3800,Bitácora,Mantenimiento correctivo,cambio de resistencia de la zona 2,D. Valencia
2026-03-15,10:44,mañana,L2,TAP-38,HMI,Inspección de calidad,muestreo de peso conforme al plan,D. Valencia
2026-03-15,12:05,mañana,L2,TAP-38,HMI,Paro no programado,paro por falta de resina en tolva,M. Ocampo
2026-03-15,13:04,mañana,L3,GAL-3800,Bitácora,Alarma HMI,alarma de temperatura de zona 3,M. Ocampo
2026-03-15,13:58,mañana,L3,GAL-3800,Bitácora,Alarma HMI,presión de inyección fuera de banda,C. Ramírez
2026-03-15,15:50,tarde,L2,TAP-38,Bitácora,Alarma HMI,alarma de temperatura de zona 3,M. Ocampo
2026-03-15,17:30,tarde,L2,TAP-38,HMI,Mantenimiento correctivo,cambio de resistencia de la zona 2,D. Valencia
2026-03-15,18:31,tarde,L1,ENV-1000,Bitácora,Arranque de turno,arranque con precalentamiento del molde,C. Ramírez
2026-03-15,19:01,tarde,L1,ENV-1000,HMI,Paro no programado,paro eléctrico breve,M. Ocampo
2026-03-15,20:59,tarde,L2,TAP-38,Bitácora,Mantenimiento correctivo,ajuste de cierre del molde,M. Ocampo
2026-03-15,21:09,tarde,L2,TAP-38,Bitácora,Paro no programado,paro por atasco en la banda de salida,M. Ocampo
2026-03-15,23:25,noche,L2,TAP-38,Bitácora,Inspección de calidad,revisión dimensional de rutina,D. Valencia
2026-03-16,00:04,noche,L2,TAP-38,HMI,Paro no programado,paro por atasco en la banda de salida,L. Betancur
2026-03-16,02:55,noche,L2,TAP-38,HMI,Arranque de turno,arranque normal del equipo,D. Valencia
2026-03-16,03:09,noche,L3,GAL-3800,HMI,Arranque de turno,arranque con precalentamiento del molde,M. Ocampo
2026-03-16,06:00,mañana,L3,GAL-3800,Bitácora,Inspección de calidad,muestreo de peso conforme al plan,M. Ocampo
2026-03-16,08:04,mañana,L2,TAP-38,HMI,Inspección de calidad,revisión dimensional de rutina,C. Ramírez
2026-03-16,09:28,mañana,L1,ENV-500,Bitácora,Mantenimiento correctivo,cambio de resistencia de la zona 2,D. Valencia
2026-03-16,09:30,mañana,L1,ENV-500,HMI,Paro no programado,paro eléctrico breve,M. Ocampo
2026-03-16,09:35,mañana,L3,GAL-3800,Bitácora,Mantenimiento correctivo,cambio de resistencia de la zona 2,D. Valencia
2026-03-16,12:30,mañana,L2,TAP-38,HMI,Arranque de turno,"el molde arrancó por debajo de temperatura, primeras piezas con rebaba",C. Ramírez
2026-03-16,13:16,mañana,L2,TAP-38,Bitácora,Mantenimiento correctivo,cambio de resistencia de la zona 2,L. Betancur
2026-03-16,13:21,mañana,L3,GAL-3800,HMI,Alarma HMI,falla de sensor de posición del husillo,A. Quintero
2026-03-16,13:41,mañana,L3,GAL-3800,Bitácora,Inspección de calidad,muestreo de peso conforme al plan,D. Valencia
2026-03-16,13:44,mañana,L3,GAL-3800,HMI,Arranque de turno,"el molde arrancó por debajo de temperatura, primeras piezas con rebaba",J. Peláez
2026-03-16,13:53,mañana,L2,TAP-38,HMI,Paro no programado,paro por atasco en la banda de salida,C. Ramírez
2026-03-16,14:26,tarde,L1,ENV-500,HMI,Mantenimiento correctivo,ajuste de cierre del molde,A. Quintero
2026-03-16,15:30,tarde,L3,GAL-3800,Bitácora,Inspección de calidad,revisión dimensional de rutina,L. Betancur
2026-03-16,16:47,tarde,L1,ENV-500,HMI,Paro no programado,paro por atasco en la banda de salida,D. Valencia
2026-03-16,17:10,tarde,L1,ENV-500,HMI,Ajuste de proceso,se corrigió el perfil de temperaturas,M. Ocampo
2026-03-16,17:59,tarde,L2,TAP-38,Bitácora,Arranque de turno,arranque normal del equipo,A. Quintero
2026-03-16,18:12,tarde,L2,TAP-38,HMI,Alarma HMI,falla de sensor de posición del husillo,D. Valencia
2026-03-16,18:16,tarde,L3,GAL-3800,HMI,Ajuste de proceso,se bajó el tiempo de enfriamiento,D. Valencia
2026-03-16,19:07,tarde,L1,ENV-500,HMI,Inspección de calidad,muestreo de peso conforme al plan,M. Ocampo
2026-03-16,19:11,tarde,L1,ENV-500,HMI,Ajuste de proceso,se corrigió el perfil de temperaturas,L. Betancur
2026-03-16,19:23,tarde,L2,TAP-38,Bitácora,Alarma HMI,falla de sensor de posición del husillo,M. Ocampo
2026-03-16,19:24,tarde,L2,TAP-38,HMI,Ajuste de proceso,se corrigió el perfil de temperaturas,M. Ocampo
2026-03-16,20:13,tarde,L3,GAL-3800,HMI,Mantenimiento correctivo,cambio de resistencia de la zona 2,A. Quintero
2026-03-16,21:14,tarde,L2,TAP-38,Bitácora,Mantenimiento correctivo,ajuste de cierre del molde,D. Valencia
2026-03-16,22:22,noche,L3,GAL-3800,Bitácora,Inspección de calidad,muestreo de peso conforme al plan,C. Ramírez
2026-03-16,23:13,noche,L2,TAP-38,Bitácora,Mantenimiento correctivo,ajuste de cierre del molde,C. Ramírez
2026-03-16,23:31,noche,L3,GAL-3800,HMI,Ajuste de proceso,se corrigió el perfil de temperaturas,J. Peláez
2026-03-17,01:06,noche,L2,BAN-250,HMI,Ajuste de proceso,se bajó el tiempo de enfriamiento,D. Valencia
2026-03-17,02:26,noche,L1,ENV-500,Bitácora,Inspección de calidad,muestreo de peso conforme al plan,J. Peláez
2026-03-17,03:40,noche,L3,ENV-500,Bitácora,Mantenimiento correctivo,ajuste de cierre del molde,J. Peláez
2026-03-17,03:55,noche,L3,ENV-500,HMI,Arranque de turno,arranque con precalentamiento del molde,J. Peláez
2026-03-17,04:25,noche,L1,ENV-500,Bitácora,Arranque de turno,"el molde arrancó por debajo de temperatura, primeras piezas con rebaba",L. Betancur
2026-03-17,05:12,noche,L2,BAN-250,Bitácora,Inspección de calidad,revisión dimensional de rutina,J. Peláez
2026-03-17,05:14,noche,L3,ENV-500,Bitácora,Alarma HMI,alarma de dosificador,D. Valencia
2026-03-17,09:18,mañana,L1,ENV-500,Bitácora,Paro no programado,paro por falta de resina en tolva,J. Peláez
2026-03-17,09:29,mañana,L1,ENV-500,Bitácora,Inspección de calidad,muestreo de peso conforme al plan,J. Peláez
2026-03-17,09:58,mañana,L1,ENV-500,HMI,Ajuste de proceso,se corrigió el perfil de temperaturas,D. Valencia
2026-03-17,13:20,mañana,L1,ENV-500,HMI,Alarma HMI,falla de sensor de posición del husillo,J. Peláez
2026-03-17,17:21,tarde,L2,BAN-250,HMI,Inspección de calidad,muestreo de peso conforme al plan,J. Peláez
2026-03-17,18:33,tarde,L2,BAN-250,HMI,Ajuste de proceso,ajuste de contrapresión,M. Ocampo
2026-03-17,18:56,tarde,L2,BAN-250,HMI,Mantenimiento correctivo,ajuste de cierre del molde,D. Valencia
2026-03-17,19:51,tarde,L1,ENV-500,Bitácora,Arranque de turno,arranque con precalentamiento del molde,J. Peláez
2026-03-17,20:53,tarde,L2,BAN-250,Bitácora,Paro no programado,paro por falta de resina en tolva,M. Ocampo
2026-03-17,21:23,tarde,L1,ENV-500,Bitácora,Arranque de turno,arranque normal del equipo,L. Betancur
2026-03-17,22:21,noche,L2,BAN-250,Bitácora,Ajuste de proceso,se corrigió el perfil de temperaturas,A. Quintero
2026-03-17,23:29,noche,L1,ENV-500,HMI,Alarma HMI,alarma de dosificador,D. Valencia
2026-03-18,00:52,noche,L1,ENV-500,Bitácora,Alarma HMI,alarma de temperatura de zona 3,J. Peláez
2026-03-18,01:17,noche,L1,ENV-500,HMI,Mantenimiento correctivo,cambio de resistencia de la zona 2,C. Ramírez
2026-03-18,02:25,noche,L1,ENV-500,HMI,Paro no programado,paro eléctrico breve,L. Betancur
2026-03-18,03:42,noche,L3,ENV-500,Bitácora,Arranque de turno,arranque con precalentamiento del molde,J. Peláez
2026-03-18,04:23,noche,L3,ENV-500,Bitácora,Ajuste de proceso,se corrigió el perfil de temperaturas,A. Quintero
2026-03-18,04:58,noche,L3,ENV-500,HMI,Paro no programado,paro eléctrico breve,L. Betancur
2026-03-18,05:20,noche,L1,ENV-500,Bitácora,Paro no programado,paro por falta de resina en tolva,L. Betancur
2026-03-18,05:22,noche,L3,ENV-500,Bitácora,Paro no programado,paro eléctrico breve,J. Peláez
2026-03-18,06:02,mañana,L3,ENV-500,HMI,Mantenimiento correctivo,ajuste de cierre del molde,L. Betancur
2026-03-18,07:35,mañana,L3,ENV-500,HMI,Mantenimiento correctivo,ajuste de cierre del molde,J. Peláez
2026-03-18,08:11,mañana,L3,ENV-500,HMI,Mantenimiento correctivo,cambio de resistencia de la zona 2,L. Betancur
2026-03-18,08:15,mañana,L1,ENV-500,Bitácora,Inspección de calidad,muestreo de peso conforme al plan,J. Peláez
2026-03-18,08:30,mañana,L1,ENV-500,HMI,Inspección de calidad,revisión dimensional de rutina,A. Quintero
2026-03-18,09:41,mañana,L3,ENV-500,HMI,Alarma HMI,alarma de temperatura de zona 3,D. Valencia
2026-03-18,10:34,mañana,L3,ENV-500,HMI,Mantenimiento correctivo,cambio de resistencia de la zona 2,M. Ocampo
2026-03-18,10:37,mañana,L1,ENV-500,HMI,Alarma HMI,presión de inyección fuera de banda,L. Betancur
2026-03-18,17:07,tarde,L2,BAN-250,HMI,Ajuste de proceso,se corrigió el perfil de temperaturas,J. Peláez
2026-03-18,18:55,tarde,L2,BAN-250,HMI,Arranque de turno,"el molde arrancó por debajo de temperatura, primeras piezas con rebaba",A. Quintero
2026-03-18,22:22,noche,L1,ENV-500,Bitácora,Ajuste de proceso,ajuste de contrapresión,A. Quintero
2026-03-19,00:26,noche,L2,BAN-250,HMI,Ajuste de proceso,se corrigió el perfil de temperaturas,M. Ocampo
2026-03-19,00:31,noche,L3,ENV-500,Bitácora,Paro no programado,paro por falta de resina en tolva,L. Betancur
2026-03-19,01:27,noche,L3,ENV-500,HMI,Mantenimiento correctivo,ajuste de cierre del molde,C. Ramírez
2026-03-19,01:33,noche,L2,BAN-250,HMI,Inspección de calidad,muestreo de peso conforme al plan,D. Valencia
2026-03-19,04:03,noche,L3,ENV-500,HMI,Inspección de calidad,muestreo de peso conforme al plan,C. Ramírez
2026-03-19,07:32,mañana,L1,ENV-500,HMI,Alarma HMI,falla de sensor de posición del husillo,A. Quintero
2026-03-19,10:13,mañana,L3,ENV-500,HMI,Paro no programado,paro por falta de resina en tolva,L. Betancur
2026-03-19,10:25,mañana,L3,ENV-500,Bitácora,Arranque de turno,arranque normal del equipo,C. Ramírez
2026-03-19,11:05,mañana,L1,ENV-500,Bitácora,Mantenimiento correctivo,ajuste de cierre del molde,D. Valencia
2026-03-19,11:53,mañana,L3,ENV-500,Bitácora,Alarma HMI,falla de sensor de posición del husillo,D. Valencia
2026-03-19,13:04,mañana,L1,ENV-500,Bitácora,Paro no programado,paro por atasco en la banda de salida,L. Betancur
2026-03-19,13:52,mañana,L1,ENV-500,HMI,Ajuste de proceso,se corrigió el perfil de temperaturas,J. Peláez
2026-03-19,14:36,tarde,L2,BAN-250,HMI,Alarma HMI,alarma de temperatura de zona 3,J. Peláez
2026-03-19,16:33,tarde,L2,BAN-250,Bitácora,Alarma HMI,alarma de temperatura de zona 3,M. Ocampo
2026-03-19,17:41,tarde,L2,BAN-250,HMI,Inspección de calidad,revisión dimensional de rutina,J. Peláez
2026-03-19,20:37,tarde,L1,ENV-500,Bitácora,Paro no programado,paro por falta de resina en tolva,L. Betancur
2026-03-19,20:51,tarde,L1,ENV-500,Bitácora,Mantenimiento correctivo,cambio de resistencia de la zona 2,D. Valencia
2026-03-19,22:57,noche,L2,BAN-250,HMI,Ajuste de proceso,se bajó el tiempo de enfriamiento,C. Ramírez
2026-03-19,23:24,noche,L2,BAN-250,Bitácora,Mantenimiento correctivo,cambio de resistencia de la zona 2,D. Valencia
2026-03-19,23:46,noche,L2,BAN-250,HMI,Alarma HMI,alarma de temperatura de zona 3,L. Betancur
2026-03-20,00:26,noche,L2,BAN-250,HMI,Mantenimiento correctivo,cambio de resistencia de la zona 2,C. Ramírez
2026-03-20,01:02,noche,L2,BAN-250,Bitácora,Inspección de calidad,muestreo de peso conforme al plan,A. Quintero
2026-03-20,01:34,noche,L2,BAN-250,Bitácora,Alarma HMI,falla de sensor de posición del husillo,L. Betancur
2026-03-20,04:28,noche,L3,ENV-500,HMI,Inspección de calidad,muestreo de peso conforme al plan,A. Quintero
2026-03-20,04:29,noche,L3,ENV-500,Bitácora,Ajuste de proceso,se bajó el tiempo de enfriamiento,L. Betancur
2026-03-20,04:41,noche,L2,BAN-250,HMI,Ajuste de proceso,se bajó el tiempo de enfriamiento,D. Valencia
2026-03-20,06:03,mañana,L2,BAN-250,HMI,Ajuste de proceso,ajuste de contrapresión,J. Peláez
2026-03-20,06:04,mañana,L3,ENV-500,HMI,Mantenimiento correctivo,ajuste de cierre del molde,A. Quintero
2026-03-20,06:22,mañana,L2,BAN-250,HMI,Paro no programado,paro por atasco en la banda de salida,D. Valencia
2026-03-20,06:36,mañana,L2,BAN-250,HMI,Paro no programado,paro eléctrico breve,C. Ramírez
2026-03-20,08:08,mañana,L1,ENV-500,Bitácora,Inspección de calidad,muestreo de peso conforme al plan,J. Peláez
2026-03-20,08:37,mañana,L3,ENV-500,Bitácora,Arranque de turno,arranque con precalentamiento del molde,L. Betancur
2026-03-20,09:30,mañana,L3,ENV-500,HMI,Mantenimiento correctivo,cambio de resistencia de la zona 2,A. Quintero
2026-03-20,12:07,mañana,L3,ENV-500,HMI,Inspección de calidad,revisión dimensional de rutina,C. Ramírez
2026-03-20,12:10,mañana,L1,ENV-500,Bitácora,Alarma HMI,alarma de dosificador,M. Ocampo
2026-03-20,12:22,mañana,L1,ENV-500,HMI,Inspección de calidad,revisión dimensional de rutina,L. Betancur
2026-03-20,12:39,mañana,L1,ENV-500,HMI,Arranque de turno,arranque con precalentamiento del molde,C. Ramírez
2026-03-20,14:39,tarde,L2,BAN-250,Bitácora,Ajuste de proceso,se corrigió el perfil de temperaturas,D. Valencia
2026-03-20,14:40,tarde,L3,ENV-500,Bitácora,Ajuste de proceso,se corrigió el perfil de temperaturas,C. Ramírez
2026-03-20,16:56,tarde,L1,ENV-500,HMI,Inspección de calidad,revisión dimensional de rutina,A. Quintero
2026-03-20,17:07,tarde,L2,BAN-250,Bitácora,Ajuste de proceso,se corrigió el perfil de temperaturas,M. Ocampo
2026-03-20,18:03,tarde,L3,ENV-500,HMI,Alarma HMI,presión de inyección fuera de banda,J. Peláez
2026-03-20,18:16,tarde,L1,ENV-500,Bitácora,Inspección de calidad,muestreo de peso conforme al plan,M. Ocampo
2026-03-20,18:58,tarde,L3,ENV-500,HMI,Inspección de calidad,revisión dimensional de rutina,A. Quintero
2026-03-20,21:32,tarde,L1,ENV-500,Bitácora,Mantenimiento correctivo,ajuste de cierre del molde,D. Valencia
2026-03-20,21:42,tarde,L1,ENV-500,Bitácora,Ajuste de proceso,se bajó el tiempo de enfriamiento,L. Betancur
2026-03-20,22:30,noche,L2,BAN-250,HMI,Inspección de calidad,revisión dimensional de rutina,M. Ocampo
2026-03-20,23:20,noche,L3,ENV-500,HMI,Inspección de calidad,revisión dimensional de rutina,J. Peláez
2026-03-21,02:33,noche,L3,ENV-500,HMI,Inspección de calidad,revisión dimensional de rutina,D. Valencia
2026-03-21,03:21,noche,L2,BAN-250,HMI,Paro no programado,paro eléctrico breve,C. Ramírez
2026-03-21,04:59,noche,L2,BAN-250,Bitácora,Alarma HMI,falla de sensor de posición del husillo,A. Quintero
2026-03-21,05:20,noche,L2,BAN-250,Bitácora,Paro no programado,paro por falta de resina en tolva,D. Valencia
2026-03-21,05:23,noche,L2,BAN-250,HMI,Alarma HMI,falla de sensor de posición del husillo,J. Peláez
2026-03-21,06:29,mañana,L2,BAN-250,HMI,Arranque de turno,arranque normal del equipo,M. Ocampo
2026-03-21,10:45,mañana,L2,BAN-250,HMI,Ajuste de proceso,se corrigió el perfil de temperaturas,L. Betancur
2026-03-21,11:14,mañana,L2,BAN-250,HMI,Inspección de calidad,revisión dimensional de rutina,D. Valencia
2026-03-21,23:54,noche,L3,ENV-500,Bitácora,Inspección de calidad,muestreo de peso conforme al plan,L. Betancur
2026-03-22,00:09,noche,L2,TAP-38,HMI,Paro no programado,paro por falta de resina en tolva,M. Ocampo
2026-03-22,01:11,noche,L2,TAP-38,Bitácora,Arranque de turno,arranque con precalentamiento del molde,C. Ramírez
2026-03-22,03:47,noche,L2,TAP-38,Bitácora,Paro no programado,paro por falta de resina en tolva,M. Ocampo
2026-03-22,04:16,noche,L1,ENV-1000,Bitácora,Ajuste de proceso,ajuste de contrapresión,D. Valencia
2026-03-22,04:26,noche,L1,ENV-1000,Bitácora,Mantenimiento correctivo,cambio de resistencia de la zona 2,C. Ramírez
2026-03-22,08:08,mañana,L2,TAP-38,Bitácora,Arranque de turno,"el molde arrancó por debajo de temperatura, primeras piezas con rebaba",D. Valencia
2026-03-22,08:21,mañana,L3,ENV-500,HMI,Ajuste de proceso,ajuste de contrapresión,J. Peláez
2026-03-22,09:34,mañana,L3,ENV-500,HMI,Mantenimiento correctivo,cambio de resistencia de la zona 2,M. Ocampo
2026-03-22,10:41,mañana,L3,ENV-500,HMI,Alarma HMI,presión de inyección fuera de banda,D. Valencia
2026-03-22,12:14,mañana,L2,TAP-38,HMI,Arranque de turno,arranque normal del equipo,A. Quintero
2026-03-22,12:20,mañana,L3,ENV-500,HMI,Paro no programado,paro eléctrico breve,L. Betancur
2026-03-22,13:50,mañana,L2,TAP-38,HMI,Inspección de calidad,revisión dimensional de rutina,L. Betancur
2026-03-22,15:01,tarde,L3,ENV-500,Bitácora,Alarma HMI,presión de inyección fuera de banda,A. Quintero
2026-03-22,20:51,tarde,L3,ENV-500,HMI,Arranque de turno,arranque con precalentamiento del molde,A. Quintero
2026-03-23,02:47,noche,L2,TAP-38,Bitácora,Alarma HMI,presión de inyección fuera de banda,C. Ramírez
2026-03-23,03:22,noche,L2,TAP-38,Bitácora,Inspección de calidad,revisión dimensional de rutina,C. Ramírez
2026-03-23,06:06,mañana,L2,TAP-38,Bitácora,Alarma HMI,falla de sensor de posición del husillo,A. Quintero
2026-03-23,06:35,mañana,L2,TAP-38,Bitácora,Ajuste de proceso,se bajó el tiempo de enfriamiento,L. Betancur
2026-03-23,07:31,mañana,L2,TAP-38,Bitácora,Arranque de turno,"el molde arrancó por debajo de temperatura, primeras piezas con rebaba",J. Peláez
2026-03-23,07:33,mañana,L2,TAP-38,HMI,Mantenimiento correctivo,cambio de resistencia de la zona 2,J. Peláez
2026-03-23,07:46,mañana,L3,GAL-3800,HMI,Mantenimiento correctivo,cambio de resistencia de la zona 2,D. Valencia
2026-03-23,07:49,mañana,L3,GAL-3800,HMI,Inspección de calidad,muestreo de peso conforme al plan,M. Ocampo
2026-03-23,08:07,mañana,L3,GAL-3800,HMI,Arranque de turno,arranque normal del equipo,D. Valencia
2026-03-23,09:36,mañana,L3,GAL-3800,Bitácora,Mantenimiento correctivo,cambio de resistencia de la zona 2,M. Ocampo
2026-03-23,10:34,mañana,L2,TAP-38,HMI,Arranque de turno,"el molde arrancó por debajo de temperatura, primeras piezas con rebaba",L. Betancur
2026-03-23,15:50,tarde,L1,ENV-1000,Bitácora,Mantenimiento correctivo,cambio de resistencia de la zona 2,D. Valencia
2026-03-23,16:30,tarde,L1,ENV-1000,HMI,Arranque de turno,arranque con precalentamiento del molde,A. Quintero
2026-03-23,17:47,tarde,L1,ENV-1000,HMI,Mantenimiento correctivo,cambio de resistencia de la zona 2,D. Valencia
2026-03-23,18:19,tarde,L1,ENV-1000,Bitácora,Mantenimiento correctivo,cambio de resistencia de la zona 2,D. Valencia
2026-03-23,18:21,tarde,L1,ENV-1000,HMI,Mantenimiento correctivo,ajuste de cierre del molde,D. Valencia
2026-03-23,22:00,noche,L2,TAP-38,Bitácora,Mantenimiento correctivo,ajuste de cierre del molde,D. Valencia
2026-03-24,00:24,noche,L3,GAL-3800,HMI,Arranque de turno,arranque con precalentamiento del molde,L. Betancur
2026-03-24,03:08,noche,L1,ENV-1000,HMI,Arranque de turno,arranque con precalentamiento del molde,D. Valencia
2026-03-24,03:16,noche,L1,ENV-1000,Bitácora,Arranque de turno,arranque con precalentamiento del molde,C. Ramírez
2026-03-24,03:52,noche,L1,ENV-1000,Bitácora,Arranque de turno,arranque normal del equipo,M. Ocampo
2026-03-24,04:11,noche,L2,TAP-38,Bitácora,Paro no programado,paro eléctrico breve,C. Ramírez
2026-03-24,05:51,noche,L2,TAP-38,Bitácora,Ajuste de proceso,ajuste de contrapresión,A. Quintero
2026-03-24,05:59,noche,L2,TAP-38,Bitácora,Paro no programado,paro por falta de resina en tolva,L. Betancur
2026-03-24,06:31,mañana,L3,GAL-3800,HMI,Arranque de turno,arranque normal del equipo,C. Ramírez
2026-03-24,06:33,mañana,L1,ENV-1000,HMI,Mantenimiento correctivo,cambio de resistencia de la zona 2,C. Ramírez
2026-03-24,07:44,mañana,L3,GAL-3800,Bitácora,Paro no programado,paro eléctrico breve,C. Ramírez
2026-03-24,08:56,mañana,L1,ENV-1000,HMI,Mantenimiento correctivo,ajuste de cierre del molde,D. Valencia
2026-03-24,10:38,mañana,L3,GAL-3800,HMI,Paro no programado,paro por falta de resina en tolva,L. Betancur
2026-03-24,10:51,mañana,L1,ENV-1000,HMI,Paro no programado,paro eléctrico breve,A. Quintero
2026-03-24,10:51,mañana,L1,ENV-1000,HMI,Inspección de calidad,revisión dimensional de rutina,D. Valencia
2026-03-24,12:32,mañana,L1,ENV-1000,HMI,Arranque de turno,"el molde arrancó por debajo de temperatura, primeras piezas con rebaba",D. Valencia
2026-03-24,16:06,tarde,L1,ENV-1000,HMI,Inspección de calidad,revisión dimensional de rutina,L. Betancur
2026-03-24,16:12,tarde,L2,TAP-38,Bitácora,Alarma HMI,falla de sensor de posición del husillo,A. Quintero
2026-03-24,17:30,tarde,L1,ENV-1000,Bitácora,Paro no programado,paro eléctrico breve,L. Betancur
2026-03-24,19:04,tarde,L1,ENV-1000,HMI,Alarma HMI,falla de sensor de posición del husillo,A. Quintero
2026-03-24,19:52,tarde,L1,ENV-1000,HMI,Mantenimiento correctivo,cambio de resistencia de la zona 2,J. Peláez
2026-03-24,21:03,tarde,L2,TAP-38,HMI,Mantenimiento correctivo,ajuste de cierre del molde,D. Valencia
2026-03-24,21:16,tarde,L2,TAP-38,Bitácora,Inspección de calidad,muestreo de peso conforme al plan,A. Quintero
2026-03-24,21:25,tarde,L1,ENV-1000,HMI,Ajuste de proceso,se bajó el tiempo de enfriamiento,C. Ramírez
2026-03-24,22:50,noche,L1,ENV-1000,Bitácora,Mantenimiento correctivo,cambio de resistencia de la zona 2,C. Ramírez
2026-03-24,23:04,noche,L1,ENV-1000,HMI,Arranque de turno,arranque normal del equipo,D. Valencia
2026-03-24,23:46,noche,L3,GAL-3800,HMI,Ajuste de proceso,se bajó el tiempo de enfriamiento,C. Ramírez
2026-03-25,01:02,noche,L1,ENV-500,Bitácora,Ajuste de proceso,se corrigió el perfil de temperaturas,A. Quintero
2026-03-25,03:03,noche,L2,TAP-38,Bitácora,Ajuste de proceso,se bajó el tiempo de enfriamiento,J. Peláez
2026-03-25,05:09,noche,L2,TAP-38,Bitácora,Alarma HMI,alarma de temperatura de zona 3,J. Peláez
2026-03-25,05:21,noche,L3,GAL-3800,HMI,Paro no programado,paro eléctrico breve,L. Betancur
2026-03-25,05:36,noche,L2,TAP-38,HMI,Alarma HMI,alarma de dosificador,M. Ocampo
2026-03-25,06:48,mañana,L2,TAP-38,HMI,Paro no programado,paro por atasco en la banda de salida,A. Quintero
2026-03-25,07:00,mañana,L1,ENV-500,Bitácora,Inspección de calidad,muestreo de peso conforme al plan,A. Quintero
2026-03-25,07:41,mañana,L3,GAL-3800,HMI,Alarma HMI,falla de sensor de posición del husillo,C. Ramírez
2026-03-25,07:51,mañana,L2,TAP-38,Bitácora,Ajuste de proceso,ajuste de contrapresión,L. Betancur
2026-03-25,08:28,mañana,L2,TAP-38,HMI,Mantenimiento correctivo,ajuste de cierre del molde,D. Valencia
2026-03-25,11:21,mañana,L1,ENV-500,Bitácora,Mantenimiento correctivo,cambio de resistencia de la zona 2,D. Valencia
2026-03-25,12:44,mañana,L3,GAL-3800,HMI,Mantenimiento correctivo,ajuste de cierre del molde,J. Peláez
2026-03-25,14:46,tarde,L3,GAL-3800,HMI,Mantenimiento correctivo,ajuste de cierre del molde,A. Quintero
2026-03-25,15:29,tarde,L3,GAL-3800,Bitácora,Arranque de turno,arranque con precalentamiento del molde,D. Valencia
2026-03-25,16:06,tarde,L3,GAL-3800,HMI,Paro no programado,paro eléctrico breve,M. Ocampo
2026-03-25,16:45,tarde,L3,GAL-3800,Bitácora,Mantenimiento correctivo,cambio de resistencia de la zona 2,M. Ocampo
2026-03-25,17:52,tarde,L1,ENV-500,HMI,Alarma HMI,alarma de dosificador,A. Quintero
2026-03-25,19:25,tarde,L1,ENV-500,HMI,Mantenimiento correctivo,cambio de resistencia de la zona 2,A. Quintero
2026-03-25,20:40,tarde,L3,GAL-3800,Bitácora,Inspección de calidad,muestreo de peso conforme al plan,M. Ocampo
2026-03-25,22:02,noche,L3,GAL-3800,HMI,Ajuste de proceso,se bajó el tiempo de enfriamiento,L. Betancur
2026-03-25,22:37,noche,L2,TAP-38,HMI,Arranque de turno,arranque con precalentamiento del molde,L. Betancur
2026-03-25,22:47,noche,L1,ENV-500,Bitácora,Alarma HMI,alarma de dosificador,M. Ocampo
2026-03-25,23:44,noche,L1,ENV-500,HMI,Paro no programado,paro por falta de resina en tolva,D. Valencia
2026-03-26,01:03,noche,L3,ENV-500,HMI,Mantenimiento correctivo,cambio de resistencia de la zona 2,C. Ramírez
2026-03-26,03:21,noche,L1,ENV-500,HMI,Arranque de turno,"el molde arrancó por debajo de temperatura, primeras piezas con rebaba",M. Ocampo
2026-03-26,03:28,noche,L2,TAP-38,Bitácora,Inspección de calidad,revisión dimensional de rutina,A. Quintero
2026-03-26,03:29,noche,L2,TAP-38,HMI,Paro no programado,paro por falta de resina en tolva,L. Betancur
2026-03-26,03:54,noche,L2,TAP-38,Bitácora,Mantenimiento correctivo,ajuste de cierre del molde,A. Quintero
2026-03-26,04:28,noche,L1,ENV-500,Bitácora,Mantenimiento correctivo,cambio de resistencia de la zona 2,D. Valencia
2026-03-26,07:58,mañana,L2,TAP-38,Bitácora,Alarma HMI,alarma de temperatura de zona 3,D. Valencia
2026-03-26,08:40,mañana,L2,TAP-38,HMI,Inspección de calidad,revisión dimensional de rutina,M. Ocampo
2026-03-26,08:49,mañana,L2,TAP-38,HMI,Inspección de calidad,revisión dimensional de rutina,C. Ramírez
2026-03-26,12:14,mañana,L2,TAP-38,Bitácora,Mantenimiento correctivo,cambio de resistencia de la zona 2,J. Peláez
2026-03-26,12:43,mañana,L2,TAP-38,HMI,Arranque de turno,"el molde arrancó por debajo de temperatura, primeras piezas con rebaba",M. Ocampo
2026-03-26,14:10,tarde,L3,ENV-500,Bitácora,Paro no programado,paro por atasco en la banda de salida,A. Quintero
2026-03-26,15:11,tarde,L1,ENV-500,HMI,Paro no programado,paro por atasco en la banda de salida,A. Quintero
2026-03-26,17:29,tarde,L3,ENV-500,HMI,Paro no programado,paro por atasco en la banda de salida,A. Quintero
2026-03-26,17:44,tarde,L1,ENV-500,Bitácora,Ajuste de proceso,se bajó el tiempo de enfriamiento,C. Ramírez
2026-03-26,18:49,tarde,L1,ENV-500,HMI,Ajuste de proceso,se corrigió el perfil de temperaturas,M. Ocampo
2026-03-26,20:14,tarde,L3,ENV-500,HMI,Ajuste de proceso,se bajó el tiempo de enfriamiento,L. Betancur
2026-03-26,20:21,tarde,L3,ENV-500,Bitácora,Paro no programado,paro por atasco en la banda de salida,M. Ocampo
2026-03-26,21:15,tarde,L3,ENV-500,HMI,Arranque de turno,"el molde arrancó por debajo de temperatura, primeras piezas con rebaba",C. Ramírez
2026-03-26,21:29,tarde,L1,ENV-500,HMI,Arranque de turno,arranque normal del equipo,A. Quintero
2026-03-26,22:41,noche,L3,ENV-500,Bitácora,Alarma HMI,falla de sensor de posición del husillo,C. Ramírez
2026-03-26,22:42,noche,L2,TAP-38,Bitácora,Inspección de calidad,revisión dimensional de rutina,J. Peláez
2026-03-27,01:53,noche,L3,ENV-500,HMI,Paro no programado,paro por atasco en la banda de salida,J. Peláez
2026-03-27,01:57,noche,L3,ENV-500,HMI,Mantenimiento correctivo,cambio de resistencia de la zona 2,J. Peláez
2026-03-27,02:14,noche,L2,TAP-38,Bitácora,Ajuste de proceso,se corrigió el perfil de temperaturas,D. Valencia
2026-03-27,04:24,noche,L2,TAP-38,HMI,Inspección de calidad,revisión dimensional de rutina,C. Ramírez
2026-03-27,04:56,noche,L2,TAP-38,Bitácora,Alarma HMI,alarma de dosificador,D. Valencia
2026-03-27,05:05,noche,L3,ENV-500,HMI,Paro no programado,paro por atasco en la banda de salida,D. Valencia
2026-03-27,05:31,noche,L3,ENV-500,HMI,Arranque de turno,"el molde arrancó por debajo de temperatura, primeras piezas con rebaba",D. Valencia
2026-03-27,07:24,mañana,L3,ENV-500,HMI,Mantenimiento correctivo,ajuste de cierre del molde,J. Peláez
2026-03-27,07:34,mañana,L3,ENV-500,Bitácora,Paro no programado,paro por falta de resina en tolva,C. Ramírez
2026-03-27,09:41,mañana,L3,ENV-500,HMI,Inspección de calidad,muestreo de peso conforme al plan,C. Ramírez
2026-03-27,10:12,mañana,L3,ENV-500,Bitácora,Inspección de calidad,muestreo de peso conforme al plan,D. Valencia
2026-03-27,17:46,tarde,L3,ENV-500,Bitácora,Mantenimiento correctivo,cambio de resistencia de la zona 2,L. Betancur
2026-03-27,18:35,tarde,L2,TAP-38,HMI,Ajuste de proceso,ajuste de contrapresión,J. Peláez
2026-03-27,20:54,tarde,L2,TAP-38,Bitácora,Arranque de turno,arranque con precalentamiento del molde,A. Quintero
2026-03-27,21:29,tarde,L3,ENV-500,Bitácora,Ajuste de proceso,se corrigió el perfil de temperaturas,D. Valencia
2026-03-27,21:55,tarde,L2,TAP-38,HMI,Inspección de calidad,revisión dimensional de rutina,M. Ocampo
2026-03-27,23:36,noche,L2,TAP-38,Bitácora,Paro no programado,paro eléctrico breve,A. Quintero
2026-03-28,02:10,noche,L1,ENV-500,HMI,Ajuste de proceso,ajuste de contrapresión,C. Ramírez
2026-03-28,03:54,noche,L2,TAP-38,Bitácora,Mantenimiento correctivo,ajuste de cierre del molde,A. Quintero
2026-03-28,05:02,noche,L3,ENV-500,Bitácora,Mantenimiento correctivo,cambio de resistencia de la zona 2,J. Peláez
2026-03-28,05:43,noche,L3,ENV-500,HMI,Alarma HMI,alarma de dosificador,L. Betancur
2026-03-28,06:09,mañana,L2,TAP-38,HMI,Paro no programado,paro eléctrico breve,A. Quintero
2026-03-28,07:25,mañana,L3,ENV-500,Bitácora,Alarma HMI,alarma de temperatura de zona 3,L. Betancur
2026-03-28,07:36,mañana,L3,ENV-500,Bitácora,Arranque de turno,arranque normal del equipo,D. Valencia
2026-03-28,10:55,mañana,L2,TAP-38,Bitácora,Arranque de turno,arranque normal del equipo,L. Betancur
2026-03-28,11:24,mañana,L2,TAP-38,Bitácora,Mantenimiento correctivo,ajuste de cierre del molde,A. Quintero
2026-03-28,12:05,mañana,L3,ENV-500,Bitácora,Paro no programado,paro por atasco en la banda de salida,A. Quintero
2026-03-28,13:25,mañana,L3,ENV-500,Bitácora,Paro no programado,paro eléctrico breve,D. Valencia
2026-03-28,15:03,tarde,L1,ENV-500,HMI,Mantenimiento correctivo,ajuste de cierre del molde,D. Valencia
2026-03-28,20:29,tarde,L1,ENV-500,HMI,Inspección de calidad,revisión dimensional de rutina,J. Peláez
2026-03-28,22:18,noche,L3,ENV-500,HMI,Inspección de calidad,revisión dimensional de rutina,J. Peláez
2026-03-28,22:47,noche,L1,ENV-500,Bitácora,Arranque de turno,"el molde arrancó por debajo de temperatura, primeras piezas con rebaba",D. Valencia
2026-03-28,22:58,noche,L1,ENV-500,HMI,Paro no programado,paro por atasco en la banda de salida,D. Valencia
2026-03-28,23:24,noche,L2,TAP-38,Bitácora,Ajuste de proceso,ajuste de contrapresión,A. Quintero
2026-03-28,23:37,noche,L2,TAP-38,HMI,Alarma HMI,alarma de temperatura de zona 3,M. Ocampo
2026-03-29,00:24,noche,L3,ENV-500,Bitácora,Inspección de calidad,muestreo de peso conforme al plan,C. Ramírez
2026-03-29,01:29,noche,L3,ENV-500,HMI,Inspección de calidad,muestreo de peso conforme al plan,C. Ramírez
2026-03-29,02:45,noche,L3,ENV-500,Bitácora,Arranque de turno,"el molde arrancó por debajo de temperatura, primeras piezas con rebaba",L. Betancur
2026-03-29,03:01,noche,L3,ENV-500,Bitácora,Mantenimiento correctivo,ajuste de cierre del molde,D. Valencia
2026-03-29,03:19,noche,L3,ENV-500,HMI,Arranque de turno,"el molde arrancó por debajo de temperatura, primeras piezas con rebaba",J. Peláez
2026-03-29,03:56,noche,L1,ENV-500,HMI,Paro no programado,paro por falta de resina en tolva,M. Ocampo
2026-03-29,06:40,mañana,L3,ENV-500,HMI,Paro no programado,paro eléctrico breve,C. Ramírez
2026-03-29,07:15,mañana,L1,ENV-500,Bitácora,Alarma HMI,alarma de dosificador,C. Ramírez
2026-03-29,09:13,mañana,L3,ENV-500,HMI,Inspección de calidad,revisión dimensional de rutina,L. Betancur
2026-03-29,09:54,mañana,L3,ENV-500,Bitácora,Ajuste de proceso,se bajó el tiempo de enfriamiento,M. Ocampo
2026-03-29,10:40,mañana,L3,ENV-500,Bitácora,Mantenimiento correctivo,ajuste de cierre del molde,D. Valencia
2026-03-29,11:59,mañana,L2,TAP-38,HMI,Ajuste de proceso,ajuste de contrapresión,M. Ocampo
2026-03-29,12:07,mañana,L1,ENV-500,HMI,Mantenimiento correctivo,cambio de resistencia de la zona 2,J. Peláez
2026-03-29,13:20,mañana,L2,TAP-38,Bitácora,Mantenimiento correctivo,ajuste de cierre del molde,L. Betancur
2026-03-29,14:54,tarde,L2,TAP-38,HMI,Alarma HMI,alarma de temperatura de zona 3,C. Ramírez
2026-03-29,15:42,tarde,L1,ENV-500,HMI,Mantenimiento correctivo,ajuste de cierre del molde,M. Ocampo
2026-03-29,15:43,tarde,L2,TAP-38,Bitácora,Ajuste de proceso,se corrigió el perfil de temperaturas,D. Valencia
2026-03-29,15:48,tarde,L2,TAP-38,HMI,Inspección de calidad,muestreo de peso conforme al plan,J. Peláez
2026-03-29,18:13,tarde,L1,ENV-500,HMI,Arranque de turno,"el molde arrancó por debajo de temperatura, primeras piezas con rebaba",M. Ocampo
2026-03-29,18:35,tarde,L1,ENV-500,HMI,Mantenimiento correctivo,ajuste de cierre del molde,C. Ramírez
2026-03-29,20:21,tarde,L2,TAP-38,Bitácora,Paro no programado,paro por atasco en la banda de salida,C. Ramírez
2026-03-29,22:16,noche,L1,ENV-500,HMI,Arranque de turno,arranque con precalentamiento del molde,A. Quintero
2026-03-29,22:33,noche,L1,ENV-500,HMI,Ajuste de proceso,se corrigió el perfil de temperaturas,M. Ocampo
2026-03-30,00:53,noche,L1,ENV-500,HMI,Ajuste de proceso,ajuste de contrapresión,C. Ramírez
2026-03-30,02:59,noche,L1,ENV-500,Bitácora,Paro no programado,paro por atasco en la banda de salida,C. Ramírez
2026-03-30,04:44,noche,L1,ENV-500,HMI,Ajuste de proceso,se bajó el tiempo de enfriamiento,M. Ocampo
2026-03-30,05:03,noche,L3,ENV-500,HMI,Ajuste de proceso,se bajó el tiempo de enfriamiento,A. Quintero
2026-03-30,05:10,noche,L3,ENV-500,Bitácora,Mantenimiento correctivo,ajuste de cierre del molde,C. Ramírez
2026-03-30,05:12,noche,L3,ENV-500,Bitácora,Arranque de turno,arranque normal del equipo,L. Betancur
2026-03-30,05:41,noche,L1,ENV-500,Bitácora,Inspección de calidad,revisión dimensional de rutina,C. Ramírez
2026-03-30,06:16,mañana,L3,ENV-500,HMI,Mantenimiento correctivo,ajuste de cierre del molde,L. Betancur
2026-03-30,06:47,mañana,L2,BAN-250,Bitácora,Ajuste de proceso,se bajó el tiempo de enfriamiento,C. Ramírez
2026-03-30,06:48,mañana,L3,ENV-500,HMI,Mantenimiento correctivo,ajuste de cierre del molde,A. Quintero
2026-03-30,08:23,mañana,L2,BAN-250,Bitácora,Ajuste de proceso,se corrigió el perfil de temperaturas,A. Quintero
2026-03-30,09:14,mañana,L2,BAN-250,HMI,Paro no programado,paro eléctrico breve,D. Valencia
2026-03-30,09:50,mañana,L1,ENV-500,HMI,Arranque de turno,"el molde arrancó por debajo de temperatura, primeras piezas con rebaba",L. Betancur
2026-03-30,10:16,mañana,L2,BAN-250,HMI,Arranque de turno,arranque con precalentamiento del molde,C. Ramírez
2026-03-30,10:38,mañana,L1,ENV-500,Bitácora,Alarma HMI,presión de inyección fuera de banda,A. Quintero
2026-03-30,12:16,mañana,L2,BAN-250,HMI,Arranque de turno,arranque normal del equipo,C. Ramírez
2026-03-30,14:11,tarde,L2,BAN-250,HMI,Arranque de turno,arranque con precalentamiento del molde,D. Valencia
2026-03-30,14:53,tarde,L2,BAN-250,Bitácora,Paro no programado,paro por atasco en la banda de salida,J. Peláez
2026-03-30,15:20,tarde,L1,ENV-500,HMI,Alarma HMI,presión de inyección fuera de banda,C. Ramírez
2026-03-30,15:51,tarde,L1,ENV-500,Bitácora,Alarma HMI,falla de sensor de posición del husillo,C. Ramírez
2026-03-30,15:53,tarde,L1,ENV-500,Bitácora,Inspección de calidad,revisión dimensional de rutina,D. Valencia
2026-03-30,20:14,tarde,L1,ENV-500,Bitácora,Arranque de turno,arranque con precalentamiento del molde,D. Valencia
2026-03-30,21:43,tarde,L2,BAN-250,HMI,Mantenimiento correctivo,ajuste de cierre del molde,M. Ocampo
2026-03-30,22:55,noche,L3,ENV-500,Bitácora,Mantenimiento correctivo,ajuste de cierre del molde,J. Peláez
2026-03-30,22:56,noche,L1,ENV-500,Bitácora,Arranque de turno,arranque con precalentamiento del molde,M. Ocampo
2026-03-30,23:32,noche,L3,ENV-500,HMI,Ajuste de proceso,se corrigió el perfil de temperaturas,L. Betancur
2026-03-31,01:19,noche,L1,ENV-500,Bitácora,Ajuste de proceso,ajuste de contrapresión,J. Peláez
2026-03-31,04:21,noche,L1,ENV-500,HMI,Mantenimiento correctivo,ajuste de cierre del molde,A. Quintero
2026-03-31,05:36,noche,L2,BAN-250,HMI,Ajuste de proceso,ajuste de contrapresión,D. Valencia
2026-03-31,09:01,mañana,L2,BAN-250,HMI,Paro no programado,paro eléctrico breve,D. Valencia
2026-03-31,10:14,mañana,L2,BAN-250,HMI,Mantenimiento correctivo,ajuste de cierre del molde,C. Ramírez
2026-03-31,10:37,mañana,L2,BAN-250,Bitácora,Arranque de turno,arranque normal del equipo,C. Ramírez
2026-03-31,11:07,mañana,L2,BAN-250,HMI,Mantenimiento correctivo,ajuste de cierre del molde,L. Betancur
2026-03-31,14:38,tarde,L3,ENV-500,Bitácora,Paro no programado,paro por atasco en la banda de salida,C. Ramírez
2026-03-31,15:14,tarde,L2,BAN-250,Bitácora,Mantenimiento correctivo,cambio de resistencia de la zona 2,C. Ramírez
2026-03-31,15:38,tarde,L2,BAN-250,HMI,Inspección de calidad,revisión dimensional de rutina,A. Quintero
2026-03-31,16:30,tarde,L1,ENV-500,Bitácora,Paro no programado,paro eléctrico breve,C. Ramírez
2026-03-31,17:23,tarde,L1,ENV-500,HMI,Arranque de turno,arranque normal del equipo,A. Quintero
2026-03-31,17:43,tarde,L3,ENV-500,Bitácora,Alarma HMI,presión de inyección fuera de banda,D. Valencia
2026-03-31,18:09,tarde,L2,BAN-250,Bitácora,Paro no programado,paro por atasco en la banda de salida,M. Ocampo
2026-03-31,19:54,tarde,L2,BAN-250,HMI,Alarma HMI,alarma de temperatura de zona 3,A. Quintero
2026-03-31,19:56,tarde,L3,ENV-500,Bitácora,Ajuste de proceso,se bajó el tiempo de enfriamiento,C. Ramírez
2026-03-31,21:18,tarde,L3,ENV-500,HMI,Paro no programado,paro por atasco en la banda de salida,D. Valencia
2026-03-31,21:27,tarde,L2,BAN-250,HMI,Inspección de calidad,muestreo de peso conforme al plan,C. Ramírez
2026-03-31,21:55,tarde,L3,ENV-500,HMI,Inspección de calidad,muestreo de peso conforme al plan,D. Valencia
2026-03-31,22:00,noche,L1,ENV-500,HMI,Arranque de turno,arranque con precalentamiento del molde,J. Peláez
2026-03-31,22:05,noche,L2,BAN-250,Bitácora,Paro no programado,paro por falta de resina en tolva,L. Betancur
2026-03-31,22:11,noche,L2,BAN-250,Bitácora,Arranque de turno,"el molde arrancó por debajo de temperatura, primeras piezas con rebaba",J. Peláez
2026-03-31,23:12,noche,L2,BAN-250,Bitácora,Alarma HMI,alarma de temperatura de zona 3,A. Quintero
2026-04-01,01:28,noche,L1,ENV-500,HMI,Mantenimiento correctivo,cambio de resistencia de la zona 2,L. Betancur
2026-04-01,04:48,noche,L1,ENV-500,HMI,Arranque de turno,arranque normal del equipo,A. Quintero
2026-04-01,08:41,mañana,L3,ENV-500,HMI,Inspección de calidad,revisión dimensional de rutina,D. Valencia
2026-04-01,11:21,mañana,L3,ENV-500,HMI,Alarma HMI,presión de inyección fuera de banda,M. Ocampo
2026-04-01,11:49,mañana,L1,ENV-500,HMI,Arranque de turno,arranque normal del equipo,C. Ramírez
2026-04-01,12:08,mañana,L1,ENV-500,HMI,Paro no programado,paro por falta de resina en tolva,D. Valencia
2026-04-01,12:26,mañana,L3,ENV-500,Bitácora,Mantenimiento correctivo,ajuste de cierre del molde,A. Quintero
2026-04-01,15:04,tarde,L2,BAN-250,Bitácora,Alarma HMI,alarma de temperatura de zona 3,C. Ramírez
2026-04-01,18:03,tarde,L1,ENV-500,Bitácora,Inspección de calidad,revisión dimensional de rutina,L. Betancur
2026-04-01,18:07,tarde,L3,ENV-500,HMI,Arranque de turno,arranque normal del equipo,D. Valencia
2026-04-01,19:10,tarde,L1,ENV-500,HMI,Alarma HMI,alarma de temperatura de zona 3,A. Quintero
2026-04-01,20:19,tarde,L2,BAN-250,Bitácora,Mantenimiento correctivo,cambio de resistencia de la zona 2,L. Betancur
2026-04-01,20:53,tarde,L1,ENV-500,HMI,Mantenimiento correctivo,cambio de resistencia de la zona 2,A. Quintero
2026-04-01,21:31,tarde,L3,ENV-500,HMI,Ajuste de proceso,se bajó el tiempo de enfriamiento,C. Ramírez
2026-04-01,21:33,tarde,L3,ENV-500,HMI,Mantenimiento correctivo,cambio de resistencia de la zona 2,D. Valencia
2026-04-02,00:47,noche,L2,BAN-250,Bitácora,Mantenimiento correctivo,ajuste de cierre del molde,D. Valencia
2026-04-02,01:22,noche,L2,BAN-250,Bitácora,Arranque de turno,arranque normal del equipo,A. Quintero
2026-04-02,02:32,noche,L2,BAN-250,Bitácora,Arranque de turno,"el molde arrancó por debajo de temperatura, primeras piezas con rebaba",M. Ocampo
2026-04-02,15:11,tarde,L2,BAN-250,Bitácora,Arranque de turno,arranque normal del equipo,L. Betancur
2026-04-02,16:12,tarde,L2,BAN-250,HMI,Alarma HMI,falla de sensor de posición del husillo,M. Ocampo
2026-04-02,16:49,tarde,L2,BAN-250,HMI,Inspección de calidad,muestreo de peso conforme al plan,M. Ocampo
2026-04-03,00:34,noche,L2,BAN-250,Bitácora,Inspección de calidad,revisión dimensional de rutina,L. Betancur
2026-04-03,01:04,noche,L2,BAN-250,Bitácora,Inspección de calidad,revisión dimensional de rutina,A. Quintero
2026-04-03,03:07,noche,L3,GAL-3800,Bitácora,Paro no programado,paro por atasco en la banda de salida,A. Quintero
2026-04-03,03:53,noche,L2,BAN-250,HMI,Ajuste de proceso,ajuste de contrapresión,L. Betancur
2026-04-03,04:54,noche,L3,GAL-3800,Bitácora,Inspección de calidad,revisión dimensional de rutina,J. Peláez
2026-04-03,05:34,noche,L2,BAN-250,HMI,Alarma HMI,presión de inyección fuera de banda,L. Betancur
2026-04-03,06:34,mañana,L2,BAN-250,HMI,Arranque de turno,"el molde arrancó por debajo de temperatura, primeras piezas con rebaba",J. Peláez
2026-04-03,06:52,mañana,L3,GAL-3800,HMI,Arranque de turno,arranque normal del equipo,A. Quintero
2026-04-03,07:52,mañana,L3,GAL-3800,HMI,Mantenimiento correctivo,cambio de resistencia de la zona 2,C. Ramírez
2026-04-03,08:53,mañana,L2,BAN-250,HMI,Arranque de turno,"el molde arrancó por debajo de temperatura, primeras piezas con rebaba",L. Betancur
2026-04-03,08:53,mañana,L3,GAL-3800,HMI,Paro no programado,paro por falta de resina en tolva,L. Betancur
2026-04-03,09:26,mañana,L1,ENV-1000,Bitácora,Ajuste de proceso,ajuste de contrapresión,L. Betancur
2026-04-03,10:13,mañana,L1,ENV-1000,Bitácora,Ajuste de proceso,ajuste de contrapresión,A. Quintero
2026-04-03,10:18,mañana,L3,GAL-3800,HMI,Arranque de turno,arranque con precalentamiento del molde,D. Valencia
2026-04-03,11:43,mañana,L2,BAN-250,Bitácora,Mantenimiento correctivo,ajuste de cierre del molde,D. Valencia
2026-04-03,11:59,mañana,L1,ENV-1000,HMI,Ajuste de proceso,ajuste de contrapresión,D. Valencia
2026-04-03,12:15,mañana,L3,GAL-3800,Bitácora,Inspección de calidad,muestreo de peso conforme al plan,A. Quintero
2026-04-03,12:55,mañana,L2,BAN-250,HMI,Mantenimiento correctivo,cambio de resistencia de la zona 2,J. Peláez
2026-04-03,13:44,mañana,L1,ENV-1000,HMI,Alarma HMI,alarma de temperatura de zona 3,M. Ocampo
2026-04-03,16:05,tarde,L2,BAN-250,HMI,Paro no programado,paro eléctrico breve,J. Peláez
2026-04-03,17:48,tarde,L2,BAN-250,HMI,Arranque de turno,arranque normal del equipo,L. Betancur
2026-04-03,18:14,tarde,L2,BAN-250,Bitácora,Paro no programado,paro eléctrico breve,C. Ramírez
2026-04-03,18:29,tarde,L1,ENV-1000,Bitácora,Ajuste de proceso,se bajó el tiempo de enfriamiento,L. Betancur
2026-04-03,19:11,tarde,L1,ENV-1000,HMI,Arranque de turno,arranque normal del equipo,C. Ramírez
2026-04-03,21:25,tarde,L2,BAN-250,HMI,Mantenimiento correctivo,ajuste de cierre del molde,A. Quintero
2026-04-03,23:54,noche,L2,BAN-250,Bitácora,Arranque de turno,arranque normal del equipo,A. Quintero
2026-04-04,00:12,noche,L2,TAP-38,HMI,Paro no programado,paro por falta de resina en tolva,C. Ramírez
2026-04-04,02:14,noche,L2,TAP-38,HMI,Inspección de calidad,revisión dimensional de rutina,J. Peláez
2026-04-04,02:53,noche,L1,ENV-1000,HMI,Mantenimiento correctivo,cambio de resistencia de la zona 2,C. Ramírez
2026-04-04,04:03,noche,L2,TAP-38,HMI,Mantenimiento correctivo,ajuste de cierre del molde,A. Quintero
2026-04-04,04:22,noche,L2,TAP-38,HMI,Inspección de calidad,muestreo de peso conforme al plan,J. Peláez
2026-04-04,04:30,noche,L1,ENV-1000,HMI,Alarma HMI,presión de inyección fuera de banda,J. Peláez
2026-04-04,06:19,mañana,L2,TAP-38,Bitácora,Inspección de calidad,muestreo de peso conforme al plan,C. Ramírez
2026-04-04,07:57,mañana,L1,ENV-1000,Bitácora,Inspección de calidad,muestreo de peso conforme al plan,M. Ocampo
2026-04-04,08:09,mañana,L1,ENV-1000,HMI,Arranque de turno,arranque con precalentamiento del molde,M. Ocampo
2026-04-04,09:16,mañana,L2,TAP-38,HMI,Inspección de calidad,revisión dimensional de rutina,C. Ramírez
2026-04-04,10:15,mañana,L3,GAL-3800,HMI,Ajuste de proceso,ajuste de contrapresión,M. Ocampo
2026-04-04,10:16,mañana,L1,ENV-1000,HMI,Ajuste de proceso,se corrigió el perfil de temperaturas,C. Ramírez
2026-04-04,10:25,mañana,L2,TAP-38,Bitácora,Arranque de turno,arranque con precalentamiento del molde,M. Ocampo
2026-04-04,10:27,mañana,L3,GAL-3800,HMI,Mantenimiento correctivo,cambio de resistencia de la zona 2,D. Valencia
2026-04-04,11:20,mañana,L2,TAP-38,HMI,Mantenimiento correctivo,cambio de resistencia de la zona 2,A. Quintero
2026-04-04,11:37,mañana,L3,GAL-3800,Bitácora,Ajuste de proceso,ajuste de contrapresión,C. Ramírez
2026-04-04,13:19,mañana,L2,TAP-38,Bitácora,Ajuste de proceso,ajuste de contrapresión,M. Ocampo
2026-04-04,14:13,tarde,L2,TAP-38,Bitácora,Arranque de turno,arranque con precalentamiento del molde,A. Quintero
2026-04-04,15:17,tarde,L3,GAL-3800,HMI,Inspección de calidad,revisión dimensional de rutina,M. Ocampo
2026-04-04,16:34,tarde,L1,ENV-1000,HMI,Paro no programado,paro eléctrico breve,J. Peláez
2026-04-04,16:37,tarde,L1,ENV-1000,HMI,Alarma HMI,falla de sensor de posición del husillo,M. Ocampo
2026-04-04,17:03,tarde,L2,TAP-38,HMI,Ajuste de proceso,se bajó el tiempo de enfriamiento,J. Peláez
2026-04-04,18:04,tarde,L3,GAL-3800,Bitácora,Alarma HMI,alarma de temperatura de zona 3,J. Peláez
2026-04-04,18:35,tarde,L3,GAL-3800,Bitácora,Mantenimiento correctivo,ajuste de cierre del molde,J. Peláez
2026-04-04,19:33,tarde,L2,TAP-38,Bitácora,Alarma HMI,falla de sensor de posición del husillo,L. Betancur
2026-04-04,19:58,tarde,L1,ENV-1000,HMI,Mantenimiento correctivo,ajuste de cierre del molde,C. Ramírez
2026-04-04,20:02,tarde,L3,GAL-3800,HMI,Inspección de calidad,revisión dimensional de rutina,D. Valencia
2026-04-04,20:25,tarde,L2,TAP-38,HMI,Arranque de turno,arranque con precalentamiento del molde,C. Ramírez
2026-04-04,20:27,tarde,L1,ENV-1000,HMI,Arranque de turno,"el molde arrancó por debajo de temperatura, primeras piezas con rebaba",L. Betancur
2026-04-04,21:10,tarde,L1,ENV-1000,Bitácora,Ajuste de proceso,se corrigió el perfil de temperaturas,M. Ocampo
2026-04-04,23:00,noche,L1,ENV-1000,HMI,Ajuste de proceso,ajuste de contrapresión,L. Betancur
2026-04-05,01:21,noche,L3,GAL-3800,Bitácora,Alarma HMI,falla de sensor de posición del husillo,D. Valencia
2026-04-05,02:38,noche,L2,TAP-38,HMI,Alarma HMI,alarma de dosificador,J. Peláez
2026-04-05,03:06,noche,L2,TAP-38,HMI,Alarma HMI,alarma de dosificador,A. Quintero
2026-04-05,05:35,noche,L2,TAP-38,Bitácora,Inspección de calidad,muestreo de peso conforme al plan,C. Ramírez
2026-04-05,06:19,mañana,L1,ENV-1000,HMI,Alarma HMI,falla de sensor de posición del husillo,M. Ocampo
2026-04-05,08:08,mañana,L2,TAP-38,Bitácora,Mantenimiento correctivo,ajuste de cierre del molde,A. Quintero
2026-04-05,08:10,mañana,L2,TAP-38,HMI,Paro no programado,paro por falta de resina en tolva,D. Valencia
2026-04-05,08:14,mañana,L1,ENV-1000,Bitácora,Mantenimiento correctivo,ajuste de cierre del molde,M. Ocampo
2026-04-05,09:44,mañana,L1,ENV-1000,Bitácora,Ajuste de proceso,se corrigió el perfil de temperaturas,L. Betancur
2026-04-05,10:40,mañana,L1,ENV-1000,Bitácora,Mantenimiento correctivo,ajuste de cierre del molde,C. Ramírez
2026-04-05,13:01,mañana,L2,TAP-38,HMI,Alarma HMI,alarma de temperatura de zona 3,J. Peláez
2026-04-05,13:18,mañana,L1,ENV-1000,HMI,Paro no programado,paro por atasco en la banda de salida,L. Betancur
2026-04-05,14:30,tarde,L1,ENV-1000,Bitácora,Paro no programado,paro por falta de resina en tolva,M. Ocampo
2026-04-05,15:31,tarde,L1,ENV-1000,Bitácora,Paro no programado,paro por falta de resina en tolva,J. Peláez
2026-04-05,19:02,tarde,L1,ENV-1000,HMI,Mantenimiento correctivo,cambio de resistencia de la zona 2,D. Valencia
2026-04-05,20:36,tarde,L1,ENV-1000,Bitácora,Ajuste de proceso,se corrigió el perfil de temperaturas,L. Betancur
2026-04-05,22:16,noche,L1,ENV-1000,Bitácora,Mantenimiento correctivo,cambio de resistencia de la zona 2,A. Quintero
2026-04-05,23:02,noche,L3,GAL-3800,Bitácora,Paro no programado,paro por falta de resina en tolva,A. Quintero
2026-04-05,23:13,noche,L3,GAL-3800,Bitácora,Paro no programado,paro por falta de resina en tolva,M. Ocampo
2026-04-05,23:29,noche,L2,TAP-38,Bitácora,Ajuste de proceso,se bajó el tiempo de enfriamiento,L. Betancur
2026-04-05,23:45,noche,L1,ENV-1000,Bitácora,Ajuste de proceso,se bajó el tiempo de enfriamiento,M. Ocampo
2026-04-06,00:18,noche,L2,TAP-38,Bitácora,Paro no programado,paro por atasco en la banda de salida,A. Quintero
2026-04-06,02:14,noche,L2,TAP-38,HMI,Alarma HMI,alarma de temperatura de zona 3,C. Ramírez
2026-04-06,02:29,noche,L2,TAP-38,HMI,Inspección de calidad,muestreo de peso conforme al plan,L. Betancur
2026-04-06,05:37,noche,L2,TAP-38,HMI,Inspección de calidad,revisión dimensional de rutina,C. Ramírez
2026-04-06,06:23,mañana,L1,ENV-500,HMI,Inspección de calidad,muestreo de peso conforme al plan,L. Betancur
2026-04-06,06:57,mañana,L1,ENV-500,HMI,Alarma HMI,falla de sensor de posición del husillo,J. Peláez
2026-04-06,07:51,mañana,L3,ENV-500,Bitácora,Arranque de turno,"el molde arrancó por debajo de temperatura, primeras piezas con rebaba",J. Peláez
2026-04-06,08:53,mañana,L3,ENV-500,HMI,Paro no programado,paro por falta de resina en tolva,L. Betancur
2026-04-06,09:14,mañana,L3,ENV-500,HMI,Inspección de calidad,muestreo de peso conforme al plan,M. Ocampo
2026-04-06,09:16,mañana,L2,TAP-38,Bitácora,Inspección de calidad,muestreo de peso conforme al plan,D. Valencia
2026-04-06,09:22,mañana,L3,ENV-500,HMI,Arranque de turno,arranque normal del equipo,L. Betancur
2026-04-06,09:23,mañana,L3,ENV-500,HMI,Ajuste de proceso,se corrigió el perfil de temperaturas,C. Ramírez
2026-04-06,09:27,mañana,L1,ENV-500,HMI,Alarma HMI,presión de inyección fuera de banda,J. Peláez
2026-04-06,09:36,mañana,L2,TAP-38,HMI,Ajuste de proceso,se bajó el tiempo de enfriamiento,L. Betancur
2026-04-06,11:50,mañana,L2,TAP-38,HMI,Inspección de calidad,muestreo de peso conforme al plan,A. Quintero
2026-04-06,13:57,mañana,L2,TAP-38,Bitácora,Paro no programado,paro por atasco en la banda de salida,D. Valencia
2026-04-06,14:10,tarde,L2,TAP-38,HMI,Inspección de calidad,muestreo de peso conforme al plan,M. Ocampo
2026-04-06,14:29,tarde,L2,TAP-38,Bitácora,Arranque de turno,arranque con precalentamiento del molde,C. Ramírez
2026-04-06,17:46,tarde,L2,TAP-38,HMI,Alarma HMI,alarma de dosificador,L. Betancur
2026-04-06,18:08,tarde,L1,ENV-500,Bitácora,Mantenimiento correctivo,ajuste de cierre del molde,L. Betancur
2026-04-06,18:29,tarde,L1,ENV-500,Bitácora,Arranque de turno,arranque normal del equipo,J. Peláez
2026-04-06,19:11,tarde,L1,ENV-500,Bitácora,Mantenimiento correctivo,cambio de resistencia de la zona 2,J. Peláez
2026-04-06,19:26,tarde,L1,ENV-500,Bitácora,Inspección de calidad,muestreo de peso conforme al plan,A. Quintero
2026-04-06,19:44,tarde,L2,TAP-38,HMI,Arranque de turno,arranque con precalentamiento del molde,A. Quintero
2026-04-06,23:40,noche,L2,TAP-38,HMI,Paro no programado,paro eléctrico breve,D. Valencia
2026-04-07,00:07,noche,L1,ENV-500,Bitácora,Paro no programado,paro por atasco en la banda de salida,D. Valencia
2026-04-07,00:27,noche,L1,ENV-500,HMI,Ajuste de proceso,se corrigió el perfil de temperaturas,A. Quintero
2026-04-07,00:55,noche,L1,ENV-500,HMI,Alarma HMI,alarma de temperatura de zona 3,A. Quintero
2026-04-07,01:11,noche,L1,ENV-500,Bitácora,Ajuste de proceso,se corrigió el perfil de temperaturas,A. Quintero
2026-04-07,01:41,noche,L2,TAP-38,Bitácora,Alarma HMI,alarma de temperatura de zona 3,D. Valencia
2026-04-07,03:16,noche,L1,ENV-500,HMI,Alarma HMI,alarma de dosificador,C. Ramírez
2026-04-07,03:28,noche,L2,TAP-38,Bitácora,Ajuste de proceso,se corrigió el perfil de temperaturas,D. Valencia
2026-04-07,04:16,noche,L3,ENV-500,HMI,Mantenimiento correctivo,ajuste de cierre del molde,C. Ramírez
2026-04-07,05:45,noche,L3,ENV-500,HMI,Paro no programado,paro por falta de resina en tolva,D. Valencia
2026-04-07,05:47,noche,L3,ENV-500,Bitácora,Ajuste de proceso,ajuste de contrapresión,M. Ocampo
2026-04-07,05:52,noche,L2,TAP-38,Bitácora,Inspección de calidad,revisión dimensional de rutina,M. Ocampo
2026-04-07,05:54,noche,L2,TAP-38,HMI,Mantenimiento correctivo,ajuste de cierre del molde,C. Ramírez
2026-04-07,06:34,mañana,L1,ENV-500,HMI,Paro no programado,paro por atasco en la banda de salida,C. Ramírez
2026-04-07,08:01,mañana,L1,ENV-500,HMI,Arranque de turno,arranque normal del equipo,M. Ocampo
2026-04-07,08:36,mañana,L3,ENV-500,Bitácora,Mantenimiento correctivo,cambio de resistencia de la zona 2,J. Peláez
2026-04-07,08:38,mañana,L2,TAP-38,HMI,Ajuste de proceso,se bajó el tiempo de enfriamiento,C. Ramírez
2026-04-07,09:52,mañana,L1,ENV-500,HMI,Mantenimiento correctivo,ajuste de cierre del molde,C. Ramírez
2026-04-07,10:05,mañana,L3,ENV-500,HMI,Alarma HMI,alarma de temperatura de zona 3,A. Quintero
2026-04-07,10:59,mañana,L2,TAP-38,HMI,Alarma HMI,falla de sensor de posición del husillo,C. Ramírez
2026-04-07,12:01,mañana,L1,ENV-500,Bitácora,Alarma HMI,presión de inyección fuera de banda,J. Peláez
2026-04-07,12:20,mañana,L2,TAP-38,HMI,Inspección de calidad,revisión dimensional de rutina,L. Betancur
2026-04-07,14:06,tarde,L2,TAP-38,HMI,Mantenimiento correctivo,ajuste de cierre del molde,M. Ocampo
2026-04-07,14:24,tarde,L3,ENV-500,HMI,Alarma HMI,alarma de dosificador,L. Betancur
2026-04-07,14:38,tarde,L3,ENV-500,Bitácora,Arranque de turno,arranque normal del equipo,L. Betancur
2026-04-07,16:56,tarde,L1,ENV-500,Bitácora,Inspección de calidad,muestreo de peso conforme al plan,C. Ramírez
2026-04-07,17:09,tarde,L1,ENV-500,HMI,Alarma HMI,alarma de temperatura de zona 3,D. Valencia
2026-04-07,17:55,tarde,L3,ENV-500,Bitácora,Paro no programado,paro por falta de resina en tolva,D. Valencia
2026-04-07,18:30,tarde,L2,TAP-38,Bitácora,Paro no programado,paro por atasco en la banda de salida,M. Ocampo
2026-04-07,20:32,tarde,L3,ENV-500,Bitácora,Inspección de calidad,muestreo de peso conforme al plan,D. Valencia
2026-04-07,21:10,tarde,L2,TAP-38,Bitácora,Ajuste de proceso,se bajó el tiempo de enfriamiento,D. Valencia
2026-04-08,03:33,noche,L1,ENV-500,HMI,Arranque de turno,"el molde arrancó por debajo de temperatura, primeras piezas con rebaba",A. Quintero
2026-04-08,04:07,noche,L1,ENV-500,Bitácora,Alarma HMI,presión de inyección fuera de banda,M. Ocampo
2026-04-08,06:56,mañana,L3,ENV-500,Bitácora,Arranque de turno,arranque con precalentamiento del molde,D. Valencia
2026-04-08,07:01,mañana,L3,ENV-500,Bitácora,Inspección de calidad,revisión dimensional de rutina,M. Ocampo
2026-04-08,07:06,mañana,L2,TAP-38,HMI,Arranque de turno,"el molde arrancó por debajo de temperatura, primeras piezas con rebaba",L. Betancur
2026-04-08,09:29,mañana,L1,ENV-500,HMI,Inspección de calidad,revisión dimensional de rutina,J. Peláez
2026-04-08,10:05,mañana,L1,ENV-500,HMI,Paro no programado,paro eléctrico breve,C. Ramírez
2026-04-08,10:17,mañana,L3,ENV-500,HMI,Inspección de calidad,revisión dimensional de rutina,L. Betancur
2026-04-08,10:23,mañana,L1,ENV-500,Bitácora,Mantenimiento correctivo,cambio de resistencia de la zona 2,D. Valencia
2026-04-08,10:32,mañana,L1,ENV-500,HMI,Arranque de turno,arranque con precalentamiento del molde,M. Ocampo
2026-04-08,10:47,mañana,L3,ENV-500,Bitácora,Inspección de calidad,muestreo de peso conforme al plan,D. Valencia
2026-04-08,11:06,mañana,L2,TAP-38,Bitácora,Alarma HMI,presión de inyección fuera de banda,C. Ramírez
2026-04-08,11:20,mañana,L2,TAP-38,HMI,Arranque de turno,arranque normal del equipo,D. Valencia
2026-04-08,13:20,mañana,L2,TAP-38,Bitácora,Inspección de calidad,revisión dimensional de rutina,C. Ramírez
2026-04-08,14:26,tarde,L1,ENV-500,HMI,Arranque de turno,arranque con precalentamiento del molde,C. Ramírez
2026-04-08,15:14,tarde,L1,ENV-500,HMI,Ajuste de proceso,se corrigió el perfil de temperaturas,L. Betancur
2026-04-08,17:06,tarde,L2,TAP-38,Bitácora,Alarma HMI,falla de sensor de posición del husillo,L. Betancur
2026-04-08,17:26,tarde,L3,ENV-500,HMI,Alarma HMI,falla de sensor de posición del husillo,J. Peláez
2026-04-08,17:36,tarde,L2,TAP-38,HMI,Arranque de turno,arranque normal del equipo,J. Peláez
2026-04-08,17:38,tarde,L1,ENV-500,Bitácora,Inspección de calidad,revisión dimensional de rutina,J. Peláez
2026-04-08,18:11,tarde,L2,TAP-38,HMI,Paro no programado,paro eléctrico breve,M. Ocampo
2026-04-08,19:30,tarde,L3,ENV-500,HMI,Ajuste de proceso,ajuste de contrapresión,M. Ocampo
2026-04-08,19:39,tarde,L1,ENV-500,HMI,Inspección de calidad,revisión dimensional de rutina,D. Valencia
2026-04-08,20:26,tarde,L3,ENV-500,HMI,Alarma HMI,alarma de dosificador,J. Peláez
2026-04-08,20:54,tarde,L2,TAP-38,HMI,Inspección de calidad,muestreo de peso conforme al plan,C. Ramírez
2026-04-08,21:38,tarde,L2,TAP-38,Bitácora,Inspección de calidad,muestreo de peso conforme al plan,D. Valencia
2026-04-08,22:15,noche,L1,ENV-500,HMI,Mantenimiento correctivo,cambio de resistencia de la zona 2,A. Quintero
2026-04-08,22:41,noche,L1,ENV-500,HMI,Mantenimiento correctivo,cambio de resistencia de la zona 2,A. Quintero
2026-04-08,23:55,noche,L1,ENV-500,HMI,Alarma HMI,falla de sensor de posición del husillo,M. Ocampo
2026-04-09,00:36,noche,L1,ENV-500,HMI,Ajuste de proceso,se bajó el tiempo de enfriamiento,C. Ramírez
2026-04-09,01:33,noche,L3,GAL-3800,Bitácora,Ajuste de proceso,ajuste de contrapresión,J. Peláez
2026-04-09,02:06,noche,L1,ENV-500,Bitácora,Mantenimiento correctivo,ajuste de cierre del molde,M. Ocampo
2026-04-09,03:26,noche,L1,ENV-500,Bitácora,Alarma HMI,falla de sensor de posición del husillo,C. Ramírez
2026-04-09,05:09,noche,L1,ENV-500,Bitácora,Paro no programado,paro por atasco en la banda de salida,C. Ramírez
2026-04-09,07:55,mañana,L1,ENV-500,Bitácora,Paro no programado,paro por atasco en la banda de salida,L. Betancur
2026-04-09,08:16,mañana,L2,BAN-250,HMI,Paro no programado,paro por atasco en la banda de salida,A. Quintero
2026-04-09,08:25,mañana,L1,ENV-500,HMI,Ajuste de proceso,ajuste de contrapresión,A. Quintero
2026-04-09,08:25,mañana,L2,BAN-250,HMI,Inspección de calidad,muestreo de peso conforme al plan,L. Betancur
2026-04-09,09:13,mañana,L2,BAN-250,HMI,Inspección de calidad,muestreo de peso conforme al plan,J. Peláez
2026-04-09,09:30,mañana,L3,GAL-3800,HMI,Paro no programado,paro eléctrico breve,J. Peláez
2026-04-09,09:37,mañana,L2,BAN-250,HMI,Arranque de turno,"el molde arrancó por debajo de temperatura, primeras piezas con rebaba",M. Ocampo
2026-04-09,10:17,mañana,L1,ENV-500,HMI,Mantenimiento correctivo,ajuste de cierre del molde,M. Ocampo
2026-04-09,12:11,mañana,L1,ENV-500,Bitácora,Mantenimiento correctivo,ajuste de cierre del molde,D. Valencia
2026-04-09,13:17,mañana,L3,GAL-3800,Bitácora,Alarma HMI,alarma de temperatura de zona 3,C. Ramírez
2026-04-09,13:18,mañana,L2,BAN-250,Bitácora,Alarma HMI,presión de inyección fuera de banda,M. Ocampo
2026-04-09,13:48,mañana,L1,ENV-500,HMI,Ajuste de proceso,ajuste de contrapresión,C. Ramírez
2026-04-09,13:56,mañana,L3,GAL-3800,HMI,Inspección de calidad,revisión dimensional de rutina,M. Ocampo
2026-04-09,15:39,tarde,L2,BAN-250,HMI,Inspección de calidad,muestreo de peso conforme al plan,D. Valencia
2026-04-09,21:56,tarde,L2,BAN-250,HMI,Paro no programado,paro por falta de resina en tolva,L. Betancur
2026-04-09,22:33,noche,L1,ENV-500,HMI,Inspección de calidad,revisión dimensional de rutina,D. Valencia
2026-04-09,23:34,noche,L3,GAL-3800,HMI,Paro no programado,paro por falta de resina en tolva,J. Peláez
2026-04-10,00:39,noche,L3,GAL-3800,HMI,Ajuste de proceso,se bajó el tiempo de enfriamiento,A. Quintero
2026-04-10,02:05,noche,L2,BAN-250,Bitácora,Mantenimiento correctivo,ajuste de cierre del molde,A. Quintero
2026-04-10,02:52,noche,L1,ENV-500,Bitácora,Mantenimiento correctivo,cambio de resistencia de la zona 2,L. Betancur
2026-04-10,03:38,noche,L3,GAL-3800,Bitácora,Mantenimiento correctivo,cambio de resistencia de la zona 2,L. Betancur
2026-04-10,04:11,noche,L2,BAN-250,Bitácora,Arranque de turno,arranque con precalentamiento del molde,A. Quintero
2026-04-10,04:58,noche,L1,ENV-500,HMI,Mantenimiento correctivo,cambio de resistencia de la zona 2,D. Valencia
2026-04-10,05:22,noche,L1,ENV-500,HMI,Inspección de calidad,muestreo de peso conforme al plan,J. Peláez
2026-04-10,06:46,mañana,L2,BAN-250,HMI,Ajuste de proceso,ajuste de contrapresión,A. Quintero
2026-04-10,07:09,mañana,L1,ENV-500,HMI,Paro no programado,paro por atasco en la banda de salida,L. Betancur
2026-04-10,07:18,mañana,L3,GAL-3800,Bitácora,Ajuste de proceso,se corrigió el perfil de temperaturas,D. Valencia
2026-04-10,07:32,mañana,L1,ENV-500,HMI,Ajuste de proceso,se corrigió el perfil de temperaturas,L. Betancur
2026-04-10,07:53,mañana,L2,BAN-250,HMI,Alarma HMI,alarma de temperatura de zona 3,M. Ocampo
2026-04-10,08:02,mañana,L3,GAL-3800,Bitácora,Ajuste de proceso,se bajó el tiempo de enfriamiento,J. Peláez
2026-04-10,08:28,mañana,L2,BAN-250,Bitácora,Paro no programado,paro eléctrico breve,M. Ocampo
2026-04-10,08:56,mañana,L3,GAL-3800,Bitácora,Paro no programado,paro eléctrico breve,D. Valencia
2026-04-10,12:38,mañana,L1,ENV-500,HMI,Paro no programado,paro por atasco en la banda de salida,L. Betancur
2026-04-10,14:06,tarde,L1,ENV-500,HMI,Alarma HMI,alarma de dosificador,C. Ramírez
2026-04-10,14:07,tarde,L3,GAL-3800,Bitácora,Mantenimiento correctivo,cambio de resistencia de la zona 2,A. Quintero
2026-04-10,15:01,tarde,L2,BAN-250,HMI,Alarma HMI,falla de sensor de posición del husillo,M. Ocampo
2026-04-10,15:20,tarde,L2,BAN-250,Bitácora,Paro no programado,paro eléctrico breve,A. Quintero
2026-04-10,15:33,tarde,L1,ENV-500,Bitácora,Alarma HMI,alarma de temperatura de zona 3,C. Ramírez
2026-04-10,15:44,tarde,L1,ENV-500,Bitácora,Ajuste de proceso,ajuste de contrapresión,L. Betancur
2026-04-10,16:06,tarde,L3,GAL-3800,HMI,Alarma HMI,presión de inyección fuera de banda,J. Peláez
2026-04-10,18:09,tarde,L1,ENV-500,HMI,Paro no programado,paro por atasco en la banda de salida,C. Ramírez
2026-04-10,20:45,tarde,L2,BAN-250,HMI,Alarma HMI,alarma de dosificador,C. Ramírez
2026-04-10,21:21,tarde,L1,ENV-500,HMI,Arranque de turno,"el molde arrancó por debajo de temperatura, primeras piezas con rebaba",A. Quintero
2026-04-10,21:33,tarde,L2,BAN-250,HMI,Alarma HMI,falla de sensor de posición del husillo,M. Ocampo
2026-04-10,22:04,noche,L2,BAN-250,HMI,Arranque de turno,"el molde arrancó por debajo de temperatura, primeras piezas con rebaba",M. Ocampo
2026-04-10,22:54,noche,L1,ENV-500,Bitácora,Mantenimiento correctivo,ajuste de cierre del molde,J. Peláez
2026-04-11,02:05,noche,L3,GAL-3800,HMI,Ajuste de proceso,se corrigió el perfil de temperaturas,A. Quintero
2026-04-11,02:30,noche,L3,GAL-3800,HMI,Paro no programado,paro por atasco en la banda de salida,L. Betancur
2026-04-11,04:49,noche,L3,GAL-3800,HMI,Inspección de calidad,muestreo de peso conforme al plan,L. Betancur
2026-04-11,08:45,mañana,L3,GAL-3800,HMI,Inspección de calidad,revisión dimensional de rutina,D. Valencia
2026-04-11,08:48,mañana,L3,GAL-3800,Bitácora,Inspección de calidad,revisión dimensional de rutina,C. Ramírez
2026-04-11,09:37,mañana,L2,BAN-250,Bitácora,Inspección de calidad,muestreo de peso conforme al plan,D. Valencia
2026-04-11,09:56,mañana,L2,BAN-250,HMI,Mantenimiento correctivo,cambio de resistencia de la zona 2,J. Peláez
2026-04-11,10:03,mañana,L3,GAL-3800,Bitácora,Ajuste de proceso,se corrigió el perfil de temperaturas,M. Ocampo
2026-04-11,10:03,mañana,L3,GAL-3800,Bitácora,Inspección de calidad,revisión dimensional de rutina,D. Valencia
2026-04-11,13:27,mañana,L2,BAN-250,HMI,Mantenimiento correctivo,cambio de resistencia de la zona 2,A. Quintero
2026-04-11,14:24,tarde,L2,BAN-250,Bitácora,Paro no programado,paro por atasco en la banda de salida,A. Quintero
2026-04-11,14:36,tarde,L1,ENV-500,Bitácora,Ajuste de proceso,se corrigió el perfil de temperaturas,L. Betancur
2026-04-11,15:53,tarde,L2,BAN-250,HMI,Alarma HMI,falla de sensor de posición del husillo,M. Ocampo
2026-04-11,16:44,tarde,L3,GAL-3800,HMI,Inspección de calidad,revisión dimensional de rutina,A. Quintero
2026-04-11,17:16,tarde,L1,ENV-500,HMI,Paro no programado,paro por atasco en la banda de salida,D. Valencia
2026-04-11,18:34,tarde,L1,ENV-500,Bitácora,Paro no programado,paro eléctrico breve,C. Ramírez
2026-04-11,19:29,tarde,L3,GAL-3800,HMI,Inspección de calidad,muestreo de peso conforme al plan,D. Valencia
2026-04-11,19:38,tarde,L1,ENV-500,HMI,Inspección de calidad,muestreo de peso conforme al plan,L. Betancur
2026-04-11,20:19,tarde,L3,GAL-3800,HMI,Alarma HMI,falla de sensor de posición del husillo,M. Ocampo
2026-04-11,20:42,tarde,L3,GAL-3800,Bitácora,Arranque de turno,arranque normal del equipo,J. Peláez
2026-04-11,20:51,tarde,L3,GAL-3800,HMI,Alarma HMI,alarma de dosificador,M. Ocampo
2026-04-11,23:53,noche,L3,GAL-3800,HMI,Inspección de calidad,revisión dimensional de rutina,D. Valencia
2026-04-12,00:53,noche,L1,ENV-500,HMI,Mantenimiento correctivo,ajuste de cierre del molde,J. Peláez
2026-04-12,01:10,noche,L3,GAL-3800,Bitácora,Paro no programado,paro eléctrico breve,M. Ocampo
2026-04-12,02:29,noche,L3,GAL-3800,Bitácora,Alarma HMI,falla de sensor de posición del husillo,M. Ocampo
2026-04-12,02:37,noche,L3,GAL-3800,Bitácora,Inspección de calidad,revisión dimensional de rutina,D. Valencia
2026-04-12,04:45,noche,L3,GAL-3800,Bitácora,Alarma HMI,alarma de temperatura de zona 3,L. Betancur
2026-04-12,04:54,noche,L3,GAL-3800,HMI,Arranque de turno,arranque con precalentamiento del molde,C. Ramírez
2026-04-12,05:01,noche,L1,ENV-500,Bitácora,Mantenimiento correctivo,ajuste de cierre del molde,A. Quintero
2026-04-12,08:36,mañana,L3,GAL-3800,Bitácora,Mantenimiento correctivo,ajuste de cierre del molde,L. Betancur
2026-04-12,08:58,mañana,L2,BAN-250,HMI,Alarma HMI,presión de inyección fuera de banda,M. Ocampo
2026-04-12,10:04,mañana,L3,GAL-3800,HMI,Ajuste de proceso,se bajó el tiempo de enfriamiento,L. Betancur
2026-04-12,10:47,mañana,L2,BAN-250,Bitácora,Alarma HMI,alarma de dosificador,L. Betancur
2026-04-12,11:54,mañana,L2,BAN-250,Bitácora,Inspección de calidad,muestreo de peso conforme al plan,C. Ramírez
2026-04-12,12:08,mañana,L2,BAN-250,Bitácora,Mantenimiento correctivo,cambio de resistencia de la zona 2,C. Ramírez
2026-04-12,12:33,mañana,L2,BAN-250,Bitácora,Paro no programado,paro por falta de resina en tolva,C. Ramírez
2026-04-12,14:21,tarde,L3,GAL-3800,Bitácora,Inspección de calidad,muestreo de peso conforme al plan,J. Peláez
2026-04-12,16:35,tarde,L3,GAL-3800,HMI,Arranque de turno,arranque con precalentamiento del molde,J. Peláez
2026-04-12,17:57,tarde,L3,GAL-3800,HMI,Mantenimiento correctivo,cambio de resistencia de la zona 2,C. Ramírez
2026-04-12,18:19,tarde,L1,ENV-500,HMI,Arranque de turno,arranque con precalentamiento del molde,A. Quintero
2026-04-12,19:51,tarde,L1,ENV-500,HMI,Inspección de calidad,muestreo de peso conforme al plan,M. Ocampo
2026-04-12,21:26,tarde,L3,GAL-3800,Bitácora,Arranque de turno,arranque con precalentamiento del molde,J. Peláez
2026-04-12,22:31,noche,L1,ENV-500,HMI,Paro no programado,paro eléctrico breve,M. Ocampo
2026-04-12,23:36,noche,L1,ENV-500,HMI,Ajuste de proceso,ajuste de contrapresión,A. Quintero
2026-04-13,01:47,noche,L1,ENV-500,Bitácora,Alarma HMI,presión de inyección fuera de banda,D. Valencia
2026-04-13,01:49,noche,L2,BAN-250,HMI,Arranque de turno,arranque con precalentamiento del molde,D. Valencia
2026-04-13,02:27,noche,L3,GAL-3800,HMI,Mantenimiento correctivo,cambio de resistencia de la zona 2,D. Valencia
2026-04-13,03:34,noche,L2,BAN-250,Bitácora,Arranque de turno,arranque normal del equipo,M. Ocampo
2026-04-13,04:36,noche,L2,BAN-250,HMI,Mantenimiento correctivo,cambio de resistencia de la zona 2,A. Quintero
2026-04-13,05:29,noche,L1,ENV-500,Bitácora,Alarma HMI,presión de inyección fuera de banda,A. Quintero
2026-04-13,05:34,noche,L3,GAL-3800,Bitácora,Alarma HMI,alarma de dosificador,J. Peláez
2026-04-13,06:31,mañana,L2,BAN-250,HMI,Paro no programado,paro por atasco en la banda de salida,C. Ramírez
2026-04-13,06:52,mañana,L2,BAN-250,Bitácora,Ajuste de proceso,se bajó el tiempo de enfriamiento,C. Ramírez
2026-04-13,08:49,mañana,L2,BAN-250,HMI,Alarma HMI,alarma de temperatura de zona 3,D. Valencia
2026-04-13,10:03,mañana,L1,ENV-500,HMI,Arranque de turno,arranque con precalentamiento del molde,L. Betancur
2026-04-13,10:45,mañana,L1,ENV-500,HMI,Paro no programado,paro por atasco en la banda de salida,L. Betancur
2026-04-13,11:29,mañana,L1,ENV-500,Bitácora,Paro no programado,paro por atasco en la banda de salida,C. Ramírez
2026-04-13,12:29,mañana,L1,ENV-500,Bitácora,Mantenimiento correctivo,ajuste de cierre del molde,A. Quintero
2026-04-13,13:03,mañana,L1,ENV-500,Bitácora,Mantenimiento correctivo,cambio de resistencia de la zona 2,J. Peláez
2026-04-13,14:44,tarde,L2,BAN-250,HMI,Alarma HMI,alarma de dosificador,A. Quintero
2026-04-13,15:46,tarde,L1,ENV-500,Bitácora,Arranque de turno,arranque con precalentamiento del molde,L. Betancur
2026-04-13,17:20,tarde,L2,BAN-250,Bitácora,Arranque de turno,arranque con precalentamiento del molde,D. Valencia
2026-04-13,17:38,tarde,L1,ENV-500,HMI,Alarma HMI,alarma de dosificador,A. Quintero
2026-04-13,19:22,tarde,L3,GAL-3800,Bitácora,Arranque de turno,"el molde arrancó por debajo de temperatura, primeras piezas con rebaba",D. Valencia
2026-04-13,19:42,tarde,L1,ENV-500,HMI,Mantenimiento correctivo,cambio de resistencia de la zona 2,J. Peláez
2026-04-13,19:47,tarde,L3,GAL-3800,HMI,Mantenimiento correctivo,cambio de resistencia de la zona 2,L. Betancur
2026-04-13,20:42,tarde,L3,GAL-3800,Bitácora,Inspección de calidad,muestreo de peso conforme al plan,M. Ocampo
2026-04-13,20:52,tarde,L1,ENV-500,HMI,Arranque de turno,arranque normal del equipo,A. Quintero
2026-04-13,21:33,tarde,L1,ENV-500,HMI,Inspección de calidad,revisión dimensional de rutina,A. Quintero
2026-04-13,22:28,noche,L1,ENV-500,HMI,Paro no programado,paro eléctrico breve,L. Betancur
2026-04-13,23:31,noche,L3,GAL-3800,HMI,Mantenimiento correctivo,cambio de resistencia de la zona 2,L. Betancur
2026-04-14,00:25,noche,L3,ENV-500,HMI,Mantenimiento correctivo,ajuste de cierre del molde,L. Betancur
2026-04-14,00:51,noche,L3,ENV-500,HMI,Alarma HMI,alarma de temperatura de zona 3,M. Ocampo
2026-04-14,02:34,noche,L1,ENV-1000,HMI,Arranque de turno,arranque con precalentamiento del molde,A. Quintero
2026-04-14,03:25,noche,L1,ENV-1000,HMI,Arranque de turno,"el molde arrancó por debajo de temperatura, primeras piezas con rebaba",D. Valencia
2026-04-14,06:16,mañana,L3,ENV-500,Bitácora,Mantenimiento correctivo,cambio de resistencia de la zona 2,C. Ramírez
2026-04-14,08:17,mañana,L3,ENV-500,Bitácora,Alarma HMI,presión de inyección fuera de banda,J. Peláez
2026-04-14,08:55,mañana,L3,ENV-500,Bitácora,Mantenimiento correctivo,cambio de resistencia de la zona 2,M. Ocampo
2026-04-14,12:39,mañana,L3,ENV-500,HMI,Arranque de turno,arranque con precalentamiento del molde,J. Peláez
2026-04-14,14:41,tarde,L1,ENV-1000,HMI,Arranque de turno,"el molde arrancó por debajo de temperatura, primeras piezas con rebaba",D. Valencia
2026-04-14,15:23,tarde,L1,ENV-1000,Bitácora,Mantenimiento correctivo,cambio de resistencia de la zona 2,L. Betancur
2026-04-14,15:25,tarde,L3,ENV-500,HMI,Arranque de turno,arranque con precalentamiento del molde,D. Valencia
2026-04-14,15:48,tarde,L1,ENV-1000,HMI,Arranque de turno,arranque normal del equipo,L. Betancur
2026-04-14,17:22,tarde,L1,ENV-1000,Bitácora,Paro no programado,paro por falta de resina en tolva,L. Betancur
2026-04-14,17:41,tarde,L3,ENV-500,HMI,Inspección de calidad,muestreo de peso conforme al plan,M. Ocampo
2026-04-14,18:08,tarde,L1,ENV-1000,Bitácora,Ajuste de proceso,ajuste de contrapresión,L. Betancur
2026-04-15,01:37,noche,L2,BAN-250,Bitácora,Mantenimiento correctivo,ajuste de cierre del molde,J. Peláez
2026-04-15,02:04,noche,L2,BAN-250,HMI,Mantenimiento correctivo,cambio de resistencia de la zona 2,A. Quintero
2026-04-15,02:07,noche,L1,ENV-1000,HMI,Ajuste de proceso,se bajó el tiempo de enfriamiento,M. Ocampo
2026-04-15,03:55,noche,L1,ENV-1000,HMI,Paro no programado,paro por falta de resina en tolva,A. Quintero
2026-04-15,04:39,noche,L1,ENV-1000,HMI,Arranque de turno,"el molde arrancó por debajo de temperatura, primeras piezas con rebaba",M. Ocampo
2026-04-15,08:18,mañana,L2,BAN-250,Bitácora,Alarma HMI,presión de inyección fuera de banda,A. Quintero
2026-04-15,08:23,mañana,L1,ENV-1000,HMI,Paro no programado,paro por falta de resina en tolva,M. Ocampo
2026-04-15,09:05,mañana,L1,ENV-1000,Bitácora,Alarma HMI,alarma de temperatura de zona 3,J. Peláez
2026-04-15,10:55,mañana,L1,ENV-1000,HMI,Mantenimiento correctivo,cambio de resistencia de la zona 2,A. Quintero
2026-04-15,11:59,mañana,L2,BAN-250,Bitácora,Arranque de turno,arranque con precalentamiento del molde,M. Ocampo
2026-04-15,12:18,mañana,L1,ENV-1000,Bitácora,Ajuste de proceso,se bajó el tiempo de enfriamiento,J. Peláez
2026-04-15,13:42,mañana,L1,ENV-1000,Bitácora,Arranque de turno,arranque con precalentamiento del molde,L. Betancur
2026-04-15,14:55,tarde,L3,ENV-500,HMI,Arranque de turno,arranque normal del equipo,C. Ramírez
2026-04-15,15:01,tarde,L2,BAN-250,Bitácora,Alarma HMI,alarma de dosificador,M. Ocampo
2026-04-15,15:58,tarde,L1,ENV-1000,HMI,Paro no programado,paro por falta de resina en tolva,C. Ramírez
2026-04-15,16:13,tarde,L3,ENV-500,HMI,Ajuste de proceso,ajuste de contrapresión,M. Ocampo
2026-04-15,16:18,tarde,L3,ENV-500,Bitácora,Alarma HMI,alarma de dosificador,C. Ramírez
2026-04-15,17:07,tarde,L2,BAN-250,HMI,Paro no programado,paro por falta de resina en tolva,M. Ocampo
2026-04-15,18:16,tarde,L1,ENV-1000,Bitácora,Arranque de turno,arranque normal del equipo,D. Valencia
2026-04-15,19:21,tarde,L2,BAN-250,HMI,Paro no programado,paro por falta de resina en tolva,A. Quintero
2026-04-15,19:27,tarde,L1,ENV-1000,HMI,Paro no programado,paro por falta de resina en tolva,J. Peláez
2026-04-15,19:35,tarde,L2,BAN-250,HMI,Mantenimiento correctivo,ajuste de cierre del molde,M. Ocampo
2026-04-15,20:13,tarde,L3,ENV-500,HMI,Arranque de turno,arranque con precalentamiento del molde,L. Betancur
2026-04-15,21:30,tarde,L1,ENV-1000,HMI,Inspección de calidad,muestreo de peso conforme al plan,C. Ramírez
2026-04-15,21:48,tarde,L1,ENV-1000,Bitácora,Arranque de turno,"el molde arrancó por debajo de temperatura, primeras piezas con rebaba",L. Betancur
2026-04-15,21:57,tarde,L2,BAN-250,Bitácora,Paro no programado,paro por atasco en la banda de salida,A. Quintero
2026-04-15,23:47,noche,L2,BAN-250,HMI,Alarma HMI,falla de sensor de posición del husillo,L. Betancur
2026-04-16,01:10,noche,L1,ENV-1000,HMI,Mantenimiento correctivo,ajuste de cierre del molde,J. Peláez
2026-04-16,01:15,noche,L1,ENV-1000,Bitácora,Paro no programado,paro por atasco en la banda de salida,A. Quintero
2026-04-16,02:06,noche,L2,TAP-38,HMI,Arranque de turno,arranque normal del equipo,L. Betancur
2026-04-16,03:29,noche,L2,TAP-38,HMI,Alarma HMI,presión de inyección fuera de banda,L. Betancur
2026-04-16,03:42,noche,L1,ENV-1000,HMI,Inspección de calidad,revisión dimensional de rutina,D. Valencia
2026-04-16,03:53,noche,L2,TAP-38,HMI,Alarma HMI,falla de sensor de posición del husillo,C. Ramírez
2026-04-16,04:35,noche,L3,ENV-500,HMI,Ajuste de proceso,se bajó el tiempo de enfriamiento,D. Valencia
2026-04-16,04:49,noche,L3,ENV-500,Bitácora,Alarma HMI,alarma de temperatura de zona 3,A. Quintero
2026-04-16,15:01,tarde,L2,TAP-38,HMI,Ajuste de proceso,se corrigió el perfil de temperaturas,M. Ocampo
2026-04-16,15:10,tarde,L3,ENV-500,HMI,Mantenimiento correctivo,ajuste de cierre del molde,L. Betancur
2026-04-16,15:52,tarde,L3,ENV-500,HMI,Ajuste de proceso,se bajó el tiempo de enfriamiento,C. Ramírez
2026-04-16,16:05,tarde,L2,TAP-38,HMI,Inspección de calidad,revisión dimensional de rutina,D. Valencia
2026-04-16,16:50,tarde,L3,ENV-500,HMI,Ajuste de proceso,se bajó el tiempo de enfriamiento,M. Ocampo
2026-04-16,18:24,tarde,L2,TAP-38,Bitácora,Arranque de turno,arranque con precalentamiento del molde,M. Ocampo
2026-04-16,18:26,tarde,L2,TAP-38,HMI,Inspección de calidad,muestreo de peso conforme al plan,L. Betancur
2026-04-16,18:57,tarde,L1,ENV-1000,HMI,Ajuste de proceso,se bajó el tiempo de enfriamiento,D. Valencia
2026-04-16,20:07,tarde,L1,ENV-1000,HMI,Inspección de calidad,revisión dimensional de rutina,A. Quintero
2026-04-16,20:20,tarde,L3,ENV-500,Bitácora,Paro no programado,paro por atasco en la banda de salida,M. Ocampo
2026-04-16,21:35,tarde,L1,ENV-1000,HMI,Mantenimiento correctivo,ajuste de cierre del molde,M. Ocampo
2026-04-16,21:42,tarde,L2,TAP-38,Bitácora,Alarma HMI,presión de inyección fuera de banda,M. Ocampo
2026-04-16,22:41,noche,L3,ENV-500,HMI,Paro no programado,paro por atasco en la banda de salida,M. Ocampo
2026-04-16,23:54,noche,L1,ENV-1000,Bitácora,Arranque de turno,"el molde arrancó por debajo de temperatura, primeras piezas con rebaba",C. Ramírez
2026-04-16,23:59,noche,L2,TAP-38,Bitácora,Ajuste de proceso,se corrigió el perfil de temperaturas,L. Betancur
2026-04-17,01:08,noche,L1,ENV-1000,Bitácora,Mantenimiento correctivo,ajuste de cierre del molde,L. Betancur
2026-04-17,01:19,noche,L1,ENV-1000,Bitácora,Arranque de turno,"el molde arrancó por debajo de temperatura, primeras piezas con rebaba",C. Ramírez
2026-04-17,02:04,noche,L1,ENV-1000,Bitácora,Arranque de turno,"el molde arrancó por debajo de temperatura, primeras piezas con rebaba",J. Peláez
2026-04-17,02:58,noche,L3,ENV-500,HMI,Ajuste de proceso,se bajó el tiempo de enfriamiento,A. Quintero
2026-04-17,03:36,noche,L1,ENV-1000,Bitácora,Inspección de calidad,revisión dimensional de rutina,A. Quintero
2026-04-17,05:03,noche,L3,ENV-500,Bitácora,Alarma HMI,presión de inyección fuera de banda,L. Betancur
2026-04-17,06:48,mañana,L3,ENV-500,Bitácora,Arranque de turno,"el molde arrancó por debajo de temperatura, primeras piezas con rebaba",J. Peláez
2026-04-17,07:42,mañana,L2,TAP-38,HMI,Mantenimiento correctivo,cambio de resistencia de la zona 2,L. Betancur
2026-04-17,09:11,mañana,L1,ENV-1000,HMI,Ajuste de proceso,se bajó el tiempo de enfriamiento,L. Betancur
2026-04-17,11:02,mañana,L1,ENV-1000,Bitácora,Ajuste de proceso,se corrigió el perfil de temperaturas,M. Ocampo
2026-04-17,11:33,mañana,L2,TAP-38,Bitácora,Arranque de turno,"el molde arrancó por debajo de temperatura, primeras piezas con rebaba",M. Ocampo
2026-04-17,12:50,mañana,L3,ENV-500,Bitácora,Paro no programado,paro por falta de resina en tolva,D. Valencia
2026-04-17,14:16,tarde,L2,TAP-38,HMI,Ajuste de proceso,se bajó el tiempo de enfriamiento,A. Quintero
2026-04-17,15:21,tarde,L2,TAP-38,HMI,Arranque de turno,arranque normal del equipo,C. Ramírez
2026-04-17,16:34,tarde,L1,ENV-1000,HMI,Alarma HMI,falla de sensor de posición del husillo,A. Quintero
2026-04-17,17:27,tarde,L1,ENV-1000,HMI,Ajuste de proceso,se corrigió el perfil de temperaturas,C. Ramírez
2026-04-17,18:41,tarde,L2,TAP-38,HMI,Mantenimiento correctivo,cambio de resistencia de la zona 2,M. Ocampo
2026-04-17,18:52,tarde,L2,TAP-38,Bitácora,Mantenimiento correctivo,cambio de resistencia de la zona 2,C. Ramírez
2026-04-17,19:12,tarde,L1,ENV-1000,HMI,Paro no programado,paro eléctrico breve,C. Ramírez
2026-04-17,19:28,tarde,L1,ENV-1000,HMI,Inspección de calidad,muestreo de peso conforme al plan,C. Ramírez
2026-04-17,21:07,tarde,L2,TAP-38,Bitácora,Mantenimiento correctivo,cambio de resistencia de la zona 2,C. Ramírez
2026-04-17,22:41,noche,L3,ENV-500,Bitácora,Inspección de calidad,revisión dimensional de rutina,A. Quintero
2026-04-17,23:18,noche,L3,ENV-500,HMI,Ajuste de proceso,se corrigió el perfil de temperaturas,L. Betancur
2026-04-17,23:27,noche,L1,ENV-1000,Bitácora,Ajuste de proceso,ajuste de contrapresión,M. Ocampo
2026-04-17,23:38,noche,L2,TAP-38,HMI,Ajuste de proceso,ajuste de contrapresión,C. Ramírez
2026-04-17,23:42,noche,L2,TAP-38,Bitácora,Alarma HMI,falla de sensor de posición del husillo,D. Valencia
2026-04-17,23:57,noche,L3,ENV-500,HMI,Alarma HMI,falla de sensor de posición del husillo,A. Quintero
2026-04-18,02:19,noche,L3,GAL-3800,HMI,Inspección de calidad,revisión dimensional de rutina,C. Ramírez
2026-04-18,02:20,noche,L3,GAL-3800,Bitácora,Mantenimiento correctivo,cambio de resistencia de la zona 2,C. Ramírez
2026-04-18,02:27,noche,L3,GAL-3800,HMI,Paro no programado,paro eléctrico breve,L. Betancur
2026-04-18,04:39,noche,L3,GAL-3800,HMI,Paro no programado,paro por atasco en la banda de salida,A. Quintero
2026-04-18,05:30,noche,L2,TAP-38,HMI,Mantenimiento correctivo,cambio de resistencia de la zona 2,M. Ocampo
2026-04-18,06:02,mañana,L3,GAL-3800,Bitácora,Inspección de calidad,muestreo de peso conforme al plan,M. Ocampo
2026-04-18,06:12,mañana,L1,ENV-1000,HMI,Paro no programado,paro eléctrico breve,M. Ocampo
2026-04-18,06:20,mañana,L3,GAL-3800,Bitácora,Alarma HMI,presión de inyección fuera de banda,A. Quintero
2026-04-18,07:02,mañana,L1,ENV-1000,HMI,Arranque de turno,arranque con precalentamiento del molde,D. Valencia
2026-04-18,07:16,mañana,L2,TAP-38,Bitácora,Inspección de calidad,muestreo de peso conforme al plan,A. Quintero
2026-04-18,10:51,mañana,L2,TAP-38,Bitácora,Mantenimiento correctivo,ajuste de cierre del molde,M. Ocampo
2026-04-18,12:32,mañana,L1,ENV-1000,HMI,Alarma HMI,alarma de temperatura de zona 3,C. Ramírez
2026-04-18,12:57,mañana,L1,ENV-1000,Bitácora,Paro no programado,paro por atasco en la banda de salida,D. Valencia
2026-04-18,13:00,mañana,L2,TAP-38,HMI,Alarma HMI,alarma de temperatura de zona 3,A. Quintero
2026-04-18,13:09,mañana,L3,GAL-3800,HMI,Inspección de calidad,revisión dimensional de rutina,L. Betancur
2026-04-18,13:23,mañana,L3,GAL-3800,Bitácora,Mantenimiento correctivo,ajuste de cierre del molde,A. Quintero
2026-04-18,16:27,tarde,L1,ENV-1000,HMI,Paro no programado,paro por atasco en la banda de salida,C. Ramírez
2026-04-18,16:49,tarde,L3,GAL-3800,Bitácora,Alarma HMI,alarma de temperatura de zona 3,A. Quintero
2026-04-18,17:29,tarde,L2,TAP-38,Bitácora,Ajuste de proceso,ajuste de contrapresión,J. Peláez
2026-04-18,17:36,tarde,L2,TAP-38,Bitácora,Inspección de calidad,muestreo de peso conforme al plan,J. Peláez
2026-04-18,18:16,tarde,L3,GAL-3800,Bitácora,Ajuste de proceso,se corrigió el perfil de temperaturas,A. Quintero
2026-04-18,19:19,tarde,L1,ENV-1000,HMI,Alarma HMI,alarma de temperatura de zona 3,M. Ocampo
2026-04-18,20:02,tarde,L2,TAP-38,Bitácora,Alarma HMI,presión de inyección fuera de banda,C. Ramírez
2026-04-18,20:45,tarde,L3,GAL-3800,HMI,Ajuste de proceso,ajuste de contrapresión,D. Valencia
2026-04-18,20:55,tarde,L2,TAP-38,HMI,Inspección de calidad,revisión dimensional de rutina,L. Betancur
2026-04-18,21:27,tarde,L3,GAL-3800,Bitácora,Alarma HMI,alarma de dosificador,D. Valencia
2026-04-18,21:59,tarde,L3,GAL-3800,HMI,Alarma HMI,alarma de temperatura de zona 3,M. Ocampo
2026-04-18,22:47,noche,L2,TAP-38,Bitácora,Mantenimiento correctivo,ajuste de cierre del molde,M. Ocampo
2026-04-19,01:05,noche,L1,ENV-500,HMI,Arranque de turno,arranque con precalentamiento del molde,C. Ramírez
2026-04-19,03:38,noche,L2,TAP-38,HMI,Inspección de calidad,revisión dimensional de rutina,M. Ocampo
2026-04-19,03:59,noche,L2,TAP-38,HMI,Inspección de calidad,muestreo de peso conforme al plan,J. Peláez
2026-04-19,05:10,noche,L1,ENV-500,Bitácora,Mantenimiento correctivo,ajuste de cierre del molde,L. Betancur
2026-04-19,05:36,noche,L1,ENV-500,Bitácora,Ajuste de proceso,ajuste de contrapresión,J. Peláez
2026-04-19,09:33,mañana,L2,TAP-38,HMI,Inspección de calidad,revisión dimensional de rutina,J. Peláez
2026-04-19,13:23,mañana,L2,TAP-38,HMI,Ajuste de proceso,ajuste de contrapresión,M. Ocampo
2026-04-19,14:01,tarde,L2,TAP-38,Bitácora,Inspección de calidad,revisión dimensional de rutina,M. Ocampo
2026-04-19,15:36,tarde,L2,TAP-38,Bitácora,Ajuste de proceso,se corrigió el perfil de temperaturas,L. Betancur
2026-04-19,17:50,tarde,L3,GAL-3800,HMI,Paro no programado,paro por atasco en la banda de salida,A. Quintero
2026-04-19,17:51,tarde,L1,ENV-500,Bitácora,Arranque de turno,arranque con precalentamiento del molde,L. Betancur
2026-04-19,17:54,tarde,L3,GAL-3800,HMI,Inspección de calidad,revisión dimensional de rutina,M. Ocampo
2026-04-19,18:46,tarde,L1,ENV-500,HMI,Ajuste de proceso,ajuste de contrapresión,J. Peláez
2026-04-19,19:05,tarde,L1,ENV-500,Bitácora,Inspección de calidad,revisión dimensional de rutina,J. Peláez
2026-04-19,19:34,tarde,L2,TAP-38,Bitácora,Arranque de turno,arranque normal del equipo,L. Betancur
2026-04-19,21:25,tarde,L3,GAL-3800,HMI,Mantenimiento correctivo,cambio de resistencia de la zona 2,A. Quintero
2026-04-20,01:16,noche,L1,ENV-500,HMI,Arranque de turno,"el molde arrancó por debajo de temperatura, primeras piezas con rebaba",A. Quintero
2026-04-20,05:21,noche,L1,ENV-500,HMI,Inspección de calidad,muestreo de peso conforme al plan,L. Betancur
2026-04-20,06:25,mañana,L1,ENV-500,Bitácora,Ajuste de proceso,se corrigió el perfil de temperaturas,D. Valencia
2026-04-20,06:29,mañana,L3,GAL-3800,HMI,Mantenimiento correctivo,ajuste de cierre del molde,A. Quintero
2026-04-20,07:21,mañana,L3,GAL-3800,HMI,Mantenimiento correctivo,ajuste de cierre del molde,A. Quintero
2026-04-20,08:17,mañana,L1,ENV-500,HMI,Mantenimiento correctivo,cambio de resistencia de la zona 2,C. Ramírez
2026-04-20,09:31,mañana,L2,TAP-38,HMI,Paro no programado,paro por falta de resina en tolva,J. Peláez
2026-04-20,09:33,mañana,L1,ENV-500,Bitácora,Arranque de turno,arranque normal del equipo,A. Quintero
2026-04-20,10:10,mañana,L2,TAP-38,HMI,Mantenimiento correctivo,ajuste de cierre del molde,D. Valencia
2026-04-20,11:22,mañana,L2,TAP-38,HMI,Arranque de turno,"el molde arrancó por debajo de temperatura, primeras piezas con rebaba",A. Quintero
2026-04-20,11:39,mañana,L2,TAP-38,HMI,Paro no programado,paro eléctrico breve,L. Betancur
2026-04-20,12:21,mañana,L3,GAL-3800,Bitácora,Ajuste de proceso,se bajó el tiempo de enfriamiento,D. Valencia
2026-04-20,14:10,tarde,L2,TAP-38,HMI,Mantenimiento correctivo,ajuste de cierre del molde,D. Valencia
2026-04-20,16:03,tarde,L1,ENV-500,HMI,Paro no programado,paro por falta de resina en tolva,D. Valencia
2026-04-20,16:09,tarde,L1,ENV-500,Bitácora,Mantenimiento correctivo,ajuste de cierre del molde,D. Valencia
2026-04-20,16:35,tarde,L2,TAP-38,Bitácora,Ajuste de proceso,ajuste de contrapresión,M. Ocampo
2026-04-20,17:07,tarde,L1,ENV-500,HMI,Inspección de calidad,muestreo de peso conforme al plan,D. Valencia
2026-04-20,19:19,tarde,L1,ENV-500,Bitácora,Ajuste de proceso,se corrigió el perfil de temperaturas,C. Ramírez
2026-04-20,20:22,tarde,L1,ENV-500,Bitácora,Alarma HMI,alarma de temperatura de zona 3,A. Quintero
2026-04-20,22:13,noche,L3,GAL-3800,HMI,Ajuste de proceso,se bajó el tiempo de enfriamiento,A. Quintero
2026-04-20,22:43,noche,L3,GAL-3800,Bitácora,Paro no programado,paro por atasco en la banda de salida,L. Betancur
2026-04-21,00:13,noche,L2,TAP-38,HMI,Inspección de calidad,muestreo de peso conforme al plan,A. Quintero
2026-04-21,01:01,noche,L2,TAP-38,HMI,Ajuste de proceso,ajuste de contrapresión,D. Valencia
2026-04-21,01:58,noche,L2,TAP-38,HMI,Arranque de turno,"el molde arrancó por debajo de temperatura, primeras piezas con rebaba",J. Peláez
2026-04-21,06:22,mañana,L3,GAL-3800,Bitácora,Paro no programado,paro por falta de resina en tolva,L. Betancur
2026-04-21,07:15,mañana,L1,ENV-500,HMI,Ajuste de proceso,se corrigió el perfil de temperaturas,D. Valencia
2026-04-21,08:24,mañana,L2,TAP-38,HMI,Inspección de calidad,revisión dimensional de rutina,J. Peláez
2026-04-21,08:34,mañana,L1,ENV-500,Bitácora,Alarma HMI,alarma de temperatura de zona 3,D. Valencia
2026-04-21,09:30,mañana,L3,GAL-3800,HMI,Arranque de turno,arranque normal del equipo,C. Ramírez
2026-04-21,09:39,mañana,L1,ENV-500,HMI,Arranque de turno,arranque con precalentamiento del molde,M. Ocampo
2026-04-21,10:13,mañana,L1,ENV-500,Bitácora,Ajuste de proceso,ajuste de contrapresión,A. Quintero
2026-04-21,11:11,mañana,L3,GAL-3800,Bitácora,Alarma HMI,falla de sensor de posición del husillo,A. Quintero
2026-04-21,11:39,mañana,L1,ENV-500,HMI,Inspección de calidad,muestreo de peso conforme al plan,L. Betancur
2026-04-21,11:39,mañana,L2,TAP-38,HMI,Inspección de calidad,revisión dimensional de rutina,D. Valencia
2026-04-21,12:05,mañana,L2,TAP-38,Bitácora,Ajuste de proceso,se corrigió el perfil de temperaturas,L. Betancur
2026-04-21,12:29,mañana,L2,TAP-38,Bitácora,Paro no programado,paro eléctrico breve,M. Ocampo
2026-04-21,14:07,tarde,L1,ENV-500,Bitácora,Alarma HMI,alarma de dosificador,D. Valencia
2026-04-21,15:54,tarde,L2,TAP-38,Bitácora,Inspección de calidad,revisión dimensional de rutina,A. Quintero
2026-04-21,16:49,tarde,L2,TAP-38,HMI,Ajuste de proceso,se corrigió el perfil de temperaturas,M. Ocampo
2026-04-21,17:35,tarde,L1,ENV-500,Bitácora,Ajuste de proceso,ajuste de contrapresión,C. Ramírez
2026-04-21,18:09,tarde,L1,ENV-500,HMI,Inspección de calidad,muestreo de peso conforme al plan,A. Quintero
2026-04-21,18:33,tarde,L3,GAL-3800,HMI,Alarma HMI,falla de sensor de posición del husillo,D. Valencia
2026-04-21,19:32,tarde,L3,GAL-3800,HMI,Alarma HMI,alarma de temperatura de zona 3,L. Betancur
2026-04-21,19:54,tarde,L2,TAP-38,HMI,Inspección de calidad,revisión dimensional de rutina,J. Peláez
2026-04-21,20:29,tarde,L3,GAL-3800,HMI,Paro no programado,paro eléctrico breve,M. Ocampo
2026-04-21,20:34,tarde,L1,ENV-500,Bitácora,Mantenimiento correctivo,ajuste de cierre del molde,D. Valencia
2026-04-21,20:50,tarde,L2,TAP-38,Bitácora,Arranque de turno,arranque normal del equipo,A. Quintero
2026-04-21,21:03,tarde,L2,TAP-38,HMI,Paro no programado,paro eléctrico breve,A. Quintero
2026-04-21,21:58,tarde,L1,ENV-500,Bitácora,Ajuste de proceso,se bajó el tiempo de enfriamiento,M. Ocampo
2026-04-22,01:01,noche,L2,TAP-38,HMI,Inspección de calidad,revisión dimensional de rutina,L. Betancur
2026-04-22,03:08,noche,L3,GAL-3800,Bitácora,Arranque de turno,arranque con precalentamiento del molde,M. Ocampo
2026-04-22,05:44,noche,L2,TAP-38,Bitácora,Inspección de calidad,revisión dimensional de rutina,L. Betancur
2026-04-22,05:48,noche,L2,TAP-38,HMI,Ajuste de proceso,se corrigió el perfil de temperaturas,M. Ocampo
2026-04-22,06:57,mañana,L3,GAL-3800,HMI,Alarma HMI,falla de sensor de posición del husillo,D. Valencia
2026-04-22,08:20,mañana,L3,GAL-3800,HMI,Mantenimiento correctivo,ajuste de cierre del molde,D. Valencia
2026-04-22,09:04,mañana,L3,GAL-3800,HMI,Mantenimiento correctivo,cambio de resistencia de la zona 2,C. Ramírez
2026-04-22,10:16,mañana,L3,GAL-3800,Bitácora,Mantenimiento correctivo,cambio de resistencia de la zona 2,D. Valencia
2026-04-22,12:59,mañana,L2,TAP-38,HMI,Inspección de calidad,revisión dimensional de rutina,A. Quintero
2026-04-22,13:34,mañana,L2,TAP-38,HMI,Inspección de calidad,revisión dimensional de rutina,D. Valencia
2026-04-22,14:51,tarde,L3,GAL-3800,Bitácora,Arranque de turno,"el molde arrancó por debajo de temperatura, primeras piezas con rebaba",L. Betancur
2026-04-22,14:59,tarde,L1,ENV-500,HMI,Inspección de calidad,revisión dimensional de rutina,D. Valencia
2026-04-22,15:10,tarde,L3,GAL-3800,HMI,Ajuste de proceso,se bajó el tiempo de enfriamiento,C. Ramírez
2026-04-22,15:26,tarde,L2,TAP-38,HMI,Arranque de turno,arranque con precalentamiento del molde,A. Quintero
2026-04-22,18:13,tarde,L1,ENV-500,HMI,Mantenimiento correctivo,ajuste de cierre del molde,C. Ramírez
2026-04-22,18:44,tarde,L2,TAP-38,HMI,Arranque de turno,"el molde arrancó por debajo de temperatura, primeras piezas con rebaba",A. Quintero
2026-04-22,18:52,tarde,L1,ENV-500,Bitácora,Paro no programado,paro por atasco en la banda de salida,L. Betancur
2026-04-22,19:58,tarde,L3,GAL-3800,HMI,Paro no programado,paro por atasco en la banda de salida,M. Ocampo
2026-04-22,22:01,noche,L3,GAL-3800,HMI,Arranque de turno,arranque con precalentamiento del molde,A. Quintero
2026-04-22,22:09,noche,L2,TAP-38,HMI,Inspección de calidad,muestreo de peso conforme al plan,M. Ocampo
2026-04-22,23:12,noche,L2,TAP-38,HMI,Paro no programado,paro por atasco en la banda de salida,D. Valencia
2026-04-22,23:48,noche,L3,GAL-3800,HMI,Mantenimiento correctivo,ajuste de cierre del molde,J. Peláez
2026-04-23,00:06,noche,L2,BAN-250,Bitácora,Inspección de calidad,muestreo de peso conforme al plan,J. Peláez
2026-04-23,00:29,noche,L2,BAN-250,Bitácora,Inspección de calidad,revisión dimensional de rutina,A. Quintero
2026-04-23,00:43,noche,L3,GAL-3800,Bitácora,Ajuste de proceso,se corrigió el perfil de temperaturas,C. Ramírez
2026-04-23,04:07,noche,L1,ENV-500,HMI,Inspección de calidad,muestreo de peso conforme al plan,C. Ramírez
2026-04-23,04:37,noche,L1,ENV-500,Bitácora,Paro no programado,paro por falta de resina en tolva,D. Valencia
2026-04-23,04:48,noche,L3,GAL-3800,Bitácora,Ajuste de proceso,se corrigió el perfil de temperaturas,A. Quintero
2026-04-23,05:08,noche,L1,ENV-500,HMI,Inspección de calidad,revisión dimensional de rutina,C. Ramírez
2026-04-23,05:30,noche,L2,BAN-250,HMI,Inspección de calidad,revisión dimensional de rutina,J. Peláez
2026-04-23,05:31,noche,L1,ENV-500,Bitácora,Mantenimiento correctivo,ajuste de cierre del molde,C. Ramírez
2026-04-23,06:34,mañana,L1,ENV-500,Bitácora,Mantenimiento correctivo,cambio de resistencia de la zona 2,D. Valencia
2026-04-23,08:26,mañana,L1,ENV-500,HMI,Ajuste de proceso,se corrigió el perfil de temperaturas,L. Betancur
2026-04-23,08:26,mañana,L2,BAN-250,Bitácora,Paro no programado,paro por atasco en la banda de salida,M. Ocampo
2026-04-23,09:00,mañana,L1,ENV-500,HMI,Paro no programado,paro por atasco en la banda de salida,A. Quintero
2026-04-23,09:08,mañana,L2,BAN-250,HMI,Inspección de calidad,revisión dimensional de rutina,L. Betancur
2026-04-23,10:10,mañana,L2,BAN-250,Bitácora,Alarma HMI,alarma de dosificador,C. Ramírez
2026-04-23,11:07,mañana,L2,BAN-250,HMI,Alarma HMI,presión de inyección fuera de banda,J. Peláez
2026-04-23,11:23,mañana,L2,BAN-250,HMI,Arranque de turno,arranque normal del equipo,A. Quintero
2026-04-23,13:59,mañana,L1,ENV-500,HMI,Ajuste de proceso,se corrigió el perfil de temperaturas,D. Valencia
2026-04-23,14:13,tarde,L2,BAN-250,Bitácora,Arranque de turno,arranque con precalentamiento del molde,A. Quintero
2026-04-23,14:15,tarde,L2,BAN-250,HMI,Inspección de calidad,muestreo de peso conforme al plan,L. Betancur
2026-04-23,14:29,tarde,L3,GAL-3800,HMI,Alarma HMI,alarma de dosificador,J. Peláez
2026-04-23,16:21,tarde,L3,GAL-3800,Bitácora,Inspección de calidad,revisión dimensional de rutina,A. Quintero
2026-04-23,16:22,tarde,L3,GAL-3800,Bitácora,Paro no programado,paro eléctrico breve,C. Ramírez
2026-04-23,16:48,tarde,L3,GAL-3800,Bitácora,Paro no programado,paro eléctrico breve,L. Betancur
2026-04-23,17:08,tarde,L3,GAL-3800,Bitácora,Alarma HMI,alarma de temperatura de zona 3,L. Betancur
2026-04-23,17:52,tarde,L2,BAN-250,Bitácora,Inspección de calidad,muestreo de peso conforme al plan,L. Betancur
2026-04-23,19:04,tarde,L2,BAN-250,Bitácora,Mantenimiento correctivo,ajuste de cierre del molde,J. Peláez
2026-04-23,20:21,tarde,L2,BAN-250,Bitácora,Paro no programado,paro por falta de resina en tolva,L. Betancur
2026-04-23,22:06,noche,L3,GAL-3800,Bitácora,Paro no programado,paro por falta de resina en tolva,C. Ramírez
2026-04-23,22:18,noche,L1,ENV-500,Bitácora,Inspección de calidad,muestreo de peso conforme al plan,C. Ramírez
2026-04-24,00:57,noche,L3,GAL-3800,HMI,Alarma HMI,falla de sensor de posición del husillo,C. Ramírez
2026-04-24,01:15,noche,L2,BAN-250,HMI,Paro no programado,paro por falta de resina en tolva,C. Ramírez
2026-04-24,03:06,noche,L1,ENV-500,HMI,Alarma HMI,presión de inyección fuera de banda,D. Valencia
2026-04-24,03:46,noche,L1,ENV-500,Bitácora,Inspección de calidad,revisión dimensional de rutina,L. Betancur
2026-04-24,05:39,noche,L1,ENV-500,HMI,Arranque de turno,arranque normal del equipo,J. Peláez
2026-04-24,09:42,mañana,L3,GAL-3800,Bitácora,Paro no programado,paro por falta de resina en tolva,D. Valencia
2026-04-24,11:01,mañana,L2,BAN-250,HMI,Paro no programado,paro por falta de resina en tolva,A. Quintero
2026-04-24,13:27,mañana,L2,BAN-250,HMI,Arranque de turno,"el molde arrancó por debajo de temperatura, primeras piezas con rebaba",L. Betancur
2026-04-24,13:47,mañana,L3,GAL-3800,HMI,Alarma HMI,falla de sensor de posición del husillo,J. Peláez
2026-04-24,14:33,tarde,L2,BAN-250,HMI,Alarma HMI,falla de sensor de posición del husillo,J. Peláez
2026-04-24,18:04,tarde,L2,BAN-250,HMI,Paro no programado,paro por falta de resina en tolva,C. Ramírez
2026-04-24,19:47,tarde,L2,BAN-250,HMI,Paro no programado,paro por atasco en la banda de salida,A. Quintero
2026-04-24,21:16,tarde,L2,BAN-250,Bitácora,Alarma HMI,falla de sensor de posición del husillo,A. Quintero
2026-04-24,21:23,tarde,L2,BAN-250,HMI,Ajuste de proceso,se bajó el tiempo de enfriamiento,J. Peláez
2026-04-24,22:18,noche,L3,GAL-3800,HMI,Arranque de turno,"el molde arrancó por debajo de temperatura, primeras piezas con rebaba",C. Ramírez
2026-04-24,22:57,noche,L2,BAN-250,HMI,Alarma HMI,presión de inyección fuera de banda,D. Valencia
2026-04-24,23:55,noche,L3,GAL-3800,Bitácora,Ajuste de proceso,se corrigió el perfil de temperaturas,D. Valencia
2026-04-25,02:44,noche,L1,ENV-500,HMI,Ajuste de proceso,ajuste de contrapresión,A. Quintero
2026-04-25,06:15,mañana,L1,ENV-500,HMI,Mantenimiento correctivo,ajuste de cierre del molde,L. Betancur
2026-04-25,06:41,mañana,L1,ENV-500,HMI,Inspección de calidad,revisión dimensional de rutina,C. Ramírez
2026-04-25,07:26,mañana,L3,GAL-3800,Bitácora,Inspección de calidad,muestreo de peso conforme al plan,M. Ocampo
2026-04-25,08:47,mañana,L3,GAL-3800,Bitácora,Mantenimiento correctivo,ajuste de cierre del molde,C. Ramírez
2026-04-25,12:01,mañana,L1,ENV-500,HMI,Arranque de turno,arranque normal del equipo,L. Betancur
2026-04-25,12:12,mañana,L3,GAL-3800,HMI,Alarma HMI,presión de inyección fuera de banda,D. Valencia
2026-04-25,12:40,mañana,L1,ENV-500,Bitácora,Alarma HMI,alarma de dosificador,A. Quintero
2026-04-25,15:18,tarde,L2,BAN-250,HMI,Paro no programado,paro por falta de resina en tolva,A. Quintero
2026-04-25,16:25,tarde,L2,BAN-250,Bitácora,Paro no programado,paro por atasco en la banda de salida,C. Ramírez
2026-04-25,17:21,tarde,L3,GAL-3800,HMI,Arranque de turno,arranque con precalentamiento del molde,A. Quintero
2026-04-25,17:36,tarde,L2,BAN-250,HMI,Paro no programado,paro por falta de resina en tolva,D. Valencia
2026-04-25,18:16,tarde,L2,BAN-250,HMI,Inspección de calidad,muestreo de peso conforme al plan,C. Ramírez
2026-04-25,19:18,tarde,L1,ENV-500,Bitácora,Mantenimiento correctivo,cambio de resistencia de la zona 2,D. Valencia
2026-04-25,21:08,tarde,L2,BAN-250,HMI,Alarma HMI,falla de sensor de posición del husillo,A. Quintero
2026-04-25,21:27,tarde,L3,GAL-3800,HMI,Inspección de calidad,revisión dimensional de rutina,J. Peláez
2026-04-25,21:42,tarde,L1,ENV-500,Bitácora,Paro no programado,paro por falta de resina en tolva,L. Betancur
2026-04-25,23:15,noche,L1,ENV-500,HMI,Paro no programado,paro por atasco en la banda de salida,L. Betancur
2026-04-26,01:14,noche,L2,BAN-250,Bitácora,Arranque de turno,"el molde arrancó por debajo de temperatura, primeras piezas con rebaba",J. Peláez
2026-04-26,02:47,noche,L1,ENV-1000,Bitácora,Mantenimiento correctivo,cambio de resistencia de la zona 2,J. Peláez
2026-04-26,03:31,noche,L1,ENV-1000,Bitácora,Mantenimiento correctivo,ajuste de cierre del molde,C. Ramírez
2026-04-26,03:56,noche,L2,BAN-250,HMI,Arranque de turno,"el molde arrancó por debajo de temperatura, primeras piezas con rebaba",C. Ramírez
2026-04-26,03:57,noche,L2,BAN-250,Bitácora,Inspección de calidad,muestreo de peso conforme al plan,L. Betancur
2026-04-26,07:34,mañana,L3,ENV-500,HMI,Paro no programado,paro por falta de resina en tolva,A. Quintero
2026-04-26,07:45,mañana,L1,ENV-1000,HMI,Paro no programado,paro por falta de resina en tolva,D. Valencia
2026-04-26,08:15,mañana,L2,BAN-250,HMI,Alarma HMI,alarma de temperatura de zona 3,A. Quintero
2026-04-26,08:57,mañana,L2,BAN-250,Bitácora,Inspección de calidad,muestreo de peso conforme al plan,D. Valencia
2026-04-26,10:57,mañana,L3,ENV-500,HMI,Ajuste de proceso,se bajó el tiempo de enfriamiento,L. Betancur
2026-04-26,11:24,mañana,L1,ENV-1000,HMI,Inspección de calidad,revisión dimensional de rutina,L. Betancur
2026-04-26,12:38,mañana,L3,ENV-500,HMI,Ajuste de proceso,se corrigió el perfil de temperaturas,C. Ramírez
2026-04-26,14:14,tarde,L1,ENV-1000,HMI,Ajuste de proceso,ajuste de contrapresión,D. Valencia
2026-04-26,15:20,tarde,L2,BAN-250,HMI,Alarma HMI,presión de inyección fuera de banda,M. Ocampo
2026-04-26,15:25,tarde,L3,ENV-500,HMI,Mantenimiento correctivo,cambio de resistencia de la zona 2,L. Betancur
2026-04-26,16:53,tarde,L3,ENV-500,Bitácora,Arranque de turno,"el molde arrancó por debajo de temperatura, primeras piezas con rebaba",J. Peláez
2026-04-26,17:36,tarde,L2,BAN-250,Bitácora,Arranque de turno,arranque normal del equipo,L. Betancur
2026-04-26,18:20,tarde,L1,ENV-1000,Bitácora,Mantenimiento correctivo,cambio de resistencia de la zona 2,A. Quintero
2026-04-26,18:52,tarde,L2,BAN-250,HMI,Paro no programado,paro eléctrico breve,J. Peláez
2026-04-26,19:16,tarde,L3,ENV-500,HMI,Arranque de turno,arranque con precalentamiento del molde,M. Ocampo
2026-04-26,21:01,tarde,L1,ENV-1000,HMI,Paro no programado,paro por falta de resina en tolva,J. Peláez
2026-04-26,21:45,tarde,L3,ENV-500,Bitácora,Inspección de calidad,revisión dimensional de rutina,A. Quintero
2026-04-27,06:42,mañana,L2,BAN-250,HMI,Arranque de turno,arranque con precalentamiento del molde,D. Valencia
2026-04-27,06:55,mañana,L3,ENV-500,Bitácora,Inspección de calidad,muestreo de peso conforme al plan,C. Ramírez
2026-04-27,10:47,mañana,L2,BAN-250,HMI,Inspección de calidad,revisión dimensional de rutina,L. Betancur
2026-04-27,11:58,mañana,L2,BAN-250,HMI,Arranque de turno,"el molde arrancó por debajo de temperatura, primeras piezas con rebaba",C. Ramírez
2026-04-27,13:02,mañana,L3,ENV-500,HMI,Ajuste de proceso,ajuste de contrapresión,C. Ramírez
2026-04-27,13:09,mañana,L2,BAN-250,HMI,Alarma HMI,falla de sensor de posición del husillo,J. Peláez
2026-04-27,14:11,tarde,L3,ENV-500,HMI,Alarma HMI,presión de inyección fuera de banda,C. Ramírez
2026-04-27,14:44,tarde,L2,BAN-250,Bitácora,Inspección de calidad,muestreo de peso conforme al plan,L. Betancur
2026-04-27,15:26,tarde,L2,BAN-250,HMI,Alarma HMI,presión de inyección fuera de banda,C. Ramírez
2026-04-27,16:13,tarde,L2,BAN-250,HMI,Alarma HMI,alarma de dosificador,C. Ramírez
2026-04-27,16:30,tarde,L3,ENV-500,Bitácora,Inspección de calidad,muestreo de peso conforme al plan,A. Quintero
2026-04-27,16:45,tarde,L2,BAN-250,Bitácora,Paro no programado,paro eléctrico breve,A. Quintero
2026-04-27,17:06,tarde,L1,ENV-1000,HMI,Paro no programado,paro por falta de resina en tolva,L. Betancur
2026-04-27,18:34,tarde,L1,ENV-1000,HMI,Alarma HMI,presión de inyección fuera de banda,C. Ramírez
2026-04-27,20:28,tarde,L3,ENV-500,HMI,Alarma HMI,alarma de temperatura de zona 3,L. Betancur
2026-04-27,20:35,tarde,L1,ENV-1000,HMI,Paro no programado,paro por atasco en la banda de salida,M. Ocampo
2026-04-27,20:58,tarde,L3,ENV-500,HMI,Ajuste de proceso,ajuste de contrapresión,L. Betancur
2026-04-27,21:09,tarde,L1,ENV-1000,HMI,Paro no programado,paro por falta de resina en tolva,C. Ramírez
2026-04-27,21:13,tarde,L1,ENV-1000,Bitácora,Arranque de turno,"el molde arrancó por debajo de temperatura, primeras piezas con rebaba",L. Betancur
2026-04-27,21:37,tarde,L3,ENV-500,Bitácora,Paro no programado,paro por falta de resina en tolva,A. Quintero
2026-04-27,21:52,tarde,L2,BAN-250,Bitácora,Mantenimiento correctivo,cambio de resistencia de la zona 2,C. Ramírez
2026-04-28,02:23,noche,L1,ENV-1000,HMI,Arranque de turno,arranque normal del equipo,A. Quintero
2026-04-28,03:05,noche,L1,ENV-1000,HMI,Alarma HMI,alarma de dosificador,D. Valencia
2026-04-28,04:37,noche,L2,BAN-250,HMI,Mantenimiento correctivo,ajuste de cierre del molde,L. Betancur
2026-04-28,05:33,noche,L2,BAN-250,HMI,Ajuste de proceso,se corrigió el perfil de temperaturas,M. Ocampo
2026-04-28,05:46,noche,L1,ENV-1000,Bitácora,Arranque de turno,"el molde arrancó por debajo de temperatura, primeras piezas con rebaba",M. Ocampo
2026-04-28,08:28,mañana,L2,BAN-250,HMI,Paro no programado,paro por falta de resina en tolva,A. Quintero
2026-04-28,09:45,mañana,L2,BAN-250,Bitácora,Alarma HMI,alarma de dosificador,M. Ocampo
2026-04-28,10:57,mañana,L2,BAN-250,HMI,Ajuste de proceso,se bajó el tiempo de enfriamiento,J. Peláez
2026-04-28,19:11,tarde,L3,ENV-500,HMI,Arranque de turno,arranque con precalentamiento del molde,A. Quintero
2026-04-28,19:13,tarde,L3,ENV-500,HMI,Arranque de turno,arranque normal del equipo,M. Ocampo
2026-04-28,22:02,noche,L2,BAN-250,HMI,Arranque de turno,arranque normal del equipo,C. Ramírez
2026-04-28,22:09,noche,L2,BAN-250,Bitácora,Alarma HMI,presión de inyección fuera de banda,L. Betancur
2026-04-28,22:19,noche,L1,ENV-1000,HMI,Alarma HMI,presión de inyección fuera de banda,A. Quintero
2026-04-29,00:56,noche,L3,ENV-500,Bitácora,Mantenimiento correctivo,ajuste de cierre del molde,D. Valencia
2026-04-29,01:00,noche,L3,ENV-500,HMI,Mantenimiento correctivo,cambio de resistencia de la zona 2,J. Peláez
2026-04-29,01:21,noche,L2,TAP-38,HMI,Ajuste de proceso,se corrigió el perfil de temperaturas,D. Valencia
2026-04-29,02:03,noche,L2,TAP-38,Bitácora,Paro no programado,paro eléctrico breve,J. Peláez
2026-04-29,06:14,mañana,L2,TAP-38,HMI,Ajuste de proceso,se corrigió el perfil de temperaturas,C. Ramírez
2026-04-29,09:52,mañana,L3,ENV-500,Bitácora,Paro no programado,paro por atasco en la banda de salida,J. Peláez
2026-04-29,11:29,mañana,L3,ENV-500,Bitácora,Inspección de calidad,revisión dimensional de rutina,J. Peláez
2026-04-29,11:46,mañana,L3,ENV-500,HMI,Mantenimiento correctivo,cambio de resistencia de la zona 2,D. Valencia
2026-04-29,11:59,mañana,L2,TAP-38,Bitácora,Arranque de turno,arranque normal del equipo,D. Valencia
2026-04-29,12:07,mañana,L3,ENV-500,Bitácora,Inspección de calidad,revisión dimensional de rutina,A. Quintero
2026-04-29,14:11,tarde,L1,ENV-1000,Bitácora,Arranque de turno,"el molde arrancó por debajo de temperatura, primeras piezas con rebaba",D. Valencia
2026-04-29,14:55,tarde,L1,ENV-1000,Bitácora,Paro no programado,paro por atasco en la banda de salida,J. Peláez
2026-04-29,14:57,tarde,L3,ENV-500,HMI,Mantenimiento correctivo,ajuste de cierre del molde,L. Betancur
2026-04-29,16:01,tarde,L1,ENV-1000,Bitácora,Arranque de turno,arranque normal del equipo,C. Ramírez
2026-04-29,16:12,tarde,L3,ENV-500,HMI,Inspección de calidad,muestreo de peso conforme al plan,C. Ramírez
2026-04-29,18:09,tarde,L1,ENV-1000,HMI,Inspección de calidad,muestreo de peso conforme al plan,A. Quintero
2026-04-29,21:03,tarde,L3,ENV-500,HMI,Alarma HMI,alarma de temperatura de zona 3,A. Quintero
2026-04-29,23:13,noche,L2,TAP-38,HMI,Inspección de calidad,revisión dimensional de rutina,J. Peláez
2026-04-29,23:48,noche,L2,TAP-38,Bitácora,Alarma HMI,alarma de dosificador,D. Valencia
2026-04-30,00:14,noche,L2,TAP-38,Bitácora,Mantenimiento correctivo,ajuste de cierre del molde,M. Ocampo
2026-04-30,01:28,noche,L1,ENV-1000,HMI,Alarma HMI,presión de inyección fuera de banda,J. Peláez
2026-04-30,02:02,noche,L1,ENV-1000,HMI,Alarma HMI,falla de sensor de posición del husillo,M. Ocampo
2026-04-30,02:11,noche,L2,TAP-38,HMI,Mantenimiento correctivo,ajuste de cierre del molde,D. Valencia
2026-04-30,02:54,noche,L1,ENV-1000,Bitácora,Arranque de turno,arranque normal del equipo,L. Betancur
2026-04-30,03:25,noche,L1,ENV-1000,HMI,Mantenimiento correctivo,ajuste de cierre del molde,C. Ramírez
2026-04-30,04:59,noche,L2,TAP-38,HMI,Ajuste de proceso,se corrigió el perfil de temperaturas,D. Valencia
2026-04-30,06:12,mañana,L1,ENV-1000,Bitácora,Alarma HMI,alarma de dosificador,L. Betancur
2026-04-30,06:15,mañana,L3,ENV-500,HMI,Arranque de turno,"el molde arrancó por debajo de temperatura, primeras piezas con rebaba",D. Valencia
2026-04-30,07:51,mañana,L1,ENV-1000,HMI,Mantenimiento correctivo,ajuste de cierre del molde,A. Quintero
2026-04-30,08:59,mañana,L2,TAP-38,HMI,Ajuste de proceso,se corrigió el perfil de temperaturas,L. Betancur
2026-04-30,09:27,mañana,L2,TAP-38,HMI,Arranque de turno,arranque con precalentamiento del molde,D. Valencia
2026-04-30,10:13,mañana,L2,TAP-38,Bitácora,Ajuste de proceso,se bajó el tiempo de enfriamiento,D. Valencia
2026-04-30,10:15,mañana,L3,ENV-500,HMI,Inspección de calidad,muestreo de peso conforme al plan,C. Ramírez
2026-04-30,10:22,mañana,L3,ENV-500,Bitácora,Inspección de calidad,muestreo de peso conforme al plan,A. Quintero
2026-04-30,11:41,mañana,L3,ENV-500,HMI,Arranque de turno,arranque normal del equipo,A. Quintero
2026-04-30,13:46,mañana,L1,ENV-1000,Bitácora,Arranque de turno,"el molde arrancó por debajo de temperatura, primeras piezas con rebaba",A. Quintero
2026-04-30,14:11,tarde,L1,ENV-1000,HMI,Mantenimiento correctivo,ajuste de cierre del molde,L. Betancur
2026-04-30,14:13,tarde,L2,TAP-38,Bitácora,Inspección de calidad,muestreo de peso conforme al plan,C. Ramírez
2026-04-30,17:06,tarde,L2,TAP-38,Bitácora,Mantenimiento correctivo,ajuste de cierre del molde,L. Betancur
2026-04-30,17:15,tarde,L2,TAP-38,HMI,Mantenimiento correctivo,ajuste de cierre del molde,A. Quintero
2026-04-30,17:55,tarde,L1,ENV-1000,Bitácora,Inspección de calidad,revisión dimensional de rutina,L. Betancur
2026-04-30,18:14,tarde,L1,ENV-1000,HMI,Inspección de calidad,muestreo de peso conforme al plan,J. Peláez
2026-04-30,19:18,tarde,L2,TAP-38,Bitácora,Ajuste de proceso,se bajó el tiempo de enfriamiento,D. Valencia
2026-04-30,19:20,tarde,L2,TAP-38,HMI,Paro no programado,paro por falta de resina en tolva,A. Quintero
2026-04-30,21:14,tarde,L1,ENV-1000,Bitácora,Arranque de turno,"el molde arrancó por debajo de temperatura, primeras piezas con rebaba",C. Ramírez
2026-04-30,23:23,noche,L2,TAP-38,Bitácora,Paro no programado,paro por atasco en la banda de salida,L. Betancur
2026-04-30,23:53,noche,L2,TAP-38,Bitácora,Ajuste de proceso,se corrigió el perfil de temperaturas,J. Peláez
2026-04-30,23:56,noche,L1,ENV-1000,Bitácora,Inspección de calidad,revisión dimensional de rutina,D. Valencia
2026-05-01,00:32,noche,L2,TAP-38,HMI,Mantenimiento correctivo,cambio de resistencia de la zona 2,J. Peláez
2026-05-01,01:15,noche,L1,ENV-1000,HMI,Alarma HMI,falla de sensor de posición del husillo,A. Quintero
2026-05-01,01:47,noche,L3,ENV-500,HMI,Mantenimiento correctivo,cambio de resistencia de la zona 2,A. Quintero
2026-05-01,02:52,noche,L2,TAP-38,Bitácora,Ajuste de proceso,se bajó el tiempo de enfriamiento,C. Ramírez
2026-05-01,02:59,noche,L1,ENV-1000,Bitácora,Arranque de turno,"el molde arrancó por debajo de temperatura, primeras piezas con rebaba",A. Quintero
2026-05-01,03:42,noche,L2,TAP-38,HMI,Paro no programado,paro eléctrico breve,L. Betancur
2026-05-01,04:06,noche,L3,ENV-500,HMI,Arranque de turno,arranque normal del equipo,J. Peláez
2026-05-01,05:38,noche,L3,ENV-500,HMI,Mantenimiento correctivo,cambio de resistencia de la zona 2,A. Quintero
2026-05-01,05:44,noche,L3,ENV-500,HMI,Paro no programado,paro por falta de resina en tolva,D. Valencia
2026-05-01,05:45,noche,L1,ENV-1000,Bitácora,Paro no programado,paro por atasco en la banda de salida,D. Valencia
2026-05-01,06:27,mañana,L2,TAP-38,Bitácora,Arranque de turno,arranque normal del equipo,M. Ocampo
2026-05-01,06:56,mañana,L1,ENV-1000,HMI,Paro no programado,paro eléctrico breve,A. Quintero
2026-05-01,07:27,mañana,L3,ENV-500,HMI,Ajuste de proceso,se bajó el tiempo de enfriamiento,M. Ocampo
2026-05-01,07:54,mañana,L2,TAP-38,HMI,Arranque de turno,arranque normal del equipo,M. Ocampo
2026-05-01,09:37,mañana,L1,ENV-1000,Bitácora,Mantenimiento correctivo,ajuste de cierre del molde,M. Ocampo
2026-05-01,09:43,mañana,L1,ENV-1000,Bitácora,Arranque de turno,arranque con precalentamiento del molde,D. Valencia
2026-05-01,10:49,mañana,L2,TAP-38,HMI,Inspección de calidad,revisión dimensional de rutina,L. Betancur
2026-05-01,11:02,mañana,L3,ENV-500,HMI,Ajuste de proceso,ajuste de contrapresión,D. Valencia
2026-05-01,11:12,mañana,L1,ENV-1000,HMI,Arranque de turno,arranque normal del equipo,A. Quintero
2026-05-01,11:18,mañana,L2,TAP-38,HMI,Ajuste de proceso,se bajó el tiempo de enfriamiento,J. Peláez
2026-05-01,11:19,mañana,L1,ENV-1000,Bitácora,Alarma HMI,presión de inyección fuera de banda,L. Betancur
2026-05-01,12:27,mañana,L2,TAP-38,HMI,Mantenimiento correctivo,ajuste de cierre del molde,M. Ocampo
2026-05-01,13:11,mañana,L3,ENV-500,HMI,Inspección de calidad,revisión dimensional de rutina,D. Valencia
2026-05-01,13:27,mañana,L3,ENV-500,HMI,Ajuste de proceso,ajuste de contrapresión,D. Valencia
2026-05-01,18:57,tarde,L1,ENV-1000,Bitácora,Paro no programado,paro por falta de resina en tolva,M. Ocampo
2026-05-01,19:33,tarde,L1,ENV-1000,Bitácora,Arranque de turno,"el molde arrancó por debajo de temperatura, primeras piezas con rebaba",C. Ramírez
2026-05-01,22:39,noche,L3,ENV-500,HMI,Ajuste de proceso,se corrigió el perfil de temperaturas,A. Quintero
2026-05-01,22:43,noche,L1,ENV-1000,Bitácora,Ajuste de proceso,se bajó el tiempo de enfriamiento,D. Valencia
2026-05-01,23:23,noche,L1,ENV-1000,HMI,Arranque de turno,arranque con precalentamiento del molde,J. Peláez
2026-05-02,01:39,noche,L2,BAN-250,HMI,Inspección de calidad,muestreo de peso conforme al plan,C. Ramírez
2026-05-02,03:06,noche,L2,BAN-250,Bitácora,Arranque de turno,"el molde arrancó por debajo de temperatura, primeras piezas con rebaba",M. Ocampo
2026-05-02,03:54,noche,L3,ENV-500,HMI,Mantenimiento correctivo,cambio de resistencia de la zona 2,L. Betancur
2026-05-02,04:03,noche,L3,ENV-500,HMI,Mantenimiento correctivo,cambio de resistencia de la zona 2,A. Quintero
2026-05-02,08:11,mañana,L2,BAN-250,HMI,Inspección de calidad,muestreo de peso conforme al plan,L. Betancur
2026-05-02,08:24,mañana,L2,BAN-250,Bitácora,Arranque de turno,"el molde arrancó por debajo de temperatura, primeras piezas con rebaba",A. Quintero
2026-05-02,08:40,mañana,L3,ENV-500,Bitácora,Ajuste de proceso,se bajó el tiempo de enfriamiento,J. Peláez
2026-05-02,10:03,mañana,L2,BAN-250,HMI,Arranque de turno,"el molde arrancó por debajo de temperatura, primeras piezas con rebaba",D. Valencia
2026-05-02,10:50,mañana,L3,ENV-500,HMI,Ajuste de proceso,se corrigió el perfil de temperaturas,M. Ocampo
2026-05-02,12:05,mañana,L2,BAN-250,Bitácora,Ajuste de proceso,ajuste de contrapresión,L. Betancur
2026-05-02,12:06,mañana,L3,ENV-500,HMI,Mantenimiento correctivo,cambio de resistencia de la zona 2,D. Valencia
2026-05-02,12:44,mañana,L2,BAN-250,HMI,Alarma HMI,falla de sensor de posición del husillo,J. Peláez
2026-05-02,13:07,mañana,L3,ENV-500,HMI,Alarma HMI,alarma de dosificador,M. Ocampo
2026-05-02,14:35,tarde,L2,BAN-250,HMI,Mantenimiento correctivo,cambio de resistencia de la zona 2,M. Ocampo
2026-05-02,14:49,tarde,L3,ENV-500,HMI,Alarma HMI,falla de sensor de posición del husillo,A. Quintero
2026-05-02,14:55,tarde,L1,ENV-1000,Bitácora,Alarma HMI,falla de sensor de posición del husillo,D. Valencia
2026-05-02,20:15,tarde,L2,BAN-250,Bitácora,Mantenimiento correctivo,cambio de resistencia de la zona 2,M. Ocampo
2026-05-02,20:24,tarde,L2,BAN-250,HMI,Arranque de turno,arranque con precalentamiento del molde,A. Quintero
2026-05-02,21:20,tarde,L1,ENV-1000,Bitácora,Ajuste de proceso,se bajó el tiempo de enfriamiento,J. Peláez
2026-05-02,21:24,tarde,L3,ENV-500,Bitácora,Ajuste de proceso,se corrigió el perfil de temperaturas,J. Peláez
2026-05-02,21:35,tarde,L3,ENV-500,HMI,Inspección de calidad,muestreo de peso conforme al plan,M. Ocampo
2026-05-02,21:47,tarde,L3,ENV-500,HMI,Arranque de turno,"el molde arrancó por debajo de temperatura, primeras piezas con rebaba",L. Betancur
2026-05-02,21:48,tarde,L3,ENV-500,Bitácora,Ajuste de proceso,se bajó el tiempo de enfriamiento,C. Ramírez
2026-05-02,21:54,tarde,L1,ENV-1000,HMI,Alarma HMI,presión de inyección fuera de banda,D. Valencia
2026-05-02,22:41,noche,L2,BAN-250,HMI,Alarma HMI,alarma de temperatura de zona 3,M. Ocampo
2026-05-02,22:47,noche,L2,BAN-250,HMI,Arranque de turno,arranque normal del equipo,A. Quintero
2026-05-02,23:57,noche,L2,BAN-250,HMI,Alarma HMI,presión de inyección fuera de banda,D. Valencia
2026-05-03,00:09,noche,L2,BAN-250,HMI,Mantenimiento correctivo,cambio de resistencia de la zona 2,D. Valencia
2026-05-03,00:13,noche,L1,ENV-500,Bitácora,Mantenimiento correctivo,cambio de resistencia de la zona 2,M. Ocampo
2026-05-03,04:24,noche,L2,BAN-250,Bitácora,Alarma HMI,alarma de dosificador,D. Valencia
2026-05-03,04:39,noche,L1,ENV-500,Bitácora,Arranque de turno,"el molde arrancó por debajo de temperatura, primeras piezas con rebaba",M. Ocampo
2026-05-03,05:36,noche,L2,BAN-250,Bitácora,Alarma HMI,alarma de dosificador,J. Peláez
2026-05-03,06:39,mañana,L3,GAL-3800,HMI,Alarma HMI,alarma de temperatura de zona 3,D. Valencia
2026-05-03,13:09,mañana,L3,GAL-3800,Bitácora,Paro no programado,paro eléctrico breve,L. Betancur
2026-05-03,14:40,tarde,L1,ENV-500,HMI,Alarma HMI,alarma de dosificador,M. Ocampo
2026-05-03,15:20,tarde,L1,ENV-500,Bitácora,Alarma HMI,alarma de temperatura de zona 3,A. Quintero
2026-05-03,15:47,tarde,L1,ENV-500,HMI,Ajuste de proceso,ajuste de contrapresión,A. Quintero
2026-05-03,17:34,tarde,L2,BAN-250,HMI,Mantenimiento correctivo,ajuste de cierre del molde,C. Ramírez
2026-05-03,18:16,tarde,L1,ENV-500,Bitácora,Inspección de calidad,muestreo de peso conforme al plan,L. Betancur
2026-05-03,18:28,tarde,L1,ENV-500,Bitácora,Ajuste de proceso,se bajó el tiempo de enfriamiento,L. Betancur
2026-05-03,18:51,tarde,L2,BAN-250,HMI,Mantenimiento correctivo,cambio de resistencia de la zona 2,M. Ocampo
2026-05-03,19:31,tarde,L2,BAN-250,Bitácora,Paro no programado,paro por atasco en la banda de salida,A. Quintero
2026-05-03,22:17,noche,L1,ENV-500,Bitácora,Alarma HMI,alarma de temperatura de zona 3,M. Ocampo
2026-05-03,22:55,noche,L2,BAN-250,HMI,Paro no programado,paro por atasco en la banda de salida,D. Valencia
2026-05-03,23:01,noche,L1,ENV-500,HMI,Alarma HMI,alarma de temperatura de zona 3,D. Valencia
2026-05-03,23:07,noche,L2,BAN-250,HMI,Paro no programado,paro eléctrico breve,C. Ramírez
2026-05-04,02:15,noche,L2,BAN-250,HMI,Mantenimiento correctivo,ajuste de cierre del molde,C. Ramírez
2026-05-04,03:35,noche,L2,BAN-250,HMI,Alarma HMI,presión de inyección fuera de banda,D. Valencia
2026-05-04,04:14,noche,L2,BAN-250,HMI,Mantenimiento correctivo,ajuste de cierre del molde,C. Ramírez
2026-05-04,05:28,noche,L2,BAN-250,HMI,Alarma HMI,presión de inyección fuera de banda,J. Peláez
2026-05-04,05:49,noche,L2,BAN-250,HMI,Ajuste de proceso,se corrigió el perfil de temperaturas,A. Quintero
2026-05-04,07:26,mañana,L1,ENV-500,Bitácora,Inspección de calidad,revisión dimensional de rutina,D. Valencia
2026-05-04,07:42,mañana,L1,ENV-500,HMI,Inspección de calidad,muestreo de peso conforme al plan,A. Quintero
2026-05-04,08:16,mañana,L3,GAL-3800,HMI,Paro no programado,paro eléctrico breve,M. Ocampo
2026-05-04,08:50,mañana,L1,ENV-500,HMI,Paro no programado,paro por falta de resina en tolva,A. Quintero
2026-05-04,09:25,mañana,L2,BAN-250,Bitácora,Inspección de calidad,muestreo de peso conforme al plan,C. Ramírez
2026-05-04,09:27,mañana,L2,BAN-250,Bitácora,Mantenimiento correctivo,ajuste de cierre del molde,D. Valencia
2026-05-04,10:21,mañana,L2,BAN-250,Bitácora,Ajuste de proceso,se bajó el tiempo de enfriamiento,L. Betancur
2026-05-04,12:14,mañana,L2,BAN-250,HMI,Arranque de turno,arranque normal del equipo,J. Peláez
2026-05-04,12:28,mañana,L3,GAL-3800,HMI,Paro no programado,paro eléctrico breve,M. Ocampo
2026-05-04,13:05,mañana,L1,ENV-500,HMI,Alarma HMI,presión de inyección fuera de banda,C. Ramírez
2026-05-04,13:50,mañana,L2,BAN-250,HMI,Mantenimiento correctivo,ajuste de cierre del molde,A. Quintero
2026-05-04,16:46,tarde,L1,ENV-500,HMI,Ajuste de proceso,se corrigió el perfil de temperaturas,M. Ocampo
2026-05-04,16:53,tarde,L1,ENV-500,Bitácora,Arranque de turno,arranque con precalentamiento del molde,C. Ramírez
2026-05-04,18:21,tarde,L1,ENV-500,Bitácora,Paro no programado,paro eléctrico breve,A. Quintero
2026-05-04,19:09,tarde,L1,ENV-500,HMI,Ajuste de proceso,se corrigió el perfil de temperaturas,J. Peláez
2026-05-04,21:27,tarde,L1,ENV-500,Bitácora,Arranque de turno,"el molde arrancó por debajo de temperatura, primeras piezas con rebaba",A. Quintero
2026-05-05,00:21,noche,L2,BAN-250,Bitácora,Ajuste de proceso,ajuste de contrapresión,C. Ramírez
2026-05-05,02:33,noche,L2,BAN-250,HMI,Arranque de turno,arranque con precalentamiento del molde,J. Peláez
2026-05-05,07:51,mañana,L1,ENV-500,HMI,Inspección de calidad,muestreo de peso conforme al plan,A. Quintero
2026-05-05,08:17,mañana,L3,GAL-3800,Bitácora,Alarma HMI,alarma de temperatura de zona 3,D. Valencia
2026-05-05,09:43,mañana,L3,GAL-3800,HMI,Alarma HMI,presión de inyección fuera de banda,C. Ramírez
2026-05-05,11:03,mañana,L3,GAL-3800,HMI,Alarma HMI,falla de sensor de posición del husillo,D. Valencia
2026-05-05,11:24,mañana,L3,GAL-3800,HMI,Paro no programado,paro por atasco en la banda de salida,A. Quintero
2026-05-05,11:45,mañana,L1,ENV-500,Bitácora,Inspección de calidad,revisión dimensional de rutina,C. Ramírez
2026-05-05,14:01,tarde,L3,GAL-3800,HMI,Alarma HMI,presión de inyección fuera de banda,D. Valencia
2026-05-05,15:52,tarde,L1,ENV-500,Bitácora,Mantenimiento correctivo,ajuste de cierre del molde,J. Peláez
2026-05-05,16:24,tarde,L1,ENV-500,Bitácora,Inspección de calidad,muestreo de peso conforme al plan,A. Quintero
2026-05-05,18:00,tarde,L1,ENV-500,HMI,Alarma HMI,falla de sensor de posición del husillo,D. Valencia
2026-05-05,18:16,tarde,L3,GAL-3800,Bitácora,Inspección de calidad,muestreo de peso conforme al plan,C. Ramírez
2026-05-05,22:10,noche,L2,BAN-250,HMI,Paro no programado,paro por falta de resina en tolva,L. Betancur
2026-05-06,00:55,noche,L1,ENV-500,Bitácora,Inspección de calidad,revisión dimensional de rutina,D. Valencia
2026-05-06,01:40,noche,L1,ENV-500,HMI,Alarma HMI,presión de inyección fuera de banda,A. Quintero
2026-05-06,02:41,noche,L2,BAN-250,HMI,Inspección de calidad,revisión dimensional de rutina,J. Peláez
2026-05-06,02:59,noche,L2,BAN-250,HMI,Inspección de calidad,revisión dimensional de rutina,C. Ramírez
2026-05-06,04:37,noche,L1,ENV-500,HMI,Arranque de turno,arranque normal del equipo,M. Ocampo
2026-05-06,05:27,noche,L1,ENV-500,HMI,Paro no programado,paro por atasco en la banda de salida,A. Quintero
2026-05-06,06:19,mañana,L3,GAL-3800,Bitácora,Mantenimiento correctivo,ajuste de cierre del molde,D. Valencia
2026-05-06,07:16,mañana,L2,BAN-250,HMI,Mantenimiento correctivo,ajuste de cierre del molde,A. Quintero
2026-05-06,10:19,mañana,L3,GAL-3800,HMI,Paro no programado,paro por atasco en la banda de salida,M. Ocampo
2026-05-06,10:43,mañana,L3,GAL-3800,HMI,Mantenimiento correctivo,ajuste de cierre del molde,J. Peláez
2026-05-06,12:52,mañana,L2,BAN-250,Bitácora,Paro no programado,paro por falta de resina en tolva,J. Peláez
2026-05-06,16:27,tarde,L1,ENV-500,HMI,Ajuste de proceso,ajuste de contrapresión,M. Ocampo
2026-05-06,17:10,tarde,L1,ENV-500,HMI,Mantenimiento correctivo,cambio de resistencia de la zona 2,L. Betancur
2026-05-06,18:11,tarde,L1,ENV-500,HMI,Alarma HMI,falla de sensor de posición del husillo,D. Valencia
2026-05-06,19:25,tarde,L1,ENV-500,HMI,Ajuste de proceso,se corrigió el perfil de temperaturas,M. Ocampo
2026-05-06,20:52,tarde,L1,ENV-500,HMI,Ajuste de proceso,se corrigió el perfil de temperaturas,M. Ocampo
2026-05-07,02:59,noche,L3,GAL-3800,Bitácora,Inspección de calidad,revisión dimensional de rutina,C. Ramírez
2026-05-07,04:39,noche,L3,GAL-3800,HMI,Ajuste de proceso,se bajó el tiempo de enfriamiento,M. Ocampo
2026-05-07,06:00,mañana,L1,ENV-500,Bitácora,Inspección de calidad,revisión dimensional de rutina,M. Ocampo
2026-05-07,06:30,mañana,L3,GAL-3800,Bitácora,Mantenimiento correctivo,ajuste de cierre del molde,A. Quintero
2026-05-07,06:35,mañana,L3,GAL-3800,HMI,Alarma HMI,alarma de dosificador,D. Valencia
2026-05-07,07:18,mañana,L2,TAP-38,HMI,Alarma HMI,alarma de temperatura de zona 3,D. Valencia
2026-05-07,09:30,mañana,L1,ENV-500,Bitácora,Paro no programado,paro por atasco en la banda de salida,M. Ocampo
2026-05-07,10:06,mañana,L2,TAP-38,Bitácora,Ajuste de proceso,ajuste de contrapresión,J. Peláez
2026-05-07,12:15,mañana,L3,GAL-3800,HMI,Arranque de turno,arranque normal del equipo,L. Betancur
2026-05-07,12:43,mañana,L1,ENV-500,HMI,Arranque de turno,"el molde arrancó por debajo de temperatura, primeras piezas con rebaba",L. Betancur
2026-05-07,12:54,mañana,L1,ENV-500,Bitácora,Ajuste de proceso,se bajó el tiempo de enfriamiento,M. Ocampo
2026-05-07,16:09,tarde,L1,ENV-500,Bitácora,Arranque de turno,arranque con precalentamiento del molde,L. Betancur
2026-05-07,16:42,tarde,L3,GAL-3800,HMI,Mantenimiento correctivo,ajuste de cierre del molde,M. Ocampo
2026-05-07,17:16,tarde,L3,GAL-3800,HMI,Paro no programado,paro eléctrico breve,M. Ocampo
2026-05-07,19:01,tarde,L3,GAL-3800,HMI,Mantenimiento correctivo,ajuste de cierre del molde,A. Quintero
2026-05-07,19:14,tarde,L3,GAL-3800,Bitácora,Arranque de turno,"el molde arrancó por debajo de temperatura, primeras piezas con rebaba",D. Valencia
2026-05-07,20:15,tarde,L2,TAP-38,HMI,Arranque de turno,arranque normal del equipo,D. Valencia
2026-05-07,20:25,tarde,L1,ENV-500,HMI,Arranque de turno,"el molde arrancó por debajo de temperatura, primeras piezas con rebaba",M. Ocampo
2026-05-07,20:33,tarde,L3,GAL-3800,Bitácora,Arranque de turno,arranque normal del equipo,L. Betancur
2026-05-07,21:19,tarde,L2,TAP-38,Bitácora,Paro no programado,paro por atasco en la banda de salida,C. Ramírez
2026-05-07,22:47,noche,L3,GAL-3800,Bitácora,Ajuste de proceso,se bajó el tiempo de enfriamiento,D. Valencia
2026-05-08,00:37,noche,L3,GAL-3800,Bitácora,Inspección de calidad,muestreo de peso conforme al plan,D. Valencia
2026-05-08,04:46,noche,L3,GAL-3800,HMI,Paro no programado,paro por falta de resina en tolva,M. Ocampo
2026-05-08,05:16,noche,L3,GAL-3800,HMI,Alarma HMI,alarma de temperatura de zona 3,D. Valencia
2026-05-08,05:55,noche,L3,GAL-3800,HMI,Arranque de turno,"el molde arrancó por debajo de temperatura, primeras piezas con rebaba",A. Quintero
2026-05-08,06:36,mañana,L3,GAL-3800,Bitácora,Inspección de calidad,revisión dimensional de rutina,M. Ocampo
2026-05-08,07:21,mañana,L1,ENV-500,HMI,Paro no programado,paro por falta de resina en tolva,M. Ocampo
2026-05-08,08:16,mañana,L3,GAL-3800,HMI,Alarma HMI,falla de sensor de posición del husillo,J. Peláez
2026-05-08,13:08,mañana,L1,ENV-500,HMI,Mantenimiento correctivo,cambio de resistencia de la zona 2,J. Peláez
2026-05-08,15:37,tarde,L2,TAP-38,Bitácora,Mantenimiento correctivo,ajuste de cierre del molde,J. Peláez
2026-05-08,15:38,tarde,L3,GAL-3800,HMI,Paro no programado,paro por falta de resina en tolva,J. Peláez
2026-05-08,16:14,tarde,L3,GAL-3800,HMI,Ajuste de proceso,ajuste de contrapresión,L. Betancur
2026-05-08,17:31,tarde,L1,ENV-500,Bitácora,Ajuste de proceso,se bajó el tiempo de enfriamiento,L. Betancur
2026-05-08,17:51,tarde,L3,GAL-3800,HMI,Mantenimiento correctivo,cambio de resistencia de la zona 2,J. Peláez
2026-05-08,18:34,tarde,L1,ENV-500,HMI,Inspección de calidad,muestreo de peso conforme al plan,C. Ramírez
2026-05-08,20:37,tarde,L2,TAP-38,Bitácora,Inspección de calidad,muestreo de peso conforme al plan,C. Ramírez
2026-05-08,20:46,tarde,L2,TAP-38,Bitácora,Inspección de calidad,muestreo de peso conforme al plan,D. Valencia
2026-05-08,20:54,tarde,L2,TAP-38,HMI,Inspección de calidad,revisión dimensional de rutina,D. Valencia
2026-05-08,21:14,tarde,L3,GAL-3800,Bitácora,Ajuste de proceso,se corrigió el perfil de temperaturas,C. Ramírez
2026-05-08,21:22,tarde,L2,TAP-38,HMI,Ajuste de proceso,ajuste de contrapresión,C. Ramírez
2026-05-08,21:22,tarde,L2,TAP-38,Bitácora,Ajuste de proceso,se corrigió el perfil de temperaturas,D. Valencia
2026-05-08,21:24,tarde,L2,TAP-38,Bitácora,Ajuste de proceso,se bajó el tiempo de enfriamiento,A. Quintero
2026-05-08,22:22,noche,L3,GAL-3800,Bitácora,Ajuste de proceso,se corrigió el perfil de temperaturas,C. Ramírez
2026-05-09,00:05,noche,L3,GAL-3800,HMI,Arranque de turno,arranque normal del equipo,M. Ocampo
2026-05-09,00:39,noche,L1,ENV-500,Bitácora,Mantenimiento correctivo,cambio de resistencia de la zona 2,C. Ramírez
2026-05-09,01:02,noche,L2,TAP-38,Bitácora,Arranque de turno,"el molde arrancó por debajo de temperatura, primeras piezas con rebaba",M. Ocampo
2026-05-09,02:29,noche,L3,GAL-3800,Bitácora,Alarma HMI,falla de sensor de posición del husillo,A. Quintero
2026-05-09,02:58,noche,L1,ENV-500,Bitácora,Inspección de calidad,muestreo de peso conforme al plan,J. Peláez
2026-05-09,03:37,noche,L2,TAP-38,HMI,Inspección de calidad,revisión dimensional de rutina,J. Peláez
2026-05-09,03:42,noche,L1,ENV-500,Bitácora,Alarma HMI,presión de inyección fuera de banda,C. Ramírez
2026-05-09,04:39,noche,L1,ENV-500,Bitácora,Alarma HMI,alarma de temperatura de zona 3,A. Quintero
2026-05-09,05:40,noche,L2,TAP-38,HMI,Inspección de calidad,revisión dimensional de rutina,C. Ramírez
2026-05-09,06:52,mañana,L3,GAL-3800,Bitácora,Inspección de calidad,muestreo de peso conforme al plan,A. Quintero
2026-05-09,07:31,mañana,L1,ENV-500,HMI,Alarma HMI,alarma de temperatura de zona 3,C. Ramírez
2026-05-09,09:40,mañana,L3,GAL-3800,HMI,Arranque de turno,arranque con precalentamiento del molde,A. Quintero
2026-05-09,10:36,mañana,L1,ENV-500,HMI,Alarma HMI,alarma de dosificador,M. Ocampo
2026-05-09,10:59,mañana,L3,GAL-3800,HMI,Mantenimiento correctivo,cambio de resistencia de la zona 2,A. Quintero
2026-05-09,11:14,mañana,L3,GAL-3800,Bitácora,Inspección de calidad,revisión dimensional de rutina,C. Ramírez
2026-05-09,13:04,mañana,L3,GAL-3800,Bitácora,Mantenimiento correctivo,ajuste de cierre del molde,A. Quintero
2026-05-09,17:11,tarde,L1,ENV-500,HMI,Mantenimiento correctivo,cambio de resistencia de la zona 2,A. Quintero
2026-05-09,18:24,tarde,L1,ENV-500,HMI,Alarma HMI,falla de sensor de posición del husillo,L. Betancur
2026-05-09,18:56,tarde,L1,ENV-500,HMI,Inspección de calidad,revisión dimensional de rutina,C. Ramírez
2026-05-09,19:59,tarde,L1,ENV-500,HMI,Mantenimiento correctivo,cambio de resistencia de la zona 2,D. Valencia
2026-05-09,21:35,tarde,L1,ENV-500,HMI,Arranque de turno,"el molde arrancó por debajo de temperatura, primeras piezas con rebaba",J. Peláez
2026-05-09,22:06,noche,L1,ENV-500,HMI,Mantenimiento correctivo,cambio de resistencia de la zona 2,M. Ocampo
2026-05-09,22:38,noche,L2,TAP-38,HMI,Mantenimiento correctivo,ajuste de cierre del molde,M. Ocampo
2026-05-09,23:03,noche,L3,GAL-3800,HMI,Ajuste de proceso,se corrigió el perfil de temperaturas,L. Betancur
2026-05-10,01:19,noche,L2,TAP-38,HMI,Paro no programado,paro por falta de resina en tolva,D. Valencia
2026-05-10,01:27,noche,L2,TAP-38,Bitácora,Inspección de calidad,revisión dimensional de rutina,A. Quintero
2026-05-10,03:35,noche,L3,ENV-500,HMI,Inspección de calidad,muestreo de peso conforme al plan,L. Betancur
2026-05-10,03:51,noche,L1,ENV-1000,HMI,Inspección de calidad,revisión dimensional de rutina,L. Betancur
2026-05-10,03:55,noche,L3,ENV-500,HMI,Mantenimiento correctivo,ajuste de cierre del molde,D. Valencia
2026-05-10,07:21,mañana,L3,ENV-500,HMI,Inspección de calidad,muestreo de peso conforme al plan,L. Betancur
2026-05-10,08:16,mañana,L3,ENV-500,Bitácora,Arranque de turno,"el molde arrancó por debajo de temperatura, primeras piezas con rebaba",L. Betancur
2026-05-10,09:14,mañana,L1,ENV-1000,HMI,Ajuste de proceso,ajuste de contrapresión,L. Betancur
2026-05-10,12:12,mañana,L3,ENV-500,HMI,Arranque de turno,arranque con precalentamiento del molde,D. Valencia
2026-05-10,13:30,mañana,L1,ENV-1000,Bitácora,Mantenimiento correctivo,ajuste de cierre del molde,D. Valencia
2026-05-10,14:12,tarde,L2,TAP-38,HMI,Inspección de calidad,revisión dimensional de rutina,C. Ramírez
2026-05-10,14:12,tarde,L2,TAP-38,Bitácora,Ajuste de proceso,ajuste de contrapresión,J. Peláez
2026-05-10,20:30,tarde,L2,TAP-38,Bitácora,Paro no programado,paro por atasco en la banda de salida,J. Peláez
2026-05-10,20:39,tarde,L2,TAP-38,Bitácora,Mantenimiento correctivo,ajuste de cierre del molde,M. Ocampo
2026-05-10,22:11,noche,L1,ENV-1000,Bitácora,Mantenimiento correctivo,ajuste de cierre del molde,D. Valencia
2026-05-10,22:14,noche,L3,ENV-500,HMI,Arranque de turno,arranque normal del equipo,C. Ramírez
2026-05-10,22:40,noche,L1,ENV-1000,HMI,Paro no programado,paro por falta de resina en tolva,C. Ramírez
2026-05-10,22:56,noche,L1,ENV-1000,Bitácora,Arranque de turno,arranque con precalentamiento del molde,A. Quintero
2026-05-10,22:56,noche,L1,ENV-1000,HMI,Inspección de calidad,revisión dimensional de rutina,C. Ramírez
2026-05-11,02:14,noche,L2,TAP-38,HMI,Ajuste de proceso,ajuste de contrapresión,C. Ramírez
2026-05-11,02:54,noche,L2,TAP-38,Bitácora,Inspección de calidad,muestreo de peso conforme al plan,L. Betancur
2026-05-11,03:52,noche,L2,TAP-38,HMI,Inspección de calidad,muestreo de peso conforme al plan,A. Quintero
2026-05-11,04:17,noche,L2,TAP-38,HMI,Ajuste de proceso,ajuste de contrapresión,A. Quintero
2026-05-11,06:26,mañana,L2,TAP-38,Bitácora,Mantenimiento correctivo,cambio de resistencia de la zona 2,C. Ramírez
2026-05-11,06:44,mañana,L3,ENV-500,HMI,Mantenimiento correctivo,ajuste de cierre del molde,L. Betancur
2026-05-11,09:41,mañana,L2,TAP-38,HMI,Arranque de turno,"el molde arrancó por debajo de temperatura, primeras piezas con rebaba",L. Betancur
2026-05-11,10:38,mañana,L1,ENV-1000,HMI,Mantenimiento correctivo,ajuste de cierre del molde,C. Ramírez
2026-05-11,11:10,mañana,L3,ENV-500,HMI,Arranque de turno,"el molde arrancó por debajo de temperatura, primeras piezas con rebaba",J. Peláez
2026-05-11,11:18,mañana,L3,ENV-500,Bitácora,Mantenimiento correctivo,ajuste de cierre del molde,M. Ocampo
2026-05-11,11:40,mañana,L1,ENV-1000,HMI,Inspección de calidad,revisión dimensional de rutina,D. Valencia
2026-05-11,11:41,mañana,L1,ENV-1000,Bitácora,Alarma HMI,alarma de temperatura de zona 3,L. Betancur
2026-05-11,11:54,mañana,L3,ENV-500,HMI,Arranque de turno,arranque con precalentamiento del molde,M. Ocampo
2026-05-11,11:55,mañana,L2,TAP-38,HMI,Alarma HMI,alarma de dosificador,M. Ocampo
2026-05-11,12:05,mañana,L1,ENV-1000,HMI,Ajuste de proceso,se bajó el tiempo de enfriamiento,J. Peláez
2026-05-11,12:40,mañana,L2,TAP-38,Bitácora,Paro no programado,paro por atasco en la banda de salida,M. Ocampo
2026-05-11,13:44,mañana,L2,TAP-38,HMI,Inspección de calidad,muestreo de peso conforme al plan,L. Betancur
2026-05-11,14:05,tarde,L1,ENV-1000,Bitácora,Inspección de calidad,revisión dimensional de rutina,J. Peláez
2026-05-11,17:51,tarde,L1,ENV-1000,HMI,Paro no programado,paro por falta de resina en tolva,D. Valencia
2026-05-11,19:06,tarde,L3,ENV-500,HMI,Paro no programado,paro por atasco en la banda de salida,C. Ramírez
2026-05-11,20:17,tarde,L3,ENV-500,HMI,Inspección de calidad,revisión dimensional de rutina,A. Quintero
2026-05-11,20:39,tarde,L3,ENV-500,HMI,Mantenimiento correctivo,cambio de resistencia de la zona 2,C. Ramírez
2026-05-12,00:19,noche,L3,ENV-500,HMI,Inspección de calidad,muestreo de peso conforme al plan,L. Betancur
2026-05-12,01:26,noche,L1,ENV-1000,HMI,Arranque de turno,"el molde arrancó por debajo de temperatura, primeras piezas con rebaba",A. Quintero
2026-05-12,01:53,noche,L2,TAP-38,HMI,Paro no programado,paro por atasco en la banda de salida,A. Quintero
2026-05-12,02:54,noche,L1,ENV-1000,HMI,Ajuste de proceso,se corrigió el perfil de temperaturas,L. Betancur
2026-05-12,04:00,noche,L3,ENV-500,HMI,Alarma HMI,falla de sensor de posición del husillo,L. Betancur
2026-05-12,04:52,noche,L3,ENV-500,HMI,Inspección de calidad,revisión dimensional de rutina,D. Valencia
2026-05-12,05:38,noche,L3,ENV-500,Bitácora,Paro no programado,paro eléctrico breve,A. Quintero
2026-05-12,06:10,mañana,L2,TAP-38,HMI,Alarma HMI,alarma de dosificador,D. Valencia
2026-05-12,06:12,mañana,L1,ENV-1000,HMI,Inspección de calidad,revisión dimensional de rutina,M. Ocampo
2026-05-12,08:20,mañana,L2,TAP-38,HMI,Alarma HMI,presión de inyección fuera de banda,A. Quintero
2026-05-12,08:56,mañana,L2,TAP-38,Bitácora,Paro no programado,paro por falta de resina en tolva,J. Peláez
2026-05-12,10:13,mañana,L1,ENV-1000,HMI,Mantenimiento correctivo,cambio de resistencia de la zona 2,L. Betancur
2026-05-12,13:18,mañana,L1,ENV-1000,Bitácora,Ajuste de proceso,se bajó el tiempo de enfriamiento,D. Valencia
2026-05-12,16:14,tarde,L3,ENV-500,Bitácora,Ajuste de proceso,se bajó el tiempo de enfriamiento,D. Valencia
2026-05-12,17:03,tarde,L2,TAP-38,HMI,Ajuste de proceso,ajuste de contrapresión,M. Ocampo
2026-05-12,17:24,tarde,L2,TAP-38,Bitácora,Inspección de calidad,muestreo de peso conforme al plan,L. Betancur
2026-05-12,17:38,tarde,L2,TAP-38,Bitácora,Mantenimiento correctivo,ajuste de cierre del molde,L. Betancur
2026-05-12,20:41,tarde,L3,ENV-500,Bitácora,Ajuste de proceso,se corrigió el perfil de temperaturas,M. Ocampo
2026-05-12,22:50,noche,L2,TAP-38,Bitácora,Inspección de calidad,revisión dimensional de rutina,J. Peláez
2026-05-12,23:01,noche,L3,ENV-500,HMI,Mantenimiento correctivo,cambio de resistencia de la zona 2,J. Peláez
2026-05-12,23:46,noche,L1,ENV-1000,HMI,Arranque de turno,arranque normal del equipo,M. Ocampo
2026-05-13,00:10,noche,L1,ENV-1000,HMI,Arranque de turno,arranque normal del equipo,A. Quintero
2026-05-13,00:17,noche,L2,TAP-38,Bitácora,Paro no programado,paro eléctrico breve,D. Valencia
2026-05-13,01:03,noche,L2,TAP-38,Bitácora,Arranque de turno,arranque con precalentamiento del molde,L. Betancur
2026-05-13,01:44,noche,L2,TAP-38,HMI,Ajuste de proceso,se bajó el tiempo de enfriamiento,L. Betancur
2026-05-13,02:15,noche,L2,TAP-38,HMI,Alarma HMI,alarma de temperatura de zona 3,L. Betancur
2026-05-13,07:18,mañana,L2,TAP-38,Bitácora,Mantenimiento correctivo,ajuste de cierre del molde,M. Ocampo
2026-05-13,08:42,mañana,L1,ENV-1000,Bitácora,Paro no programado,paro por atasco en la banda de salida,J. Peláez
2026-05-13,09:52,mañana,L1,ENV-1000,Bitácora,Ajuste de proceso,ajuste de contrapresión,C. Ramírez
2026-05-13,10:13,mañana,L1,ENV-1000,HMI,Alarma HMI,falla de sensor de posición del husillo,J. Peláez
2026-05-13,11:35,mañana,L2,TAP-38,HMI,Alarma HMI,alarma de temperatura de zona 3,A. Quintero
2026-05-13,11:56,mañana,L3,ENV-500,Bitácora,Paro no programado,paro eléctrico breve,J. Peláez
2026-05-13,11:59,mañana,L1,ENV-1000,Bitácora,Ajuste de proceso,ajuste de contrapresión,A. Quintero
2026-05-13,12:28,mañana,L3,ENV-500,HMI,Alarma HMI,alarma de temperatura de zona 3,C. Ramírez
2026-05-13,12:40,mañana,L1,ENV-1000,Bitácora,Paro no programado,paro eléctrico breve,L. Betancur
2026-05-13,19:17,tarde,L3,ENV-500,HMI,Paro no programado,paro eléctrico breve,L. Betancur
2026-05-13,21:08,tarde,L3,ENV-500,HMI,Inspección de calidad,revisión dimensional de rutina,A. Quintero
2026-05-13,22:01,noche,L1,ENV-1000,HMI,Ajuste de proceso,se corrigió el perfil de temperaturas,J. Peláez
2026-05-13,22:52,noche,L2,TAP-38,Bitácora,Inspección de calidad,revisión dimensional de rutina,M. Ocampo
2026-05-14,00:11,noche,L1,ENV-1000,Bitácora,Mantenimiento correctivo,cambio de resistencia de la zona 2,C. Ramírez
2026-05-14,01:06,noche,L3,ENV-500,Bitácora,Ajuste de proceso,se bajó el tiempo de enfriamiento,D. Valencia
2026-05-14,01:54,noche,L1,ENV-1000,HMI,Alarma HMI,alarma de temperatura de zona 3,D. Valencia
2026-05-14,04:18,noche,L1,ENV-1000,HMI,Inspección de calidad,muestreo de peso conforme al plan,L. Betancur
2026-05-14,04:46,noche,L1,ENV-1000,Bitácora,Inspección de calidad,revisión dimensional de rutina,M. Ocampo
2026-05-14,05:56,noche,L3,ENV-500,Bitácora,Paro no programado,paro eléctrico breve,J. Peláez
2026-05-14,07:31,mañana,L3,ENV-500,Bitácora,Inspección de calidad,revisión dimensional de rutina,D. Valencia
2026-05-14,09:28,mañana,L3,ENV-500,HMI,Ajuste de proceso,se bajó el tiempo de enfriamiento,M. Ocampo
2026-05-14,12:51,mañana,L3,ENV-500,Bitácora,Arranque de turno,arranque normal del equipo,D. Valencia
2026-05-14,14:08,tarde,L1,ENV-1000,HMI,Arranque de turno,"el molde arrancó por debajo de temperatura, primeras piezas con rebaba",M. Ocampo
2026-05-14,15:09,tarde,L3,ENV-500,HMI,Paro no programado,paro por atasco en la banda de salida,C. Ramírez
2026-05-14,15:26,tarde,L3,ENV-500,HMI,Mantenimiento correctivo,cambio de resistencia de la zona 2,A. Quintero
2026-05-14,15:52,tarde,L2,TAP-38,Bitácora,Arranque de turno,arranque normal del equipo,A. Quintero
2026-05-14,16:37,tarde,L3,ENV-500,Bitácora,Inspección de calidad,revisión dimensional de rutina,M. Ocampo
2026-05-14,16:53,tarde,L3,ENV-500,Bitácora,Paro no programado,paro por falta de resina en tolva,M. Ocampo
2026-05-14,17:20,tarde,L3,ENV-500,HMI,Mantenimiento correctivo,ajuste de cierre del molde,C. Ramírez
2026-05-14,17:46,tarde,L2,TAP-38,HMI,Mantenimiento correctivo,cambio de resistencia de la zona 2,D. Valencia
2026-05-14,17:48,tarde,L1,ENV-1000,Bitácora,Paro no programado,paro por falta de resina en tolva,L. Betancur
2026-05-14,18:52,tarde,L2,TAP-38,HMI,Alarma HMI,presión de inyección fuera de banda,D. Valencia
2026-05-14,19:43,tarde,L1,ENV-1000,Bitácora,Ajuste de proceso,se bajó el tiempo de enfriamiento,A. Quintero
2026-05-14,19:44,tarde,L1,ENV-1000,HMI,Arranque de turno,"el molde arrancó por debajo de temperatura, primeras piezas con rebaba",C. Ramírez
2026-05-14,19:52,tarde,L2,TAP-38,Bitácora,Paro no programado,paro por atasco en la banda de salida,A. Quintero
2026-05-14,22:43,noche,L1,ENV-1000,Bitácora,Inspección de calidad,revisión dimensional de rutina,J. Peláez
2026-05-15,01:05,noche,L3,ENV-500,Bitácora,Inspección de calidad,muestreo de peso conforme al plan,C. Ramírez
2026-05-15,02:27,noche,L1,ENV-1000,Bitácora,Arranque de turno,arranque normal del equipo,D. Valencia
2026-05-15,04:35,noche,L2,BAN-250,HMI,Inspección de calidad,muestreo de peso conforme al plan,C. Ramírez
2026-05-15,04:58,noche,L1,ENV-1000,HMI,Inspección de calidad,revisión dimensional de rutina,A. Quintero
2026-05-15,05:09,noche,L3,ENV-500,Bitácora,Inspección de calidad,muestreo de peso conforme al plan,C. Ramírez
2026-05-15,05:31,noche,L3,ENV-500,HMI,Inspección de calidad,muestreo de peso conforme al plan,J. Peláez
2026-05-15,06:47,mañana,L1,ENV-1000,Bitácora,Paro no programado,paro eléctrico breve,J. Peláez
2026-05-15,07:49,mañana,L3,ENV-500,Bitácora,Paro no programado,paro por atasco en la banda de salida,M. Ocampo
2026-05-15,08:39,mañana,L1,ENV-1000,Bitácora,Alarma HMI,alarma de temperatura de zona 3,A. Quintero
2026-05-15,11:43,mañana,L1,ENV-1000,Bitácora,Paro no programado,paro por atasco en la banda de salida,M. Ocampo
2026-05-15,11:50,mañana,L3,ENV-500,HMI,Arranque de turno,arranque normal del equipo,A. Quintero
2026-05-15,14:24,tarde,L1,ENV-1000,Bitácora,Paro no programado,paro eléctrico breve,C. Ramírez
2026-05-15,14:31,tarde,L2,BAN-250,Bitácora,Arranque de turno,"el molde arrancó por debajo de temperatura, primeras piezas con rebaba",A. Quintero
2026-05-15,14:49,tarde,L3,ENV-500,HMI,Paro no programado,paro por atasco en la banda de salida,L. Betancur
2026-05-15,15:04,tarde,L2,BAN-250,Bitácora,Paro no programado,paro eléctrico breve,C. Ramírez
2026-05-15,15:16,tarde,L2,BAN-250,HMI,Arranque de turno,arranque normal del equipo,D. Valencia
2026-05-15,15:31,tarde,L3,ENV-500,HMI,Ajuste de proceso,se corrigió el perfil de temperaturas,J. Peláez
2026-05-15,15:42,tarde,L1,ENV-1000,Bitácora,Ajuste de proceso,ajuste de contrapresión,A. Quintero
2026-05-15,15:49,tarde,L3,ENV-500,HMI,Ajuste de proceso,ajuste de contrapresión,C. Ramírez
2026-05-15,16:35,tarde,L3,ENV-500,Bitácora,Inspección de calidad,revisión dimensional de rutina,M. Ocampo
2026-05-15,16:46,tarde,L1,ENV-1000,Bitácora,Alarma HMI,alarma de temperatura de zona 3,D. Valencia
2026-05-15,16:59,tarde,L2,BAN-250,HMI,Mantenimiento correctivo,cambio de resistencia de la zona 2,J. Peláez
2026-05-15,17:40,tarde,L2,BAN-250,Bitácora,Arranque de turno,"el molde arrancó por debajo de temperatura, primeras piezas con rebaba",D. Valencia
2026-05-15,17:44,tarde,L3,ENV-500,HMI,Paro no programado,paro por falta de resina en tolva,A. Quintero
2026-05-15,18:59,tarde,L1,ENV-1000,HMI,Inspección de calidad,muestreo de peso conforme al plan,L. Betancur
2026-05-15,20:12,tarde,L1,ENV-1000,HMI,Arranque de turno,"el molde arrancó por debajo de temperatura, primeras piezas con rebaba",M. Ocampo
2026-05-15,22:30,noche,L2,BAN-250,Bitácora,Ajuste de proceso,ajuste de contrapresión,A. Quintero
2026-05-16,00:05,noche,L1,ENV-500,Bitácora,Arranque de turno,arranque normal del equipo,L. Betancur
2026-05-16,00:48,noche,L1,ENV-500,Bitácora,Inspección de calidad,muestreo de peso conforme al plan,C. Ramírez
2026-05-16,01:17,noche,L3,ENV-500,HMI,Paro no programado,paro eléctrico breve,A. Quintero
2026-05-16,03:10,noche,L1,ENV-500,HMI,Alarma HMI,alarma de temperatura de zona 3,M. Ocampo
2026-05-16,04:06,noche,L1,ENV-500,Bitácora,Inspección de calidad,revisión dimensional de rutina,A. Quintero
2026-05-16,07:22,mañana,L1,ENV-500,HMI,Arranque de turno,arranque normal del equipo,A. Quintero
2026-05-16,08:59,mañana,L1,ENV-500,HMI,Arranque de turno,arranque normal del equipo,L. Betancur
2026-05-16,09:01,mañana,L1,ENV-500,Bitácora,Alarma HMI,falla de sensor de posición del husillo,M. Ocampo
2026-05-16,10:29,mañana,L1,ENV-500,HMI,Inspección de calidad,revisión dimensional de rutina,C. Ramírez
2026-05-16,11:44,mañana,L3,ENV-500,HMI,Inspección de calidad,revisión dimensional de rutina,L. Betancur
2026-05-16,12:23,mañana,L3,ENV-500,HMI,Inspección de calidad,revisión dimensional de rutina,C. Ramírez
2026-05-16,12:25,mañana,L1,ENV-500,HMI,Mantenimiento correctivo,cambio de resistencia de la zona 2,D. Valencia
2026-05-16,13:35,mañana,L3,ENV-500,HMI,Mantenimiento correctivo,ajuste de cierre del molde,C. Ramírez
2026-05-16,15:19,tarde,L1,ENV-500,Bitácora,Arranque de turno,arranque con precalentamiento del molde,L. Betancur
2026-05-16,16:21,tarde,L2,BAN-250,Bitácora,Inspección de calidad,muestreo de peso conforme al plan,J. Peláez
2026-05-16,16:50,tarde,L2,BAN-250,Bitácora,Mantenimiento correctivo,cambio de resistencia de la zona 2,J. Peláez
2026-05-16,17:03,tarde,L1,ENV-500,Bitácora,Ajuste de proceso,se bajó el tiempo de enfriamiento,C. Ramírez
2026-05-16,19:04,tarde,L2,BAN-250,HMI,Ajuste de proceso,se bajó el tiempo de enfriamiento,J. Peláez
2026-05-16,19:10,tarde,L1,ENV-500,HMI,Alarma HMI,presión de inyección fuera de banda,C. Ramírez
2026-05-16,20:40,tarde,L2,BAN-250,HMI,Arranque de turno,arranque normal del equipo,M. Ocampo
2026-05-16,22:10,noche,L3,ENV-500,HMI,Alarma HMI,falla de sensor de posición del husillo,J. Peláez
2026-05-17,00:55,noche,L3,ENV-500,HMI,Alarma HMI,presión de inyección fuera de banda,D. Valencia
2026-05-17,01:29,noche,L3,ENV-500,HMI,Arranque de turno,"el molde arrancó por debajo de temperatura, primeras piezas con rebaba",D. Valencia
2026-05-17,01:44,noche,L3,ENV-500,HMI,Ajuste de proceso,se corrigió el perfil de temperaturas,M. Ocampo
2026-05-17,01:53,noche,L2,BAN-250,Bitácora,Mantenimiento correctivo,cambio de resistencia de la zona 2,D. Valencia
2026-05-17,03:09,noche,L2,BAN-250,HMI,Ajuste de proceso,se corrigió el perfil de temperaturas,C. Ramírez
2026-05-17,03:37,noche,L2,BAN-250,Bitácora,Mantenimiento correctivo,cambio de resistencia de la zona 2,C. Ramírez
2026-05-17,05:32,noche,L2,BAN-250,Bitácora,Ajuste de proceso,ajuste de contrapresión,A. Quintero
2026-05-17,08:08,mañana,L1,ENV-500,HMI,Alarma HMI,presión de inyección fuera de banda,D. Valencia
2026-05-17,08:09,mañana,L1,ENV-500,HMI,Paro no programado,paro eléctrico breve,C. Ramírez
2026-05-17,08:10,mañana,L3,ENV-500,HMI,Inspección de calidad,revisión dimensional de rutina,D. Valencia
2026-05-17,08:47,mañana,L1,ENV-500,Bitácora,Alarma HMI,alarma de dosificador,M. Ocampo
2026-05-17,09:07,mañana,L2,BAN-250,HMI,Inspección de calidad,muestreo de peso conforme al plan,M. Ocampo
2026-05-17,09:17,mañana,L1,ENV-500,HMI,Mantenimiento correctivo,cambio de resistencia de la zona 2,J. Peláez
2026-05-17,09:23,mañana,L3,ENV-500,HMI,Mantenimiento correctivo,cambio de resistencia de la zona 2,M. Ocampo
2026-05-17,09:41,mañana,L1,ENV-500,HMI,Mantenimiento correctivo,ajuste de cierre del molde,J. Peláez
2026-05-17,10:19,mañana,L3,ENV-500,Bitácora,Mantenimiento correctivo,ajuste de cierre del molde,A. Quintero
2026-05-17,10:48,mañana,L3,ENV-500,HMI,Alarma HMI,presión de inyección fuera de banda,D. Valencia
2026-05-17,12:29,mañana,L3,ENV-500,Bitácora,Arranque de turno,"el molde arrancó por debajo de temperatura, primeras piezas con rebaba",J. Peláez
2026-05-17,12:58,mañana,L2,BAN-250,HMI,Alarma HMI,presión de inyección fuera de banda,J. Peláez
2026-05-17,14:21,tarde,L2,BAN-250,Bitácora,Alarma HMI,alarma de temperatura de zona 3,D. Valencia
2026-05-17,14:35,tarde,L1,ENV-500,HMI,Paro no programado,paro por falta de resina en tolva,J. Peláez
2026-05-17,15:41,tarde,L1,ENV-500,HMI,Arranque de turno,arranque normal del equipo,J. Peláez
2026-05-17,16:24,tarde,L1,ENV-500,HMI,Ajuste de proceso,ajuste de contrapresión,J. Peláez
2026-05-17,16:52,tarde,L1,ENV-500,HMI,Arranque de turno,arranque con precalentamiento del molde,C. Ramírez
2026-05-17,18:14,tarde,L2,BAN-250,Bitácora,Inspección de calidad,muestreo de peso conforme al plan,L. Betancur
2026-05-17,20:03,tarde,L2,BAN-250,HMI,Ajuste de proceso,se corrigió el perfil de temperaturas,C. Ramírez
2026-05-17,23:34,noche,L2,BAN-250,HMI,Mantenimiento correctivo,cambio de resistencia de la zona 2,L. Betancur
2026-05-18,00:10,noche,L3,GAL-3800,Bitácora,Arranque de turno,"el molde arrancó por debajo de temperatura, primeras piezas con rebaba",D. Valencia
2026-05-18,00:17,noche,L1,ENV-500,Bitácora,Paro no programado,paro por falta de resina en tolva,C. Ramírez
2026-05-18,01:36,noche,L2,BAN-250,HMI,Arranque de turno,"el molde arrancó por debajo de temperatura, primeras piezas con rebaba",J. Peláez
2026-05-18,01:36,noche,L2,BAN-250,HMI,Paro no programado,paro por atasco en la banda de salida,D. Valencia
2026-05-18,02:00,noche,L1,ENV-500,Bitácora,Mantenimiento correctivo,cambio de resistencia de la zona 2,L. Betancur
2026-05-18,02:33,noche,L1,ENV-500,HMI,Mantenimiento correctivo,cambio de resistencia de la zona 2,M. Ocampo
2026-05-18,02:52,noche,L3,GAL-3800,HMI,Ajuste de proceso,se bajó el tiempo de enfriamiento,D. Valencia
2026-05-18,03:31,noche,L3,GAL-3800,HMI,Inspección de calidad,muestreo de peso conforme al plan,C. Ramírez
2026-05-18,04:54,noche,L2,BAN-250,HMI,Paro no programado,paro por atasco en la banda de salida,D. Valencia
2026-05-18,04:54,noche,L3,GAL-3800,HMI,Paro no programado,paro por atasco en la banda de salida,A. Quintero
2026-05-18,06:22,mañana,L2,BAN-250,Bitácora,Ajuste de proceso,se corrigió el perfil de temperaturas,C. Ramírez
2026-05-18,07:59,mañana,L1,ENV-500,HMI,Ajuste de proceso,se bajó el tiempo de enfriamiento,A. Quintero
2026-05-18,08:26,mañana,L2,BAN-250,HMI,Paro no programado,paro por atasco en la banda de salida,L. Betancur
2026-05-18,09:54,mañana,L2,BAN-250,Bitácora,Ajuste de proceso,se corrigió el perfil de temperaturas,M. Ocampo
2026-05-18,10:19,mañana,L3,GAL-3800,HMI,Paro no programado,paro por atasco en la banda de salida,L. Betancur
2026-05-18,11:54,mañana,L1,ENV-500,Bitácora,Mantenimiento correctivo,ajuste de cierre del molde,J. Peláez
2026-05-18,12:51,mañana,L3,GAL-3800,HMI,Inspección de calidad,revisión dimensional de rutina,M. Ocampo
2026-05-18,15:52,tarde,L3,GAL-3800,HMI,Inspección de calidad,muestreo de peso conforme al plan,L. Betancur
2026-05-18,17:15,tarde,L3,GAL-3800,Bitácora,Arranque de turno,arranque con precalentamiento del molde,C. Ramírez
2026-05-19,02:32,noche,L3,GAL-3800,HMI,Mantenimiento correctivo,cambio de resistencia de la zona 2,J. Peláez
2026-05-19,03:45,noche,L3,GAL-3800,HMI,Mantenimiento correctivo,ajuste de cierre del molde,J. Peláez
2026-05-19,05:13,noche,L3,GAL-3800,HMI,Arranque de turno,arranque normal del equipo,A. Quintero
2026-05-19,07:12,mañana,L1,ENV-500,Bitácora,Mantenimiento correctivo,ajuste de cierre del molde,A. Quintero
2026-05-19,07:32,mañana,L3,GAL-3800,HMI,Arranque de turno,arranque normal del equipo,L. Betancur
2026-05-19,09:58,mañana,L3,GAL-3800,HMI,Paro no programado,paro por falta de resina en tolva,C. Ramírez
2026-05-19,10:46,mañana,L3,GAL-3800,Bitácora,Inspección de calidad,muestreo de peso conforme al plan,J. Peláez
2026-05-19,10:56,mañana,L1,ENV-500,HMI,Mantenimiento correctivo,cambio de resistencia de la zona 2,J. Peláez
2026-05-19,18:04,tarde,L1,ENV-500,Bitácora,Alarma HMI,alarma de dosificador,C. Ramírez
2026-05-19,18:23,tarde,L1,ENV-500,HMI,Alarma HMI,alarma de dosificador,J. Peláez
2026-05-19,18:31,tarde,L1,ENV-500,HMI,Paro no programado,paro por atasco en la banda de salida,L. Betancur
2026-05-19,18:36,tarde,L2,BAN-250,Bitácora,Arranque de turno,arranque normal del equipo,A. Quintero
2026-05-19,20:28,tarde,L2,BAN-250,HMI,Alarma HMI,falla de sensor de posición del husillo,J. Peláez
2026-05-19,21:09,tarde,L1,ENV-500,Bitácora,Paro no programado,paro por atasco en la banda de salida,C. Ramírez
2026-05-19,21:43,tarde,L1,ENV-500,HMI,Paro no programado,paro por atasco en la banda de salida,D. Valencia
2026-05-19,23:22,noche,L3,GAL-3800,Bitácora,Arranque de turno,"el molde arrancó por debajo de temperatura, primeras piezas con rebaba",C. Ramírez
2026-05-20,00:21,noche,L2,TAP-38,HMI,Mantenimiento correctivo,cambio de resistencia de la zona 2,D. Valencia
2026-05-20,01:48,noche,L3,GAL-3800,HMI,Paro no programado,paro por atasco en la banda de salida,M. Ocampo
2026-05-20,02:56,noche,L2,TAP-38,HMI,Paro no programado,paro por falta de resina en tolva,J. Peláez
2026-05-20,03:31,noche,L1,ENV-1000,HMI,Inspección de calidad,muestreo de peso conforme al plan,M. Ocampo
2026-05-20,04:58,noche,L3,GAL-3800,HMI,Alarma HMI,falla de sensor de posición del husillo,L. Betancur
2026-05-20,05:31,noche,L3,GAL-3800,Bitácora,Paro no programado,paro por atasco en la banda de salida,L. Betancur
2026-05-20,05:39,noche,L2,TAP-38,HMI,Alarma HMI,alarma de temperatura de zona 3,M. Ocampo
2026-05-20,05:39,noche,L2,TAP-38,HMI,Arranque de turno,arranque normal del equipo,D. Valencia
2026-05-20,06:11,mañana,L3,GAL-3800,Bitácora,Ajuste de proceso,ajuste de contrapresión,M. Ocampo
2026-05-20,06:27,mañana,L2,TAP-38,HMI,Mantenimiento correctivo,ajuste de cierre del molde,D. Valencia
2026-05-20,07:28,mañana,L3,GAL-3800,HMI,Alarma HMI,presión de inyección fuera de banda,M. Ocampo
2026-05-20,08:08,mañana,L2,TAP-38,HMI,Alarma HMI,presión de inyección fuera de banda,J. Peláez
2026-05-20,11:31,mañana,L3,GAL-3800,Bitácora,Inspección de calidad,revisión dimensional de rutina,A. Quintero
2026-05-20,12:21,mañana,L2,TAP-38,HMI,Ajuste de proceso,ajuste de contrapresión,L. Betancur
2026-05-20,14:16,tarde,L1,ENV-1000,Bitácora,Arranque de turno,arranque con precalentamiento del molde,J. Peláez
2026-05-20,15:26,tarde,L1,ENV-1000,HMI,Ajuste de proceso,se bajó el tiempo de enfriamiento,C. Ramírez
2026-05-20,15:30,tarde,L2,TAP-38,Bitácora,Alarma HMI,presión de inyección fuera de banda,L. Betancur
2026-05-20,15:58,tarde,L3,GAL-3800,HMI,Alarma HMI,alarma de dosificador,C. Ramírez
2026-05-20,16:27,tarde,L3,GAL-3800,Bitácora,Inspección de calidad,muestreo de peso conforme al plan,C. Ramírez
2026-05-20,16:39,tarde,L1,ENV-1000,HMI,Alarma HMI,falla de sensor de posición del husillo,J. Peláez
2026-05-20,17:19,tarde,L2,TAP-38,HMI,Inspección de calidad,revisión dimensional de rutina,D. Valencia
2026-05-20,17:32,tarde,L1,ENV-1000,HMI,Paro no programado,paro eléctrico breve,A. Quintero
2026-05-20,18:22,tarde,L1,ENV-1000,HMI,Inspección de calidad,revisión dimensional de rutina,D. Valencia
2026-05-20,18:23,tarde,L3,GAL-3800,Bitácora,Arranque de turno,arranque con precalentamiento del molde,L. Betancur
2026-05-20,19:18,tarde,L2,TAP-38,Bitácora,Inspección de calidad,muestreo de peso conforme al plan,A. Quintero
2026-05-20,21:15,tarde,L2,TAP-38,Bitácora,Arranque de turno,"el molde arrancó por debajo de temperatura, primeras piezas con rebaba",L. Betancur
2026-05-20,21:28,tarde,L3,GAL-3800,HMI,Ajuste de proceso,se bajó el tiempo de enfriamiento,C. Ramírez
2026-05-20,21:53,tarde,L2,TAP-38,Bitácora,Ajuste de proceso,se bajó el tiempo de enfriamiento,J. Peláez
2026-05-20,22:58,noche,L1,ENV-1000,HMI,Inspección de calidad,muestreo de peso conforme al plan,C. Ramírez
2026-05-20,23:11,noche,L3,GAL-3800,Bitácora,Paro no programado,paro por atasco en la banda de salida,A. Quintero
2026-05-20,23:44,noche,L1,ENV-1000,Bitácora,Ajuste de proceso,ajuste de contrapresión,A. Quintero
2026-05-21,00:51,noche,L3,GAL-3800,Bitácora,Paro no programado,paro eléctrico breve,J. Peláez
2026-05-21,01:00,noche,L3,GAL-3800,HMI,Inspección de calidad,muestreo de peso conforme al plan,D. Valencia
2026-05-21,01:19,noche,L1,ENV-1000,HMI,Ajuste de proceso,ajuste de contrapresión,M. Ocampo
2026-05-21,04:16,noche,L3,GAL-3800,Bitácora,Arranque de turno,arranque normal del equipo,L. Betancur
2026-05-21,04:29,noche,L1,ENV-1000,HMI,Ajuste de proceso,se bajó el tiempo de enfriamiento,M. Ocampo
2026-05-21,05:39,noche,L1,ENV-1000,HMI,Alarma HMI,alarma de temperatura de zona 3,L. Betancur
2026-05-21,05:49,noche,L3,GAL-3800,Bitácora,Alarma HMI,alarma de dosificador,M. Ocampo
2026-05-21,06:15,mañana,L2,TAP-38,Bitácora,Ajuste de proceso,se corrigió el perfil de temperaturas,L. Betancur
2026-05-21,06:17,mañana,L2,TAP-38,HMI,Arranque de turno,arranque con precalentamiento del molde,A. Quintero
2026-05-21,06:42,mañana,L1,ENV-1000,HMI,Arranque de turno,arranque con precalentamiento del molde,A. Quintero
2026-05-21,06:53,mañana,L1,ENV-1000,HMI,Mantenimiento correctivo,ajuste de cierre del molde,C. Ramírez
2026-05-21,07:28,mañana,L1,ENV-1000,Bitácora,Mantenimiento correctivo,cambio de resistencia de la zona 2,C. Ramírez
2026-05-21,08:04,mañana,L2,TAP-38,HMI,Paro no programado,paro por atasco en la banda de salida,C. Ramírez
2026-05-21,10:27,mañana,L1,ENV-1000,Bitácora,Inspección de calidad,revisión dimensional de rutina,D. Valencia
2026-05-21,10:35,mañana,L1,ENV-1000,HMI,Inspección de calidad,revisión dimensional de rutina,L. Betancur
2026-05-21,10:58,mañana,L2,TAP-38,HMI,Paro no programado,paro eléctrico breve,D. Valencia
2026-05-21,12:34,mañana,L3,GAL-3800,Bitácora,Arranque de turno,arranque con precalentamiento del molde,A. Quintero
2026-05-21,12:44,mañana,L3,GAL-3800,HMI,Ajuste de proceso,se bajó el tiempo de enfriamiento,A. Quintero
2026-05-21,13:10,mañana,L2,TAP-38,HMI,Inspección de calidad,muestreo de peso conforme al plan,C. Ramírez
2026-05-21,15:49,tarde,L1,ENV-1000,HMI,Inspección de calidad,muestreo de peso conforme al plan,A. Quintero
2026-05-21,17:35,tarde,L1,ENV-1000,HMI,Alarma HMI,presión de inyección fuera de banda,L. Betancur
2026-05-21,17:48,tarde,L3,GAL-3800,Bitácora,Mantenimiento correctivo,ajuste de cierre del molde,A. Quintero
2026-05-21,19:04,tarde,L2,TAP-38,Bitácora,Mantenimiento correctivo,ajuste de cierre del molde,D. Valencia
2026-05-21,21:24,tarde,L2,TAP-38,HMI,Inspección de calidad,muestreo de peso conforme al plan,A. Quintero
2026-05-21,21:40,tarde,L1,ENV-1000,Bitácora,Inspección de calidad,revisión dimensional de rutina,A. Quintero
2026-05-21,21:45,tarde,L3,GAL-3800,HMI,Mantenimiento correctivo,ajuste de cierre del molde,J. Peláez
2026-05-21,23:41,noche,L1,ENV-1000,Bitácora,Arranque de turno,arranque con precalentamiento del molde,J. Peláez
2026-05-22,00:28,noche,L2,TAP-38,HMI,Inspección de calidad,muestreo de peso conforme al plan,M. Ocampo
2026-05-22,00:32,noche,L3,GAL-3800,HMI,Paro no programado,paro eléctrico breve,J. Peláez
2026-05-22,01:29,noche,L3,GAL-3800,HMI,Ajuste de proceso,ajuste de contrapresión,J. Peláez
2026-05-22,02:37,noche,L2,TAP-38,HMI,Ajuste de proceso,se bajó el tiempo de enfriamiento,J. Peláez
2026-05-22,04:55,noche,L2,TAP-38,HMI,Inspección de calidad,muestreo de peso conforme al plan,D. Valencia
2026-05-22,06:31,mañana,L1,ENV-1000,HMI,Ajuste de proceso,ajuste de contrapresión,A. Quintero
2026-05-22,06:55,mañana,L2,TAP-38,HMI,Ajuste de proceso,se corrigió el perfil de temperaturas,C. Ramírez
2026-05-22,07:04,mañana,L1,ENV-1000,HMI,Inspección de calidad,revisión dimensional de rutina,J. Peláez
2026-05-22,07:04,mañana,L3,GAL-3800,HMI,Arranque de turno,arranque con precalentamiento del molde,C. Ramírez
2026-05-22,09:37,mañana,L2,TAP-38,Bitácora,Arranque de turno,"el molde arrancó por debajo de temperatura, primeras piezas con rebaba",A. Quintero
2026-05-22,11:03,mañana,L2,TAP-38,HMI,Ajuste de proceso,ajuste de contrapresión,M. Ocampo
2026-05-22,11:53,mañana,L3,GAL-3800,HMI,Arranque de turno,arranque normal del equipo,M. Ocampo
2026-05-22,12:07,mañana,L2,TAP-38,HMI,Mantenimiento correctivo,cambio de resistencia de la zona 2,M. Ocampo
2026-05-22,13:31,mañana,L2,TAP-38,Bitácora,Mantenimiento correctivo,ajuste de cierre del molde,A. Quintero
2026-05-22,13:55,mañana,L3,GAL-3800,Bitácora,Arranque de turno,"el molde arrancó por debajo de temperatura, primeras piezas con rebaba",C. Ramírez
2026-05-22,16:47,tarde,L3,GAL-3800,HMI,Ajuste de proceso,se bajó el tiempo de enfriamiento,D. Valencia
2026-05-22,16:50,tarde,L3,GAL-3800,Bitácora,Inspección de calidad,revisión dimensional de rutina,C. Ramírez
2026-05-22,17:01,tarde,L3,GAL-3800,Bitácora,Alarma HMI,presión de inyección fuera de banda,J. Peláez
2026-05-22,19:20,tarde,L1,ENV-1000,HMI,Paro no programado,paro eléctrico breve,L. Betancur
2026-05-22,20:34,tarde,L1,ENV-1000,Bitácora,Inspección de calidad,revisión dimensional de rutina,C. Ramírez
2026-05-22,21:26,tarde,L3,GAL-3800,Bitácora,Alarma HMI,alarma de temperatura de zona 3,M. Ocampo
2026-05-22,21:32,tarde,L3,GAL-3800,Bitácora,Arranque de turno,arranque con precalentamiento del molde,M. Ocampo
2026-05-22,23:47,noche,L2,TAP-38,Bitácora,Alarma HMI,falla de sensor de posición del husillo,J. Peláez
2026-05-23,00:20,noche,L3,GAL-3800,HMI,Mantenimiento correctivo,ajuste de cierre del molde,L. Betancur
2026-05-23,00:47,noche,L3,GAL-3800,HMI,Alarma HMI,falla de sensor de posición del husillo,C. Ramírez
2026-05-23,01:05,noche,L2,BAN-250,HMI,Mantenimiento correctivo,cambio de resistencia de la zona 2,J. Peláez
2026-05-23,01:29,noche,L2,BAN-250,Bitácora,Alarma HMI,alarma de dosificador,D. Valencia
2026-05-23,04:13,noche,L2,BAN-250,Bitácora,Ajuste de proceso,se bajó el tiempo de enfriamiento,L. Betancur
2026-05-23,04:26,noche,L2,BAN-250,Bitácora,Alarma HMI,presión de inyección fuera de banda,L. Betancur
2026-05-23,04:29,noche,L3,GAL-3800,HMI,Paro no programado,paro eléctrico breve,L. Betancur
2026-05-23,04:37,noche,L3,GAL-3800,HMI,Arranque de turno,"el molde arrancó por debajo de temperatura, primeras piezas con rebaba",J. Peláez
2026-05-23,06:20,mañana,L1,ENV-500,HMI,Inspección de calidad,muestreo de peso conforme al plan,A. Quintero
2026-05-23,08:53,mañana,L3,GAL-3800,HMI,Alarma HMI,alarma de temperatura de zona 3,J. Peláez
2026-05-23,11:36,mañana,L3,GAL-3800,HMI,Inspección de calidad,revisión dimensional de rutina,J. Peláez
2026-05-23,12:11,mañana,L1,ENV-500,HMI,Ajuste de proceso,se corrigió el perfil de temperaturas,C. Ramírez
2026-05-23,12:41,mañana,L1,ENV-500,HMI,Ajuste de proceso,se bajó el tiempo de enfriamiento,D. Valencia
2026-05-23,14:55,tarde,L3,GAL-3800,HMI,Paro no programado,paro eléctrico breve,M. Ocampo
2026-05-23,15:22,tarde,L3,GAL-3800,Bitácora,Mantenimiento correctivo,ajuste de cierre del molde,M. Ocampo
2026-05-23,17:03,tarde,L1,ENV-500,HMI,Inspección de calidad,revisión dimensional de rutina,L. Betancur
2026-05-23,17:04,tarde,L3,GAL-3800,HMI,Inspección de calidad,muestreo de peso conforme al plan,C. Ramírez
2026-05-23,17:45,tarde,L1,ENV-500,Bitácora,Inspección de calidad,revisión dimensional de rutina,J. Peláez
2026-05-23,19:34,tarde,L1,ENV-500,Bitácora,Paro no programado,paro por atasco en la banda de salida,D. Valencia
2026-05-24,02:09,noche,L2,BAN-250,Bitácora,Arranque de turno,arranque normal del equipo,M. Ocampo
2026-05-24,02:35,noche,L3,ENV-500,HMI,Arranque de turno,"el molde arrancó por debajo de temperatura, primeras piezas con rebaba",D. Valencia
2026-05-24,02:42,noche,L1,ENV-500,HMI,Arranque de turno,"el molde arrancó por debajo de temperatura, primeras piezas con rebaba",J. Peláez
2026-05-24,03:06,noche,L2,BAN-250,Bitácora,Arranque de turno,arranque con precalentamiento del molde,C. Ramírez
2026-05-24,04:18,noche,L2,BAN-250,HMI,Ajuste de proceso,se corrigió el perfil de temperaturas,L. Betancur
2026-05-24,04:45,noche,L1,ENV-500,HMI,Paro no programado,paro eléctrico breve,L. Betancur
2026-05-24,05:37,noche,L1,ENV-500,HMI,Ajuste de proceso,se corrigió el perfil de temperaturas,C. Ramírez
2026-05-24,06:18,mañana,L1,ENV-500,HMI,Paro no programado,paro por falta de resina en tolva,M. Ocampo
2026-05-24,07:58,mañana,L3,ENV-500,HMI,Paro no programado,paro por falta de resina en tolva,A. Quintero
2026-05-24,08:47,mañana,L3,ENV-500,HMI,Alarma HMI,falla de sensor de posición del husillo,J. Peláez
2026-05-24,09:09,mañana,L2,BAN-250,HMI,Ajuste de proceso,ajuste de contrapresión,A. Quintero
2026-05-24,09:14,mañana,L2,BAN-250,Bitácora,Ajuste de proceso,se bajó el tiempo de enfriamiento,J. Peláez
2026-05-24,09:57,mañana,L1,ENV-500,HMI,Mantenimiento correctivo,ajuste de cierre del molde,J. Peláez
2026-05-24,10:42,mañana,L3,ENV-500,Bitácora,Paro no programado,paro por falta de resina en tolva,D. Valencia
2026-05-24,10:56,mañana,L3,ENV-500,Bitácora,Inspección de calidad,revisión dimensional de rutina,D. Valencia
2026-05-24,11:50,mañana,L1,ENV-500,HMI,Arranque de turno,arranque normal del equipo,M. Ocampo
2026-05-24,12:08,mañana,L1,ENV-500,Bitácora,Paro no programado,paro eléctrico breve,M. Ocampo
2026-05-24,12:42,mañana,L2,BAN-250,HMI,Inspección de calidad,revisión dimensional de rutina,M. Ocampo
2026-05-24,13:10,mañana,L2,BAN-250,Bitácora,Inspección de calidad,muestreo de peso conforme al plan,M. Ocampo
2026-05-24,14:15,tarde,L3,ENV-500,HMI,Inspección de calidad,muestreo de peso conforme al plan,M. Ocampo
2026-05-24,15:34,tarde,L1,ENV-500,Bitácora,Arranque de turno,"el molde arrancó por debajo de temperatura, primeras piezas con rebaba",L. Betancur
2026-05-24,16:05,tarde,L2,BAN-250,HMI,Paro no programado,paro por atasco en la banda de salida,J. Peláez
2026-05-24,16:19,tarde,L2,BAN-250,Bitácora,Arranque de turno,"el molde arrancó por debajo de temperatura, primeras piezas con rebaba",A. Quintero
2026-05-24,17:35,tarde,L1,ENV-500,HMI,Arranque de turno,arranque normal del equipo,D. Valencia
2026-05-24,19:02,tarde,L2,BAN-250,HMI,Arranque de turno,arranque con precalentamiento del molde,J. Peláez
2026-05-24,19:56,tarde,L1,ENV-500,Bitácora,Paro no programado,paro por falta de resina en tolva,L. Betancur
2026-05-24,20:16,tarde,L2,BAN-250,HMI,Alarma HMI,falla de sensor de posición del husillo,L. Betancur
2026-05-24,20:16,tarde,L2,BAN-250,Bitácora,Inspección de calidad,muestreo de peso conforme al plan,J. Peláez
2026-05-24,21:38,tarde,L3,ENV-500,Bitácora,Alarma HMI,falla de sensor de posición del husillo,D. Valencia
2026-05-24,21:40,tarde,L3,ENV-500,HMI,Paro no programado,paro por atasco en la banda de salida,D. Valencia
2026-05-24,22:11,noche,L3,ENV-500,Bitácora,Paro no programado,paro por falta de resina en tolva,M. Ocampo
2026-05-24,22:35,noche,L3,ENV-500,Bitácora,Ajuste de proceso,ajuste de contrapresión,M. Ocampo
2026-05-24,23:01,noche,L2,BAN-250,HMI,Arranque de turno,"el molde arrancó por debajo de temperatura, primeras piezas con rebaba",L. Betancur
2026-05-24,23:40,noche,L2,BAN-250,HMI,Alarma HMI,falla de sensor de posición del husillo,L. Betancur
2026-05-25,00:07,noche,L1,ENV-500,Bitácora,Paro no programado,paro por atasco en la banda de salida,M. Ocampo
2026-05-25,00:23,noche,L2,BAN-250,HMI,Inspección de calidad,revisión dimensional de rutina,L. Betancur
2026-05-25,00:52,noche,L3,ENV-500,HMI,Ajuste de proceso,ajuste de contrapresión,D. Valencia
2026-05-25,01:29,noche,L1,ENV-500,HMI,Inspección de calidad,revisión dimensional de rutina,C. Ramírez
2026-05-25,01:46,noche,L1,ENV-500,HMI,Paro no programado,paro por falta de resina en tolva,M. Ocampo
2026-05-25,02:11,noche,L1,ENV-500,Bitácora,Arranque de turno,arranque normal del equipo,L. Betancur
2026-05-25,02:31,noche,L1,ENV-500,Bitácora,Inspección de calidad,muestreo de peso conforme al plan,L. Betancur
2026-05-25,03:14,noche,L2,BAN-250,Bitácora,Arranque de turno,arranque con precalentamiento del molde,D. Valencia
2026-05-25,03:19,noche,L3,ENV-500,Bitácora,Alarma HMI,presión de inyección fuera de banda,L. Betancur
2026-05-25,03:48,noche,L3,ENV-500,HMI,Ajuste de proceso,se corrigió el perfil de temperaturas,J. Peláez
2026-05-25,06:02,mañana,L3,ENV-500,Bitácora,Mantenimiento correctivo,ajuste de cierre del molde,A. Quintero
2026-05-25,06:25,mañana,L3,ENV-500,HMI,Paro no programado,paro por atasco en la banda de salida,A. Quintero
2026-05-25,07:03,mañana,L3,ENV-500,Bitácora,Alarma HMI,alarma de dosificador,J. Peláez
2026-05-25,07:43,mañana,L2,BAN-250,HMI,Mantenimiento correctivo,cambio de resistencia de la zona 2,C. Ramírez
2026-05-25,07:49,mañana,L2,BAN-250,Bitácora,Paro no programado,paro por falta de resina en tolva,D. Valencia
2026-05-25,09:43,mañana,L1,ENV-500,Bitácora,Ajuste de proceso,se bajó el tiempo de enfriamiento,M. Ocampo
2026-05-25,12:36,mañana,L1,ENV-500,HMI,Arranque de turno,arranque normal del equipo,D. Valencia
2026-05-25,13:33,mañana,L1,ENV-500,Bitácora,Inspección de calidad,muestreo de peso conforme al plan,M. Ocampo
2026-05-25,14:21,tarde,L1,ENV-500,HMI,Mantenimiento correctivo,cambio de resistencia de la zona 2,J. Peláez
2026-05-25,15:46,tarde,L1,ENV-500,HMI,Inspección de calidad,muestreo de peso conforme al plan,M. Ocampo
2026-05-25,17:00,tarde,L2,BAN-250,Bitácora,Mantenimiento correctivo,ajuste de cierre del molde,A. Quintero
2026-05-25,18:04,tarde,L2,BAN-250,Bitácora,Ajuste de proceso,se bajó el tiempo de enfriamiento,A. Quintero
2026-05-25,18:25,tarde,L2,BAN-250,HMI,Paro no programado,paro eléctrico breve,L. Betancur
2026-05-25,21:58,tarde,L1,ENV-500,HMI,Ajuste de proceso,ajuste de contrapresión,A. Quintero
2026-05-26,02:28,noche,L1,ENV-500,HMI,Mantenimiento correctivo,ajuste de cierre del molde,D. Valencia
2026-05-26,03:34,noche,L1,ENV-500,Bitácora,Alarma HMI,alarma de temperatura de zona 3,L. Betancur
2026-05-26,05:10,noche,L1,ENV-500,HMI,Mantenimiento correctivo,ajuste de cierre del molde,L. Betancur
2026-05-26,08:08,mañana,L2,BAN-250,HMI,Ajuste de proceso,se bajó el tiempo de enfriamiento,L. Betancur
2026-05-26,09:31,mañana,L2,BAN-250,HMI,Ajuste de proceso,se corrigió el perfil de temperaturas,J. Peláez
2026-05-26,09:47,mañana,L1,ENV-500,Bitácora,Arranque de turno,arranque con precalentamiento del molde,J. Peláez
2026-05-26,10:11,mañana,L1,ENV-500,HMI,Ajuste de proceso,se bajó el tiempo de enfriamiento,A. Quintero
2026-05-26,11:38,mañana,L1,ENV-500,HMI,Paro no programado,paro por falta de resina en tolva,J. Peláez
2026-05-26,11:58,mañana,L2,BAN-250,HMI,Mantenimiento correctivo,ajuste de cierre del molde,L. Betancur
2026-05-26,15:56,tarde,L2,BAN-250,Bitácora,Paro no programado,paro eléctrico breve,M. Ocampo
2026-05-26,16:02,tarde,L2,BAN-250,Bitácora,Paro no programado,paro por falta de resina en tolva,J. Peláez
2026-05-26,16:12,tarde,L3,ENV-500,Bitácora,Mantenimiento correctivo,cambio de resistencia de la zona 2,C. Ramírez
2026-05-26,18:13,tarde,L1,ENV-500,Bitácora,Arranque de turno,arranque normal del equipo,L. Betancur
2026-05-26,18:16,tarde,L3,ENV-500,Bitácora,Ajuste de proceso,ajuste de contrapresión,M. Ocampo
2026-05-26,20:41,tarde,L2,BAN-250,Bitácora,Mantenimiento correctivo,ajuste de cierre del molde,C. Ramírez
2026-05-26,21:04,tarde,L2,BAN-250,Bitácora,Arranque de turno,"el molde arrancó por debajo de temperatura, primeras piezas con rebaba",L. Betancur
2026-05-26,21:05,tarde,L1,ENV-500,HMI,Alarma HMI,alarma de dosificador,M. Ocampo
2026-05-26,21:28,tarde,L2,BAN-250,HMI,Alarma HMI,presión de inyección fuera de banda,L. Betancur
2026-05-27,00:40,noche,L1,ENV-500,Bitácora,Arranque de turno,arranque con precalentamiento del molde,C. Ramírez
2026-05-27,04:34,noche,L2,BAN-250,Bitácora,Arranque de turno,arranque normal del equipo,A. Quintero
2026-05-27,06:02,mañana,L2,BAN-250,HMI,Inspección de calidad,revisión dimensional de rutina,D. Valencia
2026-05-27,06:22,mañana,L2,BAN-250,Bitácora,Arranque de turno,arranque normal del equipo,D. Valencia
2026-05-27,07:15,mañana,L3,ENV-500,Bitácora,Paro no programado,paro eléctrico breve,M. Ocampo
2026-05-27,09:01,mañana,L1,ENV-500,HMI,Paro no programado,paro por atasco en la banda de salida,A. Quintero
2026-05-27,09:14,mañana,L1,ENV-500,HMI,Mantenimiento correctivo,ajuste de cierre del molde,C. Ramírez
2026-05-27,10:51,mañana,L3,ENV-500,HMI,Arranque de turno,arranque con precalentamiento del molde,M. Ocampo
2026-05-27,11:40,mañana,L1,ENV-500,HMI,Inspección de calidad,muestreo de peso conforme al plan,M. Ocampo
2026-05-27,12:28,mañana,L1,ENV-500,HMI,Arranque de turno,arranque con precalentamiento del molde,L. Betancur
2026-05-27,12:50,mañana,L3,ENV-500,HMI,Ajuste de proceso,ajuste de contrapresión,A. Quintero
2026-05-27,13:25,mañana,L2,BAN-250,HMI,Paro no programado,paro por falta de resina en tolva,C. Ramírez
2026-05-27,16:12,tarde,L1,ENV-500,HMI,Arranque de turno,arranque con precalentamiento del molde,A. Quintero
2026-05-27,16:39,tarde,L1,ENV-500,Bitácora,Mantenimiento correctivo,cambio de resistencia de la zona 2,C. Ramírez
2026-05-27,17:28,tarde,L2,BAN-250,HMI,Mantenimiento correctivo,ajuste de cierre del molde,M. Ocampo
2026-05-27,17:43,tarde,L2,BAN-250,HMI,Paro no programado,paro por atasco en la banda de salida,A. Quintero
2026-05-27,19:36,tarde,L3,ENV-500,Bitácora,Arranque de turno,arranque normal del equipo,M. Ocampo
2026-05-27,20:33,tarde,L3,ENV-500,HMI,Inspección de calidad,revisión dimensional de rutina,L. Betancur
2026-05-27,20:34,tarde,L1,ENV-500,Bitácora,Alarma HMI,falla de sensor de posición del husillo,A. Quintero
2026-05-27,21:14,tarde,L2,BAN-250,Bitácora,Paro no programado,paro por atasco en la banda de salida,A. Quintero
2026-05-27,21:30,tarde,L1,ENV-500,Bitácora,Mantenimiento correctivo,cambio de resistencia de la zona 2,A. Quintero
2026-05-27,22:26,noche,L1,ENV-500,HMI,Inspección de calidad,revisión dimensional de rutina,D. Valencia
2026-05-27,23:31,noche,L2,BAN-250,HMI,Inspección de calidad,muestreo de peso conforme al plan,C. Ramírez
2026-05-28,00:29,noche,L3,ENV-500,Bitácora,Mantenimiento correctivo,ajuste de cierre del molde,A. Quintero
2026-05-28,01:03,noche,L2,TAP-38,Bitácora,Mantenimiento correctivo,ajuste de cierre del molde,A. Quintero
2026-05-28,01:25,noche,L3,ENV-500,HMI,Paro no programado,paro por falta de resina en tolva,D. Valencia
2026-05-28,02:53,noche,L3,ENV-500,HMI,Mantenimiento correctivo,ajuste de cierre del molde,L. Betancur
2026-05-28,03:43,noche,L3,ENV-500,Bitácora,Alarma HMI,alarma de temperatura de zona 3,C. Ramírez
2026-05-28,05:43,noche,L2,TAP-38,Bitácora,Inspección de calidad,revisión dimensional de rutina,L. Betancur
2026-05-28,06:02,mañana,L2,TAP-38,Bitácora,Paro no programado,paro por falta de resina en tolva,C. Ramírez
2026-05-28,06:46,mañana,L2,TAP-38,Bitácora,Alarma HMI,falla de sensor de posición del husillo,C. Ramírez
2026-05-28,14:39,tarde,L1,ENV-500,HMI,Mantenimiento correctivo,ajuste de cierre del molde,M. Ocampo
2026-05-28,15:14,tarde,L3,ENV-500,HMI,Mantenimiento correctivo,ajuste de cierre del molde,L. Betancur
2026-05-28,15:29,tarde,L1,ENV-500,Bitácora,Arranque de turno,arranque normal del equipo,J. Peláez
2026-05-28,15:47,tarde,L1,ENV-500,Bitácora,Arranque de turno,"el molde arrancó por debajo de temperatura, primeras piezas con rebaba",D. Valencia
2026-05-28,16:21,tarde,L3,ENV-500,Bitácora,Ajuste de proceso,se bajó el tiempo de enfriamiento,J. Peláez
2026-05-28,16:28,tarde,L2,TAP-38,HMI,Alarma HMI,falla de sensor de posición del husillo,J. Peláez
2026-05-28,17:48,tarde,L3,ENV-500,Bitácora,Paro no programado,paro por falta de resina en tolva,M. Ocampo
2026-05-28,18:14,tarde,L3,ENV-500,Bitácora,Inspección de calidad,muestreo de peso conforme al plan,D. Valencia
2026-05-28,18:43,tarde,L2,TAP-38,Bitácora,Alarma HMI,alarma de dosificador,A. Quintero
2026-05-28,18:59,tarde,L3,ENV-500,HMI,Arranque de turno,"el molde arrancó por debajo de temperatura, primeras piezas con rebaba",M. Ocampo
2026-05-28,21:36,tarde,L1,ENV-500,HMI,Alarma HMI,alarma de dosificador,M. Ocampo
2026-05-29,00:01,noche,L2,TAP-38,HMI,Mantenimiento correctivo,cambio de resistencia de la zona 2,A. Quintero
2026-05-29,00:31,noche,L1,ENV-500,HMI,Mantenimiento correctivo,cambio de resistencia de la zona 2,J. Peláez
2026-05-29,01:34,noche,L3,GAL-3800,HMI,Mantenimiento correctivo,cambio de resistencia de la zona 2,J. Peláez
2026-05-29,02:27,noche,L3,GAL-3800,HMI,Arranque de turno,arranque con precalentamiento del molde,C. Ramírez
2026-05-29,02:45,noche,L1,ENV-500,Bitácora,Arranque de turno,arranque normal del equipo,L. Betancur
2026-05-29,03:18,noche,L1,ENV-500,Bitácora,Arranque de turno,arranque con precalentamiento del molde,L. Betancur
2026-05-29,03:47,noche,L3,GAL-3800,HMI,Paro no programado,paro por atasco en la banda de salida,M. Ocampo
2026-05-29,03:59,noche,L3,GAL-3800,Bitácora,Mantenimiento correctivo,ajuste de cierre del molde,C. Ramírez
2026-05-29,04:36,noche,L2,TAP-38,Bitácora,Mantenimiento correctivo,ajuste de cierre del molde,L. Betancur
2026-05-29,04:59,noche,L2,TAP-38,Bitácora,Paro no programado,paro por falta de resina en tolva,D. Valencia
2026-05-29,05:30,noche,L1,ENV-500,HMI,Paro no programado,paro por atasco en la banda de salida,A. Quintero
2026-05-29,06:06,mañana,L1,ENV-500,HMI,Mantenimiento correctivo,ajuste de cierre del molde,D. Valencia
2026-05-29,07:13,mañana,L1,ENV-500,HMI,Inspección de calidad,revisión dimensional de rutina,L. Betancur
2026-05-29,07:28,mañana,L1,ENV-500,HMI,Inspección de calidad,revisión dimensional de rutina,D. Valencia
2026-05-29,09:42,mañana,L3,GAL-3800,HMI,Alarma HMI,presión de inyección fuera de banda,D. Valencia
2026-05-29,10:23,mañana,L1,ENV-500,HMI,Inspección de calidad,revisión dimensional de rutina,J. Peláez
2026-05-29,10:36,mañana,L1,ENV-500,Bitácora,Mantenimiento correctivo,cambio de resistencia de la zona 2,C. Ramírez
2026-05-29,11:37,mañana,L3,GAL-3800,HMI,Alarma HMI,presión de inyección fuera de banda,D. Valencia
2026-05-29,12:51,mañana,L3,GAL-3800,Bitácora,Ajuste de proceso,se corrigió el perfil de temperaturas,D. Valencia
2026-05-29,14:45,tarde,L2,TAP-38,HMI,Inspección de calidad,revisión dimensional de rutina,L. Betancur
2026-05-29,15:01,tarde,L3,GAL-3800,Bitácora,Inspección de calidad,muestreo de peso conforme al plan,C. Ramírez
2026-05-29,15:17,tarde,L1,ENV-500,Bitácora,Paro no programado,paro por falta de resina en tolva,M. Ocampo
2026-05-29,15:49,tarde,L3,GAL-3800,HMI,Alarma HMI,presión de inyección fuera de banda,D. Valencia
2026-05-29,16:21,tarde,L3,GAL-3800,Bitácora,Ajuste de proceso,se bajó el tiempo de enfriamiento,L. Betancur
2026-05-29,17:40,tarde,L3,GAL-3800,HMI,Paro no programado,paro eléctrico breve,J. Peláez
2026-05-29,18:56,tarde,L1,ENV-500,HMI,Paro no programado,paro eléctrico breve,L. Betancur
2026-05-29,18:57,tarde,L2,TAP-38,HMI,Mantenimiento correctivo,ajuste de cierre del molde,C. Ramírez
2026-05-29,19:03,tarde,L2,TAP-38,Bitácora,Ajuste de proceso,se corrigió el perfil de temperaturas,A. Quintero
2026-05-29,19:45,tarde,L1,ENV-500,Bitácora,Inspección de calidad,revisión dimensional de rutina,C. Ramírez
2026-05-29,19:46,tarde,L1,ENV-500,HMI,Inspección de calidad,muestreo de peso conforme al plan,J. Peláez
2026-05-29,19:46,tarde,L3,GAL-3800,HMI,Mantenimiento correctivo,ajuste de cierre del molde,A. Quintero
2026-05-29,20:13,tarde,L1,ENV-500,HMI,Alarma HMI,falla de sensor de posición del husillo,L. Betancur
2026-05-29,22:42,noche,L2,TAP-38,Bitácora,Mantenimiento correctivo,ajuste de cierre del molde,A. Quintero
2026-05-29,22:43,noche,L3,GAL-3800,HMI,Inspección de calidad,revisión dimensional de rutina,L. Betancur
2026-05-30,00:55,noche,L3,GAL-3800,HMI,Paro no programado,paro por falta de resina en tolva,A. Quintero
2026-05-30,01:00,noche,L1,ENV-1000,Bitácora,Mantenimiento correctivo,cambio de resistencia de la zona 2,C. Ramírez
2026-05-30,01:07,noche,L1,ENV-1000,HMI,Ajuste de proceso,se corrigió el perfil de temperaturas,A. Quintero
2026-05-30,03:07,noche,L3,GAL-3800,HMI,Arranque de turno,"el molde arrancó por debajo de temperatura, primeras piezas con rebaba",L. Betancur
2026-05-30,04:23,noche,L3,GAL-3800,HMI,Alarma HMI,falla de sensor de posición del husillo,J. Peláez
2026-05-30,06:30,mañana,L2,TAP-38,HMI,Paro no programado,paro por falta de resina en tolva,L. Betancur
2026-05-30,07:04,mañana,L3,GAL-3800,Bitácora,Arranque de turno,"el molde arrancó por debajo de temperatura, primeras piezas con rebaba",L. Betancur
2026-05-30,07:11,mañana,L1,ENV-1000,HMI,Paro no programado,paro por falta de resina en tolva,L. Betancur
2026-05-30,08:10,mañana,L2,TAP-38,Bitácora,Alarma HMI,falla de sensor de posición del husillo,J. Peláez
2026-05-30,08:23,mañana,L1,ENV-1000,Bitácora,Paro no programado,paro por atasco en la banda de salida,C. Ramírez
2026-05-30,08:40,mañana,L1,ENV-1000,Bitácora,Alarma HMI,alarma de dosificador,C. Ramírez
2026-05-30,09:36,mañana,L3,GAL-3800,HMI,Mantenimiento correctivo,cambio de resistencia de la zona 2,D. Valencia
2026-05-30,09:45,mañana,L1,ENV-1000,Bitácora,Mantenimiento correctivo,ajuste de cierre del molde,J. Peláez
2026-05-30,09:46,mañana,L2,TAP-38,Bitácora,Paro no programado,paro eléctrico breve,A. Quintero
2026-05-30,10:31,mañana,L2,TAP-38,HMI,Paro no programado,paro eléctrico breve,L. Betancur
2026-05-30,11:21,mañana,L1,ENV-1000,HMI,Paro no programado,paro por atasco en la banda de salida,D. Valencia
2026-05-30,12:31,mañana,L2,TAP-38,HMI,Paro no programado,paro por falta de resina en tolva,C. Ramírez
2026-05-30,13:47,mañana,L3,GAL-3800,HMI,Arranque de turno,arranque normal del equipo,A. Quintero
2026-05-30,13:51,mañana,L3,GAL-3800,HMI,Inspección de calidad,revisión dimensional de rutina,C. Ramírez
2026-05-30,14:42,tarde,L3,GAL-3800,Bitácora,Arranque de turno,arranque con precalentamiento del molde,D. Valencia
2026-05-30,15:34,tarde,L1,ENV-1000,HMI,Arranque de turno,arranque con precalentamiento del molde,J. Peláez
2026-05-30,19:43,tarde,L3,GAL-3800,HMI,Alarma HMI,presión de inyección fuera de banda,A. Quintero
2026-05-30,20:26,tarde,L1,ENV-1000,HMI,Paro no programado,paro eléctrico breve,C. Ramírez
2026-05-30,20:37,tarde,L1,ENV-1000,Bitácora,Inspección de calidad,muestreo de peso conforme al plan,J. Peláez
2026-05-30,20:53,tarde,L1,ENV-1000,Bitácora,Mantenimiento correctivo,ajuste de cierre del molde,C. Ramírez
2026-05-30,21:07,tarde,L3,GAL-3800,HMI,Ajuste de proceso,se corrigió el perfil de temperaturas,M. Ocampo
2026-05-30,21:25,tarde,L1,ENV-1000,HMI,Alarma HMI,alarma de dosificador,A. Quintero
2026-05-30,22:04,noche,L2,TAP-38,Bitácora,Inspección de calidad,revisión dimensional de rutina,D. Valencia
2026-05-30,22:27,noche,L2,TAP-38,Bitácora,Arranque de turno,"el molde arrancó por debajo de temperatura, primeras piezas con rebaba",L. Betancur
2026-05-30,22:49,noche,L1,ENV-1000,HMI,Alarma HMI,presión de inyección fuera de banda,J. Peláez
2026-05-30,22:49,noche,L3,GAL-3800,HMI,Mantenimiento correctivo,ajuste de cierre del molde,M. Ocampo
2026-05-30,23:35,noche,L2,TAP-38,HMI,Alarma HMI,alarma de temperatura de zona 3,M. Ocampo
2026-05-31,01:48,noche,L3,GAL-3800,HMI,Alarma HMI,alarma de temperatura de zona 3,A. Quintero
2026-05-31,03:23,noche,L1,ENV-1000,HMI,Paro no programado,paro por atasco en la banda de salida,L. Betancur
2026-05-31,03:37,noche,L1,ENV-1000,HMI,Alarma HMI,alarma de temperatura de zona 3,C. Ramírez
2026-05-31,03:44,noche,L2,TAP-38,Bitácora,Paro no programado,paro eléctrico breve,C. Ramírez
2026-05-31,03:47,noche,L2,TAP-38,HMI,Inspección de calidad,muestreo de peso conforme al plan,M. Ocampo
2026-05-31,03:52,noche,L2,TAP-38,Bitácora,Alarma HMI,presión de inyección fuera de banda,C. Ramírez
2026-05-31,04:05,noche,L2,TAP-38,HMI,Paro no programado,paro por falta de resina en tolva,A. Quintero
2026-05-31,05:25,noche,L1,ENV-1000,Bitácora,Arranque de turno,arranque con precalentamiento del molde,C. Ramírez
2026-05-31,06:14,mañana,L2,TAP-38,HMI,Alarma HMI,alarma de temperatura de zona 3,M. Ocampo
2026-05-31,06:14,mañana,L2,TAP-38,Bitácora,Paro no programado,paro eléctrico breve,C. Ramírez
2026-05-31,08:02,mañana,L1,ENV-1000,Bitácora,Inspección de calidad,muestreo de peso conforme al plan,L. Betancur
2026-05-31,08:31,mañana,L3,GAL-3800,Bitácora,Alarma HMI,alarma de temperatura de zona 3,M. Ocampo
2026-05-31,08:46,mañana,L1,ENV-1000,Bitácora,Paro no programado,paro por falta de resina en tolva,D. Valencia
2026-05-31,10:36,mañana,L2,TAP-38,Bitácora,Arranque de turno,"el molde arrancó por debajo de temperatura, primeras piezas con rebaba",C. Ramírez
2026-05-31,12:33,mañana,L3,GAL-3800,HMI,Ajuste de proceso,se bajó el tiempo de enfriamiento,D. Valencia
2026-05-31,13:06,mañana,L1,ENV-1000,HMI,Paro no programado,paro por atasco en la banda de salida,L. Betancur
2026-05-31,13:43,mañana,L3,GAL-3800,Bitácora,Inspección de calidad,muestreo de peso conforme al plan,D. Valencia
2026-05-31,15:38,tarde,L3,GAL-3800,Bitácora,Ajuste de proceso,se corrigió el perfil de temperaturas,J. Peláez
2026-05-31,16:04,tarde,L3,GAL-3800,Bitácora,Ajuste de proceso,se corrigió el perfil de temperaturas,C. Ramírez
2026-05-31,18:06,tarde,L3,GAL-3800,Bitácora,Mantenimiento correctivo,cambio de resistencia de la zona 2,A. Quintero
2026-05-31,22:14,noche,L3,GAL-3800,Bitácora,Inspección de calidad,revisión dimensional de rutina,A. Quintero
2026-05-31,23:50,noche,L2,TAP-38,HMI,Paro no programado,paro por atasco en la banda de salida,D. Valencia
2026-06-01,00:41,noche,L1,ENV-1000,Bitácora,Ajuste de proceso,ajuste de contrapresión,A. Quintero
2026-06-01,01:00,noche,L3,GAL-3800,HMI,Alarma HMI,falla de sensor de posición del husillo,L. Betancur
2026-06-01,01:02,noche,L3,GAL-3800,Bitácora,Paro no programado,paro por falta de resina en tolva,D. Valencia
2026-06-01,02:07,noche,L1,ENV-1000,HMI,Arranque de turno,arranque normal del equipo,A. Quintero
2026-06-01,02:34,noche,L3,GAL-3800,HMI,Ajuste de proceso,ajuste de contrapresión,D. Valencia
2026-06-01,02:51,noche,L1,ENV-1000,Bitácora,Arranque de turno,arranque con precalentamiento del molde,D. Valencia
2026-06-01,04:10,noche,L1,ENV-1000,HMI,Inspección de calidad,revisión dimensional de rutina,M. Ocampo
2026-06-01,06:21,mañana,L3,GAL-3800,Bitácora,Ajuste de proceso,se corrigió el perfil de temperaturas,M. Ocampo
2026-06-01,11:33,mañana,L3,GAL-3800,HMI,Paro no programado,paro eléctrico breve,D. Valencia
2026-06-01,12:32,mañana,L3,GAL-3800,Bitácora,Paro no programado,paro por falta de resina en tolva,C. Ramírez
2026-06-01,15:59,tarde,L1,ENV-1000,Bitácora,Alarma HMI,alarma de dosificador,A. Quintero
2026-06-01,18:54,tarde,L1,ENV-1000,HMI,Arranque de turno,arranque con precalentamiento del molde,L. Betancur
2026-06-01,21:12,tarde,L1,ENV-1000,HMI,Mantenimiento correctivo,ajuste de cierre del molde,C. Ramírez
2026-06-01,22:40,noche,L3,GAL-3800,HMI,Ajuste de proceso,se bajó el tiempo de enfriamiento,J. Peláez
2026-06-01,23:19,noche,L3,GAL-3800,Bitácora,Inspección de calidad,revisión dimensional de rutina,L. Betancur
2026-06-02,07:01,mañana,L2,TAP-38,Bitácora,Mantenimiento correctivo,cambio de resistencia de la zona 2,L. Betancur
2026-06-02,07:40,mañana,L2,TAP-38,Bitácora,Mantenimiento correctivo,ajuste de cierre del molde,L. Betancur
2026-06-02,07:41,mañana,L3,GAL-3800,HMI,Paro no programado,paro eléctrico breve,M. Ocampo
2026-06-02,08:12,mañana,L3,GAL-3800,HMI,Paro no programado,paro eléctrico breve,M. Ocampo
2026-06-02,09:08,mañana,L1,ENV-1000,HMI,Inspección de calidad,revisión dimensional de rutina,M. Ocampo
2026-06-02,09:31,mañana,L1,ENV-1000,Bitácora,Paro no programado,paro por falta de resina en tolva,D. Valencia
2026-06-02,10:32,mañana,L3,GAL-3800,HMI,Ajuste de proceso,se bajó el tiempo de enfriamiento,D. Valencia
2026-06-02,10:53,mañana,L3,GAL-3800,HMI,Alarma HMI,alarma de dosificador,L. Betancur
2026-06-02,13:59,mañana,L2,TAP-38,Bitácora,Paro no programado,paro eléctrico breve,C. Ramírez
2026-06-02,14:55,tarde,L1,ENV-1000,HMI,Alarma HMI,presión de inyección fuera de banda,M. Ocampo
2026-06-02,15:04,tarde,L2,TAP-38,Bitácora,Paro no programado,paro por falta de resina en tolva,A. Quintero
2026-06-02,15:09,tarde,L1,ENV-1000,Bitácora,Inspección de calidad,revisión dimensional de rutina,C. Ramírez
2026-06-02,15:44,tarde,L2,TAP-38,HMI,Inspección de calidad,revisión dimensional de rutina,A. Quintero
2026-06-02,17:15,tarde,L1,ENV-1000,Bitácora,Alarma HMI,alarma de temperatura de zona 3,M. Ocampo
2026-06-02,19:11,tarde,L3,GAL-3800,HMI,Ajuste de proceso,se corrigió el perfil de temperaturas,L. Betancur
2026-06-02,21:00,tarde,L3,GAL-3800,Bitácora,Paro no programado,paro por atasco en la banda de salida,M. Ocampo
2026-06-02,21:07,tarde,L2,TAP-38,Bitácora,Alarma HMI,alarma de dosificador,M. Ocampo
2026-06-03,04:30,noche,L1,ENV-1000,HMI,Paro no programado,paro por atasco en la banda de salida,M. Ocampo
2026-06-03,04:40,noche,L1,ENV-1000,HMI,Ajuste de proceso,se corrigió el perfil de temperaturas,A. Quintero
2026-06-03,06:44,mañana,L3,ENV-500,Bitácora,Arranque de turno,"el molde arrancó por debajo de temperatura, primeras piezas con rebaba",D. Valencia
2026-06-03,07:01,mañana,L1,ENV-1000,HMI,Inspección de calidad,revisión dimensional de rutina,M. Ocampo
2026-06-03,07:02,mañana,L2,BAN-250,HMI,Mantenimiento correctivo,cambio de resistencia de la zona 2,A. Quintero
2026-06-03,07:25,mañana,L1,ENV-1000,Bitácora,Arranque de turno,arranque normal del equipo,A. Quintero
2026-06-03,08:34,mañana,L1,ENV-1000,Bitácora,Mantenimiento correctivo,ajuste de cierre del molde,D. Valencia
2026-06-03,09:05,mañana,L2,BAN-250,HMI,Arranque de turno,arranque normal del equipo,D. Valencia
2026-06-03,09:49,mañana,L3,ENV-500,HMI,Ajuste de proceso,se bajó el tiempo de enfriamiento,A. Quintero
2026-06-03,11:18,mañana,L2,BAN-250,HMI,Mantenimiento correctivo,cambio de resistencia de la zona 2,A. Quintero
2026-06-03,12:43,mañana,L3,ENV-500,HMI,Mantenimiento correctivo,cambio de resistencia de la zona 2,J. Peláez
2026-06-03,12:45,mañana,L2,BAN-250,Bitácora,Ajuste de proceso,ajuste de contrapresión,M. Ocampo
2026-06-03,13:11,mañana,L3,ENV-500,Bitácora,Alarma HMI,presión de inyección fuera de banda,C. Ramírez
2026-06-03,13:29,mañana,L2,BAN-250,Bitácora,Mantenimiento correctivo,cambio de resistencia de la zona 2,D. Valencia
2026-06-03,14:06,tarde,L3,ENV-500,HMI,Inspección de calidad,revisión dimensional de rutina,L. Betancur
2026-06-03,14:07,tarde,L3,ENV-500,HMI,Mantenimiento correctivo,ajuste de cierre del molde,D. Valencia
2026-06-03,16:37,tarde,L3,ENV-500,Bitácora,Alarma HMI,alarma de temperatura de zona 3,C. Ramírez
2026-06-03,18:05,tarde,L2,BAN-250,Bitácora,Arranque de turno,"el molde arrancó por debajo de temperatura, primeras piezas con rebaba",D. Valencia
2026-06-03,20:44,tarde,L2,BAN-250,HMI,Mantenimiento correctivo,cambio de resistencia de la zona 2,L. Betancur
2026-06-04,00:34,noche,L1,ENV-1000,HMI,Arranque de turno,arranque normal del equipo,C. Ramírez
2026-06-04,05:47,noche,L1,ENV-1000,HMI,Arranque de turno,arranque normal del equipo,J. Peláez
2026-06-04,06:23,mañana,L2,BAN-250,HMI,Mantenimiento correctivo,cambio de resistencia de la zona 2,J. Peláez
2026-06-04,06:23,mañana,L3,ENV-500,HMI,Alarma HMI,falla de sensor de posición del husillo,A. Quintero
2026-06-04,07:41,mañana,L1,ENV-1000,HMI,Paro no programado,paro por falta de resina en tolva,D. Valencia
2026-06-04,08:26,mañana,L1,ENV-1000,Bitácora,Alarma HMI,falla de sensor de posición del husillo,D. Valencia
2026-06-04,11:02,mañana,L3,ENV-500,HMI,Mantenimiento correctivo,ajuste de cierre del molde,M. Ocampo
2026-06-04,11:50,mañana,L2,BAN-250,Bitácora,Mantenimiento correctivo,cambio de resistencia de la zona 2,D. Valencia
2026-06-04,12:22,mañana,L1,ENV-1000,Bitácora,Arranque de turno,arranque con precalentamiento del molde,A. Quintero
2026-06-04,12:44,mañana,L3,ENV-500,HMI,Paro no programado,paro por falta de resina en tolva,M. Ocampo
2026-06-04,14:33,tarde,L1,ENV-1000,HMI,Paro no programado,paro por falta de resina en tolva,A. Quintero
2026-06-04,14:36,tarde,L1,ENV-1000,Bitácora,Ajuste de proceso,se corrigió el perfil de temperaturas,J. Peláez
2026-06-04,15:28,tarde,L1,ENV-1000,HMI,Inspección de calidad,revisión dimensional de rutina,D. Valencia
2026-06-04,19:41,tarde,L1,ENV-1000,HMI,Arranque de turno,"el molde arrancó por debajo de temperatura, primeras piezas con rebaba",C. Ramírez
2026-06-05,01:03,noche,L1,ENV-1000,HMI,Paro no programado,paro eléctrico breve,C. Ramírez
2026-06-05,03:31,noche,L1,ENV-1000,HMI,Arranque de turno,"el molde arrancó por debajo de temperatura, primeras piezas con rebaba",M. Ocampo
2026-06-05,04:03,noche,L1,ENV-1000,HMI,Ajuste de proceso,se corrigió el perfil de temperaturas,M. Ocampo
2026-06-05,04:17,noche,L1,ENV-1000,Bitácora,Paro no programado,paro por falta de resina en tolva,A. Quintero
2026-06-05,06:03,mañana,L1,ENV-1000,Bitácora,Inspección de calidad,muestreo de peso conforme al plan,J. Peláez
2026-06-05,07:44,mañana,L1,ENV-1000,Bitácora,Inspección de calidad,revisión dimensional de rutina,D. Valencia
2026-06-05,07:55,mañana,L3,ENV-500,HMI,Paro no programado,paro por falta de resina en tolva,J. Peláez
2026-06-05,07:58,mañana,L1,ENV-1000,HMI,Inspección de calidad,revisión dimensional de rutina,M. Ocampo
2026-06-05,08:23,mañana,L3,ENV-500,Bitácora,Ajuste de proceso,se corrigió el perfil de temperaturas,L. Betancur
2026-06-05,11:48,mañana,L3,ENV-500,HMI,Paro no programado,paro por falta de resina en tolva,L. Betancur
2026-06-05,12:44,mañana,L1,ENV-1000,HMI,Mantenimiento correctivo,cambio de resistencia de la zona 2,L. Betancur
2026-06-05,12:44,mañana,L1,ENV-1000,Bitácora,Arranque de turno,"el molde arrancó por debajo de temperatura, primeras piezas con rebaba",A. Quintero
2026-06-05,15:00,tarde,L2,BAN-250,HMI,Alarma HMI,presión de inyección fuera de banda,D. Valencia
2026-06-05,16:17,tarde,L3,ENV-500,HMI,Ajuste de proceso,se bajó el tiempo de enfriamiento,L. Betancur
2026-06-05,16:19,tarde,L2,BAN-250,HMI,Alarma HMI,alarma de dosificador,J. Peláez
2026-06-05,16:31,tarde,L3,ENV-500,HMI,Arranque de turno,"el molde arrancó por debajo de temperatura, primeras piezas con rebaba",J. Peláez
2026-06-05,17:59,tarde,L1,ENV-1000,Bitácora,Mantenimiento correctivo,cambio de resistencia de la zona 2,L. Betancur
2026-06-05,18:19,tarde,L1,ENV-1000,Bitácora,Alarma HMI,falla de sensor de posición del husillo,C. Ramírez
2026-06-05,18:49,tarde,L1,ENV-1000,Bitácora,Alarma HMI,alarma de temperatura de zona 3,D. Valencia
2026-06-05,18:59,tarde,L3,ENV-500,HMI,Inspección de calidad,muestreo de peso conforme al plan,D. Valencia
2026-06-05,19:20,tarde,L2,BAN-250,Bitácora,Inspección de calidad,revisión dimensional de rutina,C. Ramírez
2026-06-05,19:52,tarde,L1,ENV-1000,HMI,Paro no programado,paro eléctrico breve,A. Quintero
2026-06-05,20:15,tarde,L3,ENV-500,HMI,Mantenimiento correctivo,ajuste de cierre del molde,M. Ocampo
2026-06-05,20:59,tarde,L3,ENV-500,Bitácora,Inspección de calidad,muestreo de peso conforme al plan,C. Ramírez
2026-06-05,22:23,noche,L2,BAN-250,HMI,Ajuste de proceso,se corrigió el perfil de temperaturas,C. Ramírez
2026-06-05,22:27,noche,L2,BAN-250,HMI,Arranque de turno,arranque con precalentamiento del molde,M. Ocampo
2026-06-06,00:29,noche,L1,ENV-1000,HMI,Inspección de calidad,revisión dimensional de rutina,C. Ramírez
2026-06-06,00:33,noche,L3,ENV-500,Bitácora,Alarma HMI,falla de sensor de posición del husillo,L. Betancur
2026-06-06,02:34,noche,L3,ENV-500,Bitácora,Alarma HMI,falla de sensor de posición del husillo,C. Ramírez
2026-06-06,04:57,noche,L1,ENV-1000,Bitácora,Arranque de turno,arranque con precalentamiento del molde,J. Peláez
2026-06-06,05:21,noche,L2,BAN-250,HMI,Paro no programado,paro eléctrico breve,D. Valencia
2026-06-06,06:15,mañana,L2,BAN-250,Bitácora,Arranque de turno,arranque con precalentamiento del molde,L. Betancur
2026-06-06,06:26,mañana,L3,ENV-500,HMI,Mantenimiento correctivo,ajuste de cierre del molde,C. Ramírez
2026-06-06,07:34,mañana,L2,BAN-250,Bitácora,Inspección de calidad,muestreo de peso conforme al plan,L. Betancur
2026-06-06,08:03,mañana,L1,ENV-1000,Bitácora,Paro no programado,paro por falta de resina en tolva,L. Betancur
2026-06-06,09:49,mañana,L3,ENV-500,HMI,Alarma HMI,alarma de dosificador,D. Valencia
2026-06-06,10:30,mañana,L1,ENV-1000,HMI,Ajuste de proceso,se bajó el tiempo de enfriamiento,A. Quintero
2026-06-06,11:32,mañana,L3,ENV-500,HMI,Mantenimiento correctivo,ajuste de cierre del molde,D. Valencia
2026-06-06,11:39,mañana,L2,BAN-250,HMI,Alarma HMI,alarma de dosificador,D. Valencia
2026-06-06,11:42,mañana,L3,ENV-500,HMI,Paro no programado,paro por falta de resina en tolva,A. Quintero
2026-06-06,12:38,mañana,L2,BAN-250,Bitácora,Paro no programado,paro por falta de resina en tolva,M. Ocampo
2026-06-06,13:11,mañana,L2,BAN-250,HMI,Mantenimiento correctivo,cambio de resistencia de la zona 2,L. Betancur
2026-06-06,13:13,mañana,L3,ENV-500,Bitácora,Alarma HMI,alarma de temperatura de zona 3,C. Ramírez
2026-06-06,14:05,tarde,L2,BAN-250,Bitácora,Ajuste de proceso,ajuste de contrapresión,D. Valencia
2026-06-06,14:40,tarde,L3,ENV-500,HMI,Mantenimiento correctivo,cambio de resistencia de la zona 2,M. Ocampo
2026-06-06,15:41,tarde,L2,BAN-250,HMI,Ajuste de proceso,se corrigió el perfil de temperaturas,J. Peláez
2026-06-06,15:57,tarde,L1,ENV-1000,Bitácora,Arranque de turno,"el molde arrancó por debajo de temperatura, primeras piezas con rebaba",M. Ocampo
2026-06-06,17:05,tarde,L1,ENV-1000,HMI,Alarma HMI,falla de sensor de posición del husillo,M. Ocampo
2026-06-06,17:24,tarde,L3,ENV-500,HMI,Paro no programado,paro por falta de resina en tolva,L. Betancur
2026-06-06,17:38,tarde,L2,BAN-250,Bitácora,Arranque de turno,arranque normal del equipo,D. Valencia
2026-06-06,19:13,tarde,L1,ENV-1000,Bitácora,Alarma HMI,alarma de temperatura de zona 3,J. Peláez
2026-06-06,19:45,tarde,L2,BAN-250,Bitácora,Arranque de turno,arranque normal del equipo,C. Ramírez
2026-06-06,20:01,tarde,L1,ENV-1000,HMI,Ajuste de proceso,ajuste de contrapresión,M. Ocampo
2026-06-06,20:16,tarde,L2,BAN-250,HMI,Ajuste de proceso,se bajó el tiempo de enfriamiento,J. Peláez
2026-06-06,20:48,tarde,L1,ENV-1000,HMI,Inspección de calidad,muestreo de peso conforme al plan,A. Quintero
2026-06-06,22:22,noche,L1,ENV-1000,HMI,Paro no programado,paro por falta de resina en tolva,A. Quintero
2026-06-06,22:32,noche,L2,BAN-250,Bitácora,Alarma HMI,falla de sensor de posición del husillo,D. Valencia
2026-06-06,22:33,noche,L1,ENV-1000,Bitácora,Ajuste de proceso,se corrigió el perfil de temperaturas,J. Peláez
2026-06-07,02:04,noche,L3,ENV-500,Bitácora,Ajuste de proceso,ajuste de contrapresión,A. Quintero
2026-06-07,04:36,noche,L3,ENV-500,HMI,Alarma HMI,falla de sensor de posición del husillo,A. Quintero
2026-06-07,07:05,mañana,L1,ENV-500,Bitácora,Mantenimiento correctivo,ajuste de cierre del molde,L. Betancur
2026-06-07,11:34,mañana,L1,ENV-500,Bitácora,Paro no programado,paro por falta de resina en tolva,A. Quintero
2026-06-07,15:09,tarde,L1,ENV-500,HMI,Paro no programado,paro por atasco en la banda de salida,C. Ramírez
2026-06-07,15:58,tarde,L3,ENV-500,HMI,Ajuste de proceso,ajuste de contrapresión,M. Ocampo
2026-06-07,16:15,tarde,L2,BAN-250,HMI,Paro no programado,paro eléctrico breve,C. Ramírez
2026-06-07,16:16,tarde,L1,ENV-500,HMI,Alarma HMI,falla de sensor de posición del husillo,C. Ramírez
2026-06-07,16:20,tarde,L2,BAN-250,HMI,Ajuste de proceso,se corrigió el perfil de temperaturas,M. Ocampo
2026-06-07,17:39,tarde,L1,ENV-500,HMI,Mantenimiento correctivo,cambio de resistencia de la zona 2,M. Ocampo
2026-06-07,18:58,tarde,L3,ENV-500,Bitácora,Mantenimiento correctivo,cambio de resistencia de la zona 2,J. Peláez
2026-06-07,19:22,tarde,L3,ENV-500,Bitácora,Alarma HMI,alarma de dosificador,M. Ocampo
2026-06-07,20:35,tarde,L3,ENV-500,Bitácora,Arranque de turno,"el molde arrancó por debajo de temperatura, primeras piezas con rebaba",D. Valencia
2026-06-07,21:09,tarde,L1,ENV-500,HMI,Paro no programado,paro eléctrico breve,D. Valencia
2026-06-07,21:33,tarde,L2,BAN-250,Bitácora,Alarma HMI,alarma de dosificador,M. Ocampo
2026-06-07,21:38,tarde,L2,BAN-250,Bitácora,Mantenimiento correctivo,cambio de resistencia de la zona 2,D. Valencia
2026-06-07,22:45,noche,L3,ENV-500,HMI,Alarma HMI,alarma de dosificador,J. Peláez
2026-06-08,00:08,noche,L2,BAN-250,Bitácora,Arranque de turno,"el molde arrancó por debajo de temperatura, primeras piezas con rebaba",J. Peláez
2026-06-08,01:07,noche,L3,GAL-3800,Bitácora,Inspección de calidad,revisión dimensional de rutina,L. Betancur
2026-06-08,02:26,noche,L2,BAN-250,HMI,Arranque de turno,arranque con precalentamiento del molde,A. Quintero
2026-06-08,02:28,noche,L3,GAL-3800,HMI,Inspección de calidad,revisión dimensional de rutina,A. Quintero
2026-06-08,06:34,mañana,L3,GAL-3800,Bitácora,Arranque de turno,arranque con precalentamiento del molde,M. Ocampo
2026-06-08,07:56,mañana,L2,BAN-250,Bitácora,Inspección de calidad,revisión dimensional de rutina,D. Valencia
2026-06-08,08:01,mañana,L3,GAL-3800,HMI,Mantenimiento correctivo,cambio de resistencia de la zona 2,L. Betancur
2026-06-08,09:43,mañana,L1,ENV-500,HMI,Alarma HMI,presión de inyección fuera de banda,J. Peláez
2026-06-08,10:26,mañana,L1,ENV-500,Bitácora,Mantenimiento correctivo,ajuste de cierre del molde,A. Quintero
2026-06-08,11:11,mañana,L2,BAN-250,HMI,Mantenimiento correctivo,cambio de resistencia de la zona 2,M. Ocampo
2026-06-08,11:47,mañana,L2,BAN-250,HMI,Paro no programado,paro por falta de resina en tolva,C. Ramírez
2026-06-08,12:33,mañana,L2,BAN-250,Bitácora,Alarma HMI,falla de sensor de posición del husillo,L. Betancur
2026-06-08,12:46,mañana,L3,GAL-3800,HMI,Alarma HMI,presión de inyección fuera de banda,A. Quintero
2026-06-08,12:56,mañana,L1,ENV-500,Bitácora,Inspección de calidad,muestreo de peso conforme al plan,L. Betancur
2026-06-08,13:13,mañana,L2,BAN-250,HMI,Paro no programado,paro eléctrico breve,A. Quintero
2026-06-08,13:24,mañana,L3,GAL-3800,HMI,Inspección de calidad,revisión dimensional de rutina,M. Ocampo
2026-06-08,14:34,tarde,L3,GAL-3800,Bitácora,Paro no programado,paro por falta de resina en tolva,D. Valencia
2026-06-08,16:14,tarde,L3,GAL-3800,HMI,Arranque de turno,arranque normal del equipo,C. Ramírez
2026-06-08,16:20,tarde,L3,GAL-3800,HMI,Alarma HMI,alarma de dosificador,L. Betancur
2026-06-08,19:59,tarde,L2,BAN-250,Bitácora,Paro no programado,paro por atasco en la banda de salida,A. Quintero
2026-06-08,20:41,tarde,L2,BAN-250,HMI,Alarma HMI,falla de sensor de posición del husillo,A. Quintero
2026-06-08,20:49,tarde,L2,BAN-250,HMI,Paro no programado,paro por falta de resina en tolva,C. Ramírez
2026-06-08,21:36,tarde,L2,BAN-250,Bitácora,Mantenimiento correctivo,cambio de resistencia de la zona 2,A. Quintero
2026-06-08,22:01,noche,L3,GAL-3800,HMI,Arranque de turno,arranque normal del equipo,D. Valencia
2026-06-08,23:42,noche,L2,BAN-250,HMI,Ajuste de proceso,se bajó el tiempo de enfriamiento,J. Peláez
2026-06-08,23:57,noche,L2,BAN-250,HMI,Ajuste de proceso,se corrigió el perfil de temperaturas,D. Valencia
2026-06-09,00:01,noche,L2,BAN-250,HMI,Mantenimiento correctivo,ajuste de cierre del molde,L. Betancur
2026-06-09,02:26,noche,L2,BAN-250,HMI,Arranque de turno,arranque con precalentamiento del molde,J. Peláez
2026-06-09,04:06,noche,L2,BAN-250,HMI,Mantenimiento correctivo,ajuste de cierre del molde,C. Ramírez
2026-06-09,04:46,noche,L2,BAN-250,HMI,Ajuste de proceso,se bajó el tiempo de enfriamiento,A. Quintero
2026-06-09,05:38,noche,L3,GAL-3800,Bitácora,Inspección de calidad,revisión dimensional de rutina,A. Quintero
2026-06-09,08:29,mañana,L3,GAL-3800,Bitácora,Paro no programado,paro eléctrico breve,A. Quintero
2026-06-09,13:47,mañana,L3,GAL-3800,Bitácora,Alarma HMI,alarma de dosificador,J. Peláez
2026-06-09,16:45,tarde,L2,BAN-250,HMI,Alarma HMI,alarma de temperatura de zona 3,C. Ramírez
2026-06-09,18:39,tarde,L2,BAN-250,HMI,Paro no programado,paro por atasco en la banda de salida,A. Quintero
2026-06-09,19:21,tarde,L3,GAL-3800,Bitácora,Inspección de calidad,muestreo de peso conforme al plan,D. Valencia
2026-06-09,20:41,tarde,L2,BAN-250,Bitácora,Inspección de calidad,revisión dimensional de rutina,C. Ramírez
2026-06-09,21:48,tarde,L3,GAL-3800,HMI,Ajuste de proceso,ajuste de contrapresión,D. Valencia
2026-06-09,21:54,tarde,L2,BAN-250,Bitácora,Arranque de turno,arranque normal del equipo,L. Betancur
2026-06-09,23:35,noche,L3,GAL-3800,HMI,Alarma HMI,presión de inyección fuera de banda,J. Peláez
2026-06-09,23:54,noche,L2,BAN-250,HMI,Mantenimiento correctivo,ajuste de cierre del molde,D. Valencia
2026-06-10,00:32,noche,L2,TAP-38,HMI,Inspección de calidad,muestreo de peso conforme al plan,L. Betancur
2026-06-10,00:57,noche,L1,ENV-500,Bitácora,Inspección de calidad,muestreo de peso conforme al plan,C. Ramírez
2026-06-10,01:05,noche,L2,TAP-38,HMI,Mantenimiento correctivo,cambio de resistencia de la zona 2,L. Betancur
2026-06-10,01:39,noche,L1,ENV-500,Bitácora,Alarma HMI,alarma de temperatura de zona 3,L. Betancur
2026-06-10,04:15,noche,L1,ENV-500,Bitácora,Inspección de calidad,muestreo de peso conforme al plan,L. Betancur
2026-06-10,05:02,noche,L2,TAP-38,HMI,Arranque de turno,arranque normal del equipo,D. Valencia
2026-06-10,05:54,noche,L2,TAP-38,HMI,Paro no programado,paro por falta de resina en tolva,L. Betancur
2026-06-10,06:10,mañana,L3,GAL-3800,HMI,Inspección de calidad,revisión dimensional de rutina,L. Betancur
2026-06-10,07:22,mañana,L1,ENV-500,Bitácora,Arranque de turno,"el molde arrancó por debajo de temperatura, primeras piezas con rebaba",A. Quintero
2026-06-10,08:03,mañana,L3,GAL-3800,Bitácora,Inspección de calidad,revisión dimensional de rutina,C. Ramírez
2026-06-10,10:04,mañana,L3,GAL-3800,Bitácora,Ajuste de proceso,se bajó el tiempo de enfriamiento,J. Peláez
2026-06-10,13:01,mañana,L1,ENV-500,HMI,Mantenimiento correctivo,cambio de resistencia de la zona 2,D. Valencia
2026-06-10,13:19,mañana,L3,GAL-3800,HMI,Arranque de turno,"el molde arrancó por debajo de temperatura, primeras piezas con rebaba",M. Ocampo
2026-06-10,13:34,mañana,L3,GAL-3800,HMI,Alarma HMI,presión de inyección fuera de banda,C. Ramírez
2026-06-10,15:07,tarde,L1,ENV-500,Bitácora,Alarma HMI,presión de inyección fuera de banda,J. Peláez
2026-06-10,15:31,tarde,L1,ENV-500,Bitácora,Arranque de turno,arranque normal del equipo,L. Betancur
2026-06-10,15:52,tarde,L1,ENV-500,Bitácora,Arranque de turno,"el molde arrancó por debajo de temperatura, primeras piezas con rebaba",M. Ocampo
2026-06-10,22:56,noche,L2,TAP-38,HMI,Paro no programado,paro eléctrico breve,C. Ramírez
2026-06-11,00:24,noche,L3,GAL-3800,Bitácora,Paro no programado,paro eléctrico breve,M. Ocampo
2026-06-11,00:45,noche,L3,GAL-3800,HMI,Paro no programado,paro por atasco en la banda de salida,C. Ramírez
2026-06-11,03:15,noche,L2,TAP-38,HMI,Paro no programado,paro por falta de resina en tolva,L. Betancur
2026-06-11,04:22,noche,L3,GAL-3800,HMI,Paro no programado,paro por atasco en la banda de salida,A. Quintero
2026-06-11,04:37,noche,L3,GAL-3800,HMI,Paro no programado,paro por atasco en la banda de salida,M. Ocampo
2026-06-11,06:08,mañana,L1,ENV-500,HMI,Ajuste de proceso,se corrigió el perfil de temperaturas,J. Peláez
2026-06-11,08:52,mañana,L1,ENV-500,Bitácora,Ajuste de proceso,se corrigió el perfil de temperaturas,D. Valencia
2026-06-11,09:13,mañana,L3,GAL-3800,Bitácora,Mantenimiento correctivo,ajuste de cierre del molde,J. Peláez
2026-06-11,09:37,mañana,L3,GAL-3800,HMI,Mantenimiento correctivo,cambio de resistencia de la zona 2,A. Quintero
2026-06-11,09:40,mañana,L3,GAL-3800,Bitácora,Mantenimiento correctivo,cambio de resistencia de la zona 2,C. Ramírez
2026-06-11,10:06,mañana,L3,GAL-3800,HMI,Mantenimiento correctivo,cambio de resistencia de la zona 2,A. Quintero
2026-06-11,10:16,mañana,L1,ENV-500,Bitácora,Arranque de turno,arranque normal del equipo,D. Valencia
2026-06-11,11:02,mañana,L2,TAP-38,Bitácora,Alarma HMI,alarma de dosificador,C. Ramírez
2026-06-11,11:44,mañana,L3,GAL-3800,HMI,Arranque de turno,arranque normal del equipo,M. Ocampo
2026-06-11,12:53,mañana,L2,TAP-38,HMI,Paro no programado,paro eléctrico breve,J. Peláez
2026-06-11,13:41,mañana,L1,ENV-500,HMI,Mantenimiento correctivo,ajuste de cierre del molde,D. Valencia
2026-06-11,15:24,tarde,L2,TAP-38,HMI,Mantenimiento correctivo,ajuste de cierre del molde,M. Ocampo
2026-06-11,18:38,tarde,L1,ENV-500,HMI,Paro no programado,paro por atasco en la banda de salida,D. Valencia
2026-06-11,19:14,tarde,L2,TAP-38,HMI,Arranque de turno,arranque con precalentamiento del molde,A. Quintero
2026-06-11,19:49,tarde,L2,TAP-38,HMI,Paro no programado,paro eléctrico breve,L. Betancur
2026-06-11,20:53,tarde,L1,ENV-500,HMI,Mantenimiento correctivo,ajuste de cierre del molde,A. Quintero
2026-06-11,21:34,tarde,L1,ENV-500,HMI,Ajuste de proceso,ajuste de contrapresión,C. Ramírez
2026-06-11,23:06,noche,L2,TAP-38,HMI,Arranque de turno,arranque con precalentamiento del molde,C. Ramírez
2026-06-12,01:33,noche,L2,TAP-38,HMI,Arranque de turno,arranque normal del equipo,C. Ramírez
2026-06-12,01:58,noche,L2,TAP-38,HMI,Paro no programado,paro por atasco en la banda de salida,A. Quintero
2026-06-12,03:35,noche,L2,TAP-38,HMI,Alarma HMI,alarma de dosificador,J. Peláez
2026-06-12,03:39,noche,L2,TAP-38,HMI,Paro no programado,paro por falta de resina en tolva,M. Ocampo
2026-06-12,06:30,mañana,L2,TAP-38,HMI,Paro no programado,paro por atasco en la banda de salida,M. Ocampo
2026-06-12,06:36,mañana,L1,ENV-500,HMI,Ajuste de proceso,ajuste de contrapresión,C. Ramírez
2026-06-12,09:06,mañana,L1,ENV-500,HMI,Mantenimiento correctivo,cambio de resistencia de la zona 2,L. Betancur
2026-06-12,09:41,mañana,L2,TAP-38,Bitácora,Paro no programado,paro eléctrico breve,M. Ocampo
2026-06-12,10:51,mañana,L1,ENV-500,HMI,Arranque de turno,arranque con precalentamiento del molde,L. Betancur
2026-06-12,13:08,mañana,L1,ENV-500,Bitácora,Alarma HMI,alarma de dosificador,C. Ramírez
2026-06-12,13:53,mañana,L2,TAP-38,HMI,Alarma HMI,alarma de temperatura de zona 3,C. Ramírez
2026-06-12,14:25,tarde,L2,TAP-38,HMI,Ajuste de proceso,se bajó el tiempo de enfriamiento,D. Valencia
2026-06-12,16:48,tarde,L1,ENV-500,HMI,Ajuste de proceso,se bajó el tiempo de enfriamiento,D. Valencia
2026-06-12,18:20,tarde,L2,TAP-38,Bitácora,Ajuste de proceso,ajuste de contrapresión,D. Valencia
2026-06-12,18:40,tarde,L1,ENV-500,Bitácora,Alarma HMI,alarma de dosificador,C. Ramírez
2026-06-12,19:04,tarde,L1,ENV-500,Bitácora,Alarma HMI,presión de inyección fuera de banda,J. Peláez
2026-06-12,21:06,tarde,L2,TAP-38,HMI,Arranque de turno,arranque normal del equipo,L. Betancur
2026-06-12,21:09,tarde,L2,TAP-38,Bitácora,Inspección de calidad,muestreo de peso conforme al plan,C. Ramírez
2026-06-13,00:56,noche,L1,ENV-1000,Bitácora,Paro no programado,paro por falta de resina en tolva,C. Ramírez
2026-06-13,01:17,noche,L3,GAL-3800,HMI,Paro no programado,paro por atasco en la banda de salida,M. Ocampo
2026-06-13,01:41,noche,L2,TAP-38,Bitácora,Mantenimiento correctivo,ajuste de cierre del molde,C. Ramírez
2026-06-13,01:46,noche,L2,TAP-38,HMI,Arranque de turno,arranque con precalentamiento del molde,D. Valencia
2026-06-13,02:04,noche,L1,ENV-1000,HMI,Arranque de turno,arranque con precalentamiento del molde,D. Valencia
2026-06-13,02:11,noche,L3,GAL-3800,Bitácora,Arranque de turno,arranque con precalentamiento del molde,C. Ramírez
2026-06-13,02:29,noche,L1,ENV-1000,HMI,Paro no programado,paro por atasco en la banda de salida,L. Betancur
2026-06-13,03:03,noche,L2,TAP-38,Bitácora,Inspección de calidad,revisión dimensional de rutina,J. Peláez
2026-06-13,03:11,noche,L1,ENV-1000,HMI,Ajuste de proceso,ajuste de contrapresión,M. Ocampo
2026-06-13,06:08,mañana,L2,TAP-38,Bitácora,Arranque de turno,arranque con precalentamiento del molde,J. Peláez
2026-06-13,08:07,mañana,L3,GAL-3800,Bitácora,Ajuste de proceso,se corrigió el perfil de temperaturas,L. Betancur
2026-06-13,08:52,mañana,L1,ENV-1000,HMI,Paro no programado,paro eléctrico breve,J. Peláez
2026-06-13,10:39,mañana,L2,TAP-38,HMI,Arranque de turno,arranque con precalentamiento del molde,A. Quintero
2026-06-13,10:44,mañana,L1,ENV-1000,HMI,Arranque de turno,arranque normal del equipo,C. Ramírez
2026-06-13,11:40,mañana,L1,ENV-1000,HMI,Mantenimiento correctivo,ajuste de cierre del molde,C. Ramírez
2026-06-13,11:55,mañana,L3,GAL-3800,HMI,Inspección de calidad,revisión dimensional de rutina,L. Betancur
2026-06-13,13:45,mañana,L1,ENV-1000,Bitácora,Alarma HMI,alarma de dosificador,A. Quintero
2026-06-13,13:58,mañana,L1,ENV-1000,HMI,Mantenimiento correctivo,cambio de resistencia de la zona 2,J. Peláez
2026-06-13,15:21,tarde,L2,TAP-38,HMI,Inspección de calidad,muestreo de peso conforme al plan,C. Ramírez
2026-06-13,15:53,tarde,L3,GAL-3800,Bitácora,Inspección de calidad,revisión dimensional de rutina,C. Ramírez
2026-06-13,16:34,tarde,L2,TAP-38,HMI,Ajuste de proceso,ajuste de contrapresión,M. Ocampo
2026-06-13,17:43,tarde,L3,GAL-3800,HMI,Mantenimiento correctivo,cambio de resistencia de la zona 2,D. Valencia
2026-06-13,18:09,tarde,L2,TAP-38,HMI,Paro no programado,paro eléctrico breve,L. Betancur
2026-06-13,18:09,tarde,L3,GAL-3800,HMI,Inspección de calidad,revisión dimensional de rutina,L. Betancur
2026-06-13,18:14,tarde,L2,TAP-38,HMI,Inspección de calidad,muestreo de peso conforme al plan,C. Ramírez
2026-06-13,18:47,tarde,L3,GAL-3800,HMI,Alarma HMI,presión de inyección fuera de banda,J. Peláez
2026-06-13,19:37,tarde,L2,TAP-38,HMI,Ajuste de proceso,se bajó el tiempo de enfriamiento,D. Valencia
2026-06-13,21:24,tarde,L3,GAL-3800,Bitácora,Inspección de calidad,revisión dimensional de rutina,C. Ramírez
2026-06-13,22:20,noche,L2,TAP-38,HMI,Alarma HMI,alarma de temperatura de zona 3,C. Ramírez
2026-06-13,23:33,noche,L1,ENV-1000,HMI,Arranque de turno,arranque normal del equipo,D. Valencia
2026-06-14,02:37,noche,L2,TAP-38,HMI,Paro no programado,paro por atasco en la banda de salida,J. Peláez
2026-06-14,03:50,noche,L2,TAP-38,HMI,Mantenimiento correctivo,cambio de resistencia de la zona 2,D. Valencia
2026-06-14,08:04,mañana,L2,TAP-38,HMI,Inspección de calidad,muestreo de peso conforme al plan,C. Ramírez
2026-06-14,08:09,mañana,L1,ENV-1000,Bitácora,Paro no programado,paro eléctrico breve,C. Ramírez
2026-06-14,10:27,mañana,L1,ENV-1000,Bitácora,Mantenimiento correctivo,cambio de resistencia de la zona 2,D. Valencia
2026-06-14,10:48,mañana,L2,TAP-38,HMI,Alarma HMI,presión de inyección fuera de banda,D. Valencia
2026-06-14,10:52,mañana,L2,TAP-38,Bitácora,Alarma HMI,alarma de temperatura de zona 3,J. Peláez
2026-06-14,13:27,mañana,L3,ENV-500,Bitácora,Paro no programado,paro eléctrico breve,L. Betancur
2026-06-14,13:42,mañana,L3,ENV-500,Bitácora,Mantenimiento correctivo,cambio de resistencia de la zona 2,A. Quintero
2026-06-14,17:38,tarde,L1,ENV-1000,HMI,Mantenimiento correctivo,cambio de resistencia de la zona 2,J. Peláez
2026-06-14,19:00,tarde,L1,ENV-1000,HMI,Arranque de turno,arranque con precalentamiento del molde,M. Ocampo
2026-06-14,19:38,tarde,L1,ENV-1000,HMI,Paro no programado,paro por falta de resina en tolva,L. Betancur
2026-06-14,21:59,tarde,L1,ENV-1000,HMI,Mantenimiento correctivo,ajuste de cierre del molde,J. Peláez
2026-06-14,23:03,noche,L2,TAP-38,HMI,Inspección de calidad,revisión dimensional de rutina,M. Ocampo
2026-06-15,00:10,noche,L1,ENV-1000,Bitácora,Arranque de turno,arranque con precalentamiento del molde,D. Valencia
2026-06-15,00:17,noche,L1,ENV-1000,HMI,Mantenimiento correctivo,cambio de resistencia de la zona 2,D. Valencia
2026-06-15,00:50,noche,L3,ENV-500,HMI,Inspección de calidad,revisión dimensional de rutina,C. Ramírez
2026-06-15,01:55,noche,L3,ENV-500,HMI,Inspección de calidad,revisión dimensional de rutina,A. Quintero
2026-06-15,02:59,noche,L1,ENV-1000,HMI,Arranque de turno,"el molde arrancó por debajo de temperatura, primeras piezas con rebaba",J. Peláez
2026-06-15,03:17,noche,L1,ENV-1000,Bitácora,Inspección de calidad,muestreo de peso conforme al plan,A. Quintero
2026-06-15,03:45,noche,L3,ENV-500,Bitácora,Inspección de calidad,revisión dimensional de rutina,J. Peláez
2026-06-15,04:17,noche,L3,ENV-500,HMI,Ajuste de proceso,se corrigió el perfil de temperaturas,C. Ramírez
2026-06-15,04:41,noche,L1,ENV-1000,Bitácora,Alarma HMI,alarma de dosificador,M. Ocampo
2026-06-15,04:52,noche,L3,ENV-500,HMI,Ajuste de proceso,ajuste de contrapresión,C. Ramírez
2026-06-15,09:08,mañana,L2,TAP-38,HMI,Paro no programado,paro por falta de resina en tolva,C. Ramírez
2026-06-15,09:45,mañana,L1,ENV-1000,Bitácora,Arranque de turno,"el molde arrancó por debajo de temperatura, primeras piezas con rebaba",D. Valencia
2026-06-15,11:13,mañana,L1,ENV-1000,HMI,Alarma HMI,presión de inyección fuera de banda,J. Peláez
2026-06-15,11:16,mañana,L1,ENV-1000,Bitácora,Ajuste de proceso,se bajó el tiempo de enfriamiento,L. Betancur
2026-06-15,11:21,mañana,L2,TAP-38,HMI,Paro no programado,paro por falta de resina en tolva,J. Peláez
2026-06-15,11:35,mañana,L2,TAP-38,HMI,Paro no programado,paro eléctrico breve,C. Ramírez
2026-06-15,12:19,mañana,L1,ENV-1000,Bitácora,Ajuste de proceso,ajuste de contrapresión,C. Ramírez
2026-06-15,12:24,mañana,L1,ENV-1000,Bitácora,Inspección de calidad,revisión dimensional de rutina,L. Betancur
2026-06-15,13:52,mañana,L2,TAP-38,HMI,Mantenimiento correctivo,cambio de resistencia de la zona 2,M. Ocampo
2026-06-15,15:17,tarde,L1,ENV-1000,HMI,Ajuste de proceso,se corrigió el perfil de temperaturas,C. Ramírez
2026-06-15,17:42,tarde,L1,ENV-1000,HMI,Ajuste de proceso,se corrigió el perfil de temperaturas,A. Quintero
2026-06-15,18:42,tarde,L2,TAP-38,HMI,Inspección de calidad,revisión dimensional de rutina,A. Quintero
2026-06-15,19:04,tarde,L1,ENV-1000,HMI,Mantenimiento correctivo,cambio de resistencia de la zona 2,C. Ramírez
2026-06-15,20:56,tarde,L2,TAP-38,HMI,Ajuste de proceso,se corrigió el perfil de temperaturas,J. Peláez
2026-06-15,21:08,tarde,L2,TAP-38,Bitácora,Inspección de calidad,revisión dimensional de rutina,A. Quintero
2026-06-16,01:06,noche,L3,ENV-500,HMI,Arranque de turno,arranque con precalentamiento del molde,D. Valencia
2026-06-16,02:18,noche,L3,ENV-500,HMI,Ajuste de proceso,ajuste de contrapresión,D. Valencia
2026-06-16,03:56,noche,L3,ENV-500,HMI,Paro no programado,paro por falta de resina en tolva,M. Ocampo
2026-06-16,04:08,noche,L1,ENV-1000,HMI,Inspección de calidad,revisión dimensional de rutina,M. Ocampo
2026-06-16,08:12,mañana,L1,ENV-1000,HMI,Inspección de calidad,revisión dimensional de rutina,L. Betancur
2026-06-16,08:35,mañana,L2,TAP-38,Bitácora,Arranque de turno,arranque normal del equipo,A. Quintero
2026-06-16,09:03,mañana,L1,ENV-1000,HMI,Mantenimiento correctivo,cambio de resistencia de la zona 2,D. Valencia
2026-06-16,10:32,mañana,L2,TAP-38,HMI,Paro no programado,paro por falta de resina en tolva,J. Peláez
2026-06-16,11:00,mañana,L1,ENV-1000,Bitácora,Arranque de turno,"el molde arrancó por debajo de temperatura, primeras piezas con rebaba",J. Peláez
2026-06-16,12:10,mañana,L3,ENV-500,HMI,Ajuste de proceso,se corrigió el perfil de temperaturas,L. Betancur
2026-06-16,12:28,mañana,L3,ENV-500,Bitácora,Paro no programado,paro por falta de resina en tolva,A. Quintero
2026-06-16,13:09,mañana,L2,TAP-38,HMI,Alarma HMI,alarma de dosificador,J. Peláez
2026-06-16,15:06,tarde,L3,ENV-500,HMI,Alarma HMI,alarma de temperatura de zona 3,J. Peláez
2026-06-16,20:00,tarde,L3,ENV-500,Bitácora,Arranque de turno,arranque normal del equipo,J. Peláez
2026-06-16,20:32,tarde,L3,ENV-500,HMI,Paro no programado,paro por atasco en la banda de salida,J. Peláez
2026-06-16,21:17,tarde,L3,ENV-500,Bitácora,Paro no programado,paro por falta de resina en tolva,C. Ramírez
2026-06-16,23:34,noche,L3,ENV-500,HMI,Paro no programado,paro por atasco en la banda de salida,D. Valencia
2026-06-16,23:58,noche,L1,ENV-1000,Bitácora,Arranque de turno,"el molde arrancó por debajo de temperatura, primeras piezas con rebaba",J. Peláez
2026-06-17,00:08,noche,L2,BAN-250,HMI,Ajuste de proceso,se corrigió el perfil de temperaturas,D. Valencia
2026-06-17,00:15,noche,L1,ENV-500,HMI,Mantenimiento correctivo,cambio de resistencia de la zona 2,A. Quintero
2026-06-17,00:25,noche,L2,BAN-250,HMI,Ajuste de proceso,se corrigió el perfil de temperaturas,L. Betancur
2026-06-17,00:59,noche,L1,ENV-500,Bitácora,Alarma HMI,presión de inyección fuera de banda,A. Quintero
2026-06-17,01:35,noche,L3,ENV-500,Bitácora,Ajuste de proceso,ajuste de contrapresión,L. Betancur
2026-06-17,02:28,noche,L2,BAN-250,HMI,Mantenimiento correctivo,ajuste de cierre del molde,A. Quintero
2026-06-17,02:45,noche,L3,ENV-500,HMI,Paro no programado,paro por falta de resina en tolva,M. Ocampo
2026-06-17,03:22,noche,L3,ENV-500,HMI,Paro no programado,paro por falta de resina en tolva,M. Ocampo
2026-06-17,03:44,noche,L1,ENV-500,HMI,Arranque de turno,"el molde arrancó por debajo de temperatura, primeras piezas con rebaba",M. Ocampo
2026-06-17,04:55,noche,L2,BAN-250,HMI,Paro no programado,paro eléctrico breve,C. Ramírez
2026-06-17,06:50,mañana,L1,ENV-500,HMI,Ajuste de proceso,se bajó el tiempo de enfriamiento,J. Peláez
2026-06-17,07:47,mañana,L1,ENV-500,HMI,Inspección de calidad,muestreo de peso conforme al plan,M. Ocampo
2026-06-17,10:06,mañana,L1,ENV-500,Bitácora,Mantenimiento correctivo,ajuste de cierre del molde,L. Betancur
2026-06-17,10:17,mañana,L1,ENV-500,HMI,Mantenimiento correctivo,ajuste de cierre del molde,D. Valencia
2026-06-17,10:22,mañana,L2,BAN-250,HMI,Paro no programado,paro por falta de resina en tolva,D. Valencia
2026-06-17,13:10,mañana,L2,BAN-250,Bitácora,Ajuste de proceso,se bajó el tiempo de enfriamiento,J. Peláez
2026-06-17,15:09,tarde,L2,BAN-250,HMI,Ajuste de proceso,ajuste de contrapresión,J. Peláez
2026-06-17,17:36,tarde,L2,BAN-250,HMI,Ajuste de proceso,se corrigió el perfil de temperaturas,L. Betancur
2026-06-17,20:07,tarde,L2,BAN-250,HMI,Inspección de calidad,revisión dimensional de rutina,J. Peláez
2026-06-17,21:40,tarde,L2,BAN-250,HMI,Alarma HMI,alarma de temperatura de zona 3,C. Ramírez
2026-06-17,21:58,tarde,L2,BAN-250,Bitácora,Mantenimiento correctivo,ajuste de cierre del molde,L. Betancur
2026-06-17,23:01,noche,L2,BAN-250,HMI,Paro no programado,paro por atasco en la banda de salida,J. Peláez
2026-06-18,01:32,noche,L3,ENV-500,Bitácora,Alarma HMI,alarma de temperatura de zona 3,M. Ocampo
2026-06-18,02:15,noche,L2,BAN-250,HMI,Inspección de calidad,muestreo de peso conforme al plan,D. Valencia
2026-06-18,05:21,noche,L2,BAN-250,Bitácora,Inspección de calidad,revisión dimensional de rutina,D. Valencia
2026-06-18,06:22,mañana,L2,BAN-250,HMI,Ajuste de proceso,se corrigió el perfil de temperaturas,C. Ramírez
2026-06-18,06:41,mañana,L3,ENV-500,HMI,Arranque de turno,"el molde arrancó por debajo de temperatura, primeras piezas con rebaba",L. Betancur
2026-06-18,07:09,mañana,L1,ENV-500,HMI,Alarma HMI,falla de sensor de posición del husillo,L. Betancur
2026-06-18,10:39,mañana,L1,ENV-500,Bitácora,Inspección de calidad,revisión dimensional de rutina,M. Ocampo
2026-06-18,11:18,mañana,L1,ENV-500,Bitácora,Alarma HMI,falla de sensor de posición del husillo,L. Betancur
2026-06-18,11:39,mañana,L2,BAN-250,Bitácora,Paro no programado,paro eléctrico breve,L. Betancur
2026-06-18,12:53,mañana,L1,ENV-500,HMI,Mantenimiento correctivo,cambio de resistencia de la zona 2,C. Ramírez
2026-06-18,12:57,mañana,L1,ENV-500,Bitácora,Inspección de calidad,muestreo de peso conforme al plan,C. Ramírez
2026-06-18,13:44,mañana,L3,ENV-500,HMI,Arranque de turno,arranque con precalentamiento del molde,A. Quintero
2026-06-18,14:07,tarde,L1,ENV-500,Bitácora,Mantenimiento correctivo,ajuste de cierre del molde,M. Ocampo
2026-06-18,15:39,tarde,L1,ENV-500,HMI,Paro no programado,paro por atasco en la banda de salida,A. Quintero
2026-06-18,15:59,tarde,L2,BAN-250,Bitácora,Ajuste de proceso,se bajó el tiempo de enfriamiento,L. Betancur
2026-06-18,16:27,tarde,L2,BAN-250,HMI,Inspección de calidad,revisión dimensional de rutina,A. Quintero
2026-06-18,17:01,tarde,L1,ENV-500,Bitácora,Paro no programado,paro eléctrico breve,C. Ramírez
2026-06-18,17:54,tarde,L2,BAN-250,Bitácora,Alarma HMI,falla de sensor de posición del husillo,J. Peláez
2026-06-18,19:03,tarde,L2,BAN-250,HMI,Ajuste de proceso,se corrigió el perfil de temperaturas,D. Valencia
2026-06-18,20:40,tarde,L1,ENV-500,HMI,Mantenimiento correctivo,ajuste de cierre del molde,M. Ocampo
2026-06-18,21:25,tarde,L2,BAN-250,HMI,Paro no programado,paro por falta de resina en tolva,M. Ocampo
2026-06-18,22:11,noche,L3,ENV-500,HMI,Alarma HMI,falla de sensor de posición del husillo,C. Ramírez
2026-06-18,23:03,noche,L2,BAN-250,Bitácora,Ajuste de proceso,ajuste de contrapresión,M. Ocampo
2026-06-19,00:51,noche,L2,BAN-250,HMI,Ajuste de proceso,se bajó el tiempo de enfriamiento,M. Ocampo
2026-06-19,01:21,noche,L1,ENV-500,HMI,Mantenimiento correctivo,cambio de resistencia de la zona 2,D. Valencia
2026-06-19,01:22,noche,L2,BAN-250,Bitácora,Mantenimiento correctivo,ajuste de cierre del molde,L. Betancur
2026-06-19,04:06,noche,L1,ENV-500,Bitácora,Inspección de calidad,revisión dimensional de rutina,M. Ocampo
2026-06-19,09:49,mañana,L2,BAN-250,HMI,Alarma HMI,falla de sensor de posición del husillo,C. Ramírez
2026-06-19,09:59,mañana,L2,BAN-250,Bitácora,Arranque de turno,"el molde arrancó por debajo de temperatura, primeras piezas con rebaba",L. Betancur
2026-06-19,13:46,mañana,L2,BAN-250,Bitácora,Arranque de turno,arranque con precalentamiento del molde,J. Peláez
2026-06-19,15:31,tarde,L3,ENV-500,Bitácora,Arranque de turno,arranque con precalentamiento del molde,M. Ocampo
2026-06-19,15:49,tarde,L2,BAN-250,HMI,Arranque de turno,arranque con precalentamiento del molde,C. Ramírez
2026-06-19,16:00,tarde,L3,ENV-500,HMI,Alarma HMI,alarma de dosificador,A. Quintero
2026-06-19,16:55,tarde,L2,BAN-250,Bitácora,Arranque de turno,arranque con precalentamiento del molde,D. Valencia
2026-06-19,17:18,tarde,L2,BAN-250,HMI,Inspección de calidad,revisión dimensional de rutina,L. Betancur
2026-06-19,19:27,tarde,L3,ENV-500,HMI,Ajuste de proceso,ajuste de contrapresión,M. Ocampo
2026-06-19,20:02,tarde,L3,ENV-500,HMI,Mantenimiento correctivo,ajuste de cierre del molde,D. Valencia
2026-06-19,20:08,tarde,L2,BAN-250,HMI,Paro no programado,paro por falta de resina en tolva,D. Valencia
2026-06-19,20:57,tarde,L2,BAN-250,Bitácora,Inspección de calidad,muestreo de peso conforme al plan,M. Ocampo
2026-06-20,00:33,noche,L3,GAL-3800,HMI,Paro no programado,paro por atasco en la banda de salida,A. Quintero
2026-06-20,00:34,noche,L1,ENV-1000,HMI,Alarma HMI,alarma de dosificador,L. Betancur
2026-06-20,02:34,noche,L1,ENV-1000,HMI,Paro no programado,paro por atasco en la banda de salida,D. Valencia
2026-06-20,03:41,noche,L1,ENV-1000,HMI,Inspección de calidad,revisión dimensional de rutina,J. Peláez
2026-06-20,03:54,noche,L2,BAN-250,HMI,Alarma HMI,presión de inyección fuera de banda,M. Ocampo
2026-06-20,04:31,noche,L3,GAL-3800,Bitácora,Mantenimiento correctivo,cambio de resistencia de la zona 2,D. Valencia
2026-06-20,10:10,mañana,L2,BAN-250,HMI,Mantenimiento correctivo,ajuste de cierre del molde,L. Betancur
2026-06-20,12:05,mañana,L2,BAN-250,HMI,Alarma HMI,alarma de dosificador,M. Ocampo
2026-06-20,18:48,tarde,L2,BAN-250,HMI,Ajuste de proceso,se bajó el tiempo de enfriamiento,D. Valencia
2026-06-20,21:17,tarde,L2,BAN-250,Bitácora,Mantenimiento correctivo,ajuste de cierre del molde,L. Betancur
2026-06-20,21:37,tarde,L2,BAN-250,HMI,Mantenimiento correctivo,ajuste de cierre del molde,A. Quintero
2026-06-20,22:17,noche,L2,BAN-250,HMI,Arranque de turno,arranque normal del equipo,L. Betancur
2026-06-20,23:24,noche,L3,GAL-3800,HMI,Arranque de turno,arranque con precalentamiento del molde,A. Quintero
2026-06-21,00:11,noche,L1,ENV-1000,HMI,Arranque de turno,arranque con precalentamiento del molde,L. Betancur
2026-06-21,00:24,noche,L2,BAN-250,Bitácora,Ajuste de proceso,se bajó el tiempo de enfriamiento,J. Peláez
2026-06-21,00:34,noche,L3,GAL-3800,HMI,Arranque de turno,arranque normal del equipo,L. Betancur
2026-06-21,02:13,noche,L3,GAL-3800,Bitácora,Arranque de turno,arranque con precalentamiento del molde,J. Peláez
2026-06-21,04:07,noche,L3,GAL-3800,HMI,Alarma HMI,presión de inyección fuera de banda,M. Ocampo
2026-06-21,04:59,noche,L3,GAL-3800,Bitácora,Mantenimiento correctivo,ajuste de cierre del molde,M. Ocampo
2026-06-21,05:03,noche,L2,BAN-250,HMI,Alarma HMI,alarma de temperatura de zona 3,L. Betancur
2026-06-21,05:30,noche,L1,ENV-1000,HMI,Arranque de turno,arranque con precalentamiento del molde,C. Ramírez
2026-06-21,05:33,noche,L1,ENV-1000,HMI,Mantenimiento correctivo,cambio de resistencia de la zona 2,M. Ocampo
2026-06-21,06:27,mañana,L3,GAL-3800,HMI,Mantenimiento correctivo,cambio de resistencia de la zona 2,C. Ramírez
2026-06-21,07:43,mañana,L2,BAN-250,HMI,Paro no programado,paro eléctrico breve,M. Ocampo
2026-06-21,09:17,mañana,L2,BAN-250,Bitácora,Arranque de turno,"el molde arrancó por debajo de temperatura, primeras piezas con rebaba",M. Ocampo
2026-06-21,13:14,mañana,L3,GAL-3800,HMI,Alarma HMI,alarma de dosificador,L. Betancur
2026-06-21,14:06,tarde,L2,BAN-250,Bitácora,Paro no programado,paro eléctrico breve,A. Quintero
2026-06-21,16:34,tarde,L2,BAN-250,HMI,Inspección de calidad,muestreo de peso conforme al plan,D. Valencia
2026-06-21,17:31,tarde,L1,ENV-1000,HMI,Arranque de turno,arranque normal del equipo,J. Peláez
2026-06-21,18:02,tarde,L1,ENV-1000,HMI,Mantenimiento correctivo,ajuste de cierre del molde,A. Quintero
2026-06-21,18:35,tarde,L2,BAN-250,HMI,Arranque de turno,arranque con precalentamiento del molde,C. Ramírez
2026-06-21,20:21,tarde,L2,BAN-250,HMI,Inspección de calidad,revisión dimensional de rutina,A. Quintero
2026-06-21,21:15,tarde,L1,ENV-1000,Bitácora,Paro no programado,paro eléctrico breve,D. Valencia
2026-06-21,21:32,tarde,L1,ENV-1000,Bitácora,Alarma HMI,presión de inyección fuera de banda,D. Valencia
2026-06-21,22:01,noche,L1,ENV-1000,Bitácora,Paro no programado,paro por atasco en la banda de salida,C. Ramírez
2026-06-21,22:07,noche,L2,BAN-250,HMI,Paro no programado,paro eléctrico breve,D. Valencia
2026-06-21,22:38,noche,L1,ENV-1000,Bitácora,Ajuste de proceso,se corrigió el perfil de temperaturas,L. Betancur
2026-06-22,00:37,noche,L2,BAN-250,Bitácora,Ajuste de proceso,ajuste de contrapresión,A. Quintero
2026-06-22,03:04,noche,L3,GAL-3800,Bitácora,Ajuste de proceso,se bajó el tiempo de enfriamiento,J. Peláez
2026-06-22,03:14,noche,L1,ENV-1000,HMI,Inspección de calidad,muestreo de peso conforme al plan,D. Valencia
2026-06-22,03:35,noche,L1,ENV-1000,HMI,Inspección de calidad,revisión dimensional de rutina,J. Peláez
2026-06-22,04:26,noche,L3,GAL-3800,HMI,Inspección de calidad,revisión dimensional de rutina,A. Quintero
2026-06-22,05:26,noche,L2,BAN-250,Bitácora,Ajuste de proceso,se corrigió el perfil de temperaturas,D. Valencia
2026-06-22,05:36,noche,L1,ENV-1000,HMI,Ajuste de proceso,se corrigió el perfil de temperaturas,D. Valencia
2026-06-22,06:43,mañana,L2,BAN-250,HMI,Ajuste de proceso,se bajó el tiempo de enfriamiento,M. Ocampo
2026-06-22,07:52,mañana,L2,BAN-250,HMI,Ajuste de proceso,ajuste de contrapresión,J. Peláez
2026-06-22,09:10,mañana,L1,ENV-1000,HMI,Inspección de calidad,revisión dimensional de rutina,M. Ocampo
2026-06-22,09:27,mañana,L1,ENV-1000,Bitácora,Ajuste de proceso,se corrigió el perfil de temperaturas,C. Ramírez
2026-06-22,09:44,mañana,L2,BAN-250,HMI,Mantenimiento correctivo,ajuste de cierre del molde,D. Valencia
2026-06-22,11:38,mañana,L2,BAN-250,Bitácora,Arranque de turno,"el molde arrancó por debajo de temperatura, primeras piezas con rebaba",L. Betancur
2026-06-22,12:37,mañana,L3,GAL-3800,HMI,Ajuste de proceso,ajuste de contrapresión,C. Ramírez
2026-06-22,13:00,mañana,L3,GAL-3800,HMI,Ajuste de proceso,se bajó el tiempo de enfriamiento,D. Valencia
2026-06-22,13:07,mañana,L3,GAL-3800,Bitácora,Inspección de calidad,muestreo de peso conforme al plan,J. Peláez
2026-06-22,13:54,mañana,L3,GAL-3800,HMI,Alarma HMI,presión de inyección fuera de banda,J. Peláez
2026-06-22,14:38,tarde,L1,ENV-1000,Bitácora,Paro no programado,paro eléctrico breve,A. Quintero
2026-06-22,14:58,tarde,L3,GAL-3800,Bitácora,Alarma HMI,alarma de dosificador,L. Betancur
2026-06-22,15:37,tarde,L1,ENV-1000,HMI,Arranque de turno,arranque normal del equipo,C. Ramírez
2026-06-22,16:05,tarde,L1,ENV-1000,Bitácora,Inspección de calidad,muestreo de peso conforme al plan,M. Ocampo
2026-06-22,16:46,tarde,L2,BAN-250,Bitácora,Arranque de turno,arranque con precalentamiento del molde,C. Ramírez
2026-06-22,17:41,tarde,L2,BAN-250,HMI,Paro no programado,paro eléctrico breve,C. Ramírez
2026-06-22,18:49,tarde,L3,GAL-3800,HMI,Ajuste de proceso,se bajó el tiempo de enfriamiento,D. Valencia
2026-06-22,19:01,tarde,L3,GAL-3800,HMI,Mantenimiento correctivo,ajuste de cierre del molde,J. Peláez
2026-06-22,19:36,tarde,L2,BAN-250,Bitácora,Ajuste de proceso,se corrigió el perfil de temperaturas,M. Ocampo
2026-06-22,20:21,tarde,L2,BAN-250,Bitácora,Ajuste de proceso,se corrigió el perfil de temperaturas,J. Peláez
2026-06-22,20:41,tarde,L2,BAN-250,Bitácora,Paro no programado,paro por falta de resina en tolva,M. Ocampo
2026-06-22,21:19,tarde,L3,GAL-3800,HMI,Arranque de turno,"el molde arrancó por debajo de temperatura, primeras piezas con rebaba",L. Betancur
2026-06-22,21:24,tarde,L3,GAL-3800,HMI,Alarma HMI,presión de inyección fuera de banda,C. Ramírez
2026-06-22,21:40,tarde,L1,ENV-1000,Bitácora,Ajuste de proceso,se corrigió el perfil de temperaturas,J. Peláez
2026-06-22,22:34,noche,L1,ENV-1000,HMI,Ajuste de proceso,se bajó el tiempo de enfriamiento,L. Betancur
2026-06-22,22:46,noche,L2,BAN-250,Bitácora,Inspección de calidad,muestreo de peso conforme al plan,D. Valencia
2026-06-23,04:13,noche,L2,BAN-250,HMI,Inspección de calidad,muestreo de peso conforme al plan,A. Quintero
2026-06-23,06:27,mañana,L3,GAL-3800,Bitácora,Inspección de calidad,muestreo de peso conforme al plan,J. Peláez
2026-06-23,06:38,mañana,L3,GAL-3800,Bitácora,Alarma HMI,presión de inyección fuera de banda,A. Quintero
2026-06-23,08:45,mañana,L2,BAN-250,HMI,Arranque de turno,arranque normal del equipo,L. Betancur
2026-06-23,08:46,mañana,L2,BAN-250,HMI,Ajuste de proceso,se corrigió el perfil de temperaturas,A. Quintero
2026-06-23,08:56,mañana,L2,BAN-250,HMI,Ajuste de proceso,ajuste de contrapresión,J. Peláez
2026-06-23,09:04,mañana,L1,ENV-500,Bitácora,Alarma HMI,falla de sensor de posición del husillo,L. Betancur
2026-06-23,09:37,mañana,L3,GAL-3800,HMI,Mantenimiento correctivo,cambio de resistencia de la zona 2,C. Ramírez
2026-06-23,10:02,mañana,L3,GAL-3800,Bitácora,Inspección de calidad,revisión dimensional de rutina,J. Peláez
2026-06-23,12:38,mañana,L2,BAN-250,Bitácora,Mantenimiento correctivo,ajuste de cierre del molde,C. Ramírez
2026-06-23,13:04,mañana,L3,GAL-3800,HMI,Alarma HMI,alarma de dosificador,M. Ocampo
2026-06-23,13:15,mañana,L1,ENV-500,HMI,Arranque de turno,arranque normal del equipo,A. Quintero
2026-06-23,13:26,mañana,L2,BAN-250,HMI,Inspección de calidad,muestreo de peso conforme al plan,M. Ocampo
2026-06-23,14:14,tarde,L2,BAN-250,HMI,Alarma HMI,presión de inyección fuera de banda,L. Betancur
2026-06-23,14:36,tarde,L3,GAL-3800,Bitácora,Arranque de turno,arranque normal del equipo,C. Ramírez
2026-06-23,15:16,tarde,L3,GAL-3800,HMI,Inspección de calidad,revisión dimensional de rutina,J. Peláez
2026-06-23,16:05,tarde,L1,ENV-500,HMI,Ajuste de proceso,se bajó el tiempo de enfriamiento,A. Quintero
2026-06-23,17:14,tarde,L2,BAN-250,HMI,Alarma HMI,alarma de dosificador,D. Valencia
2026-06-23,18:22,tarde,L1,ENV-500,HMI,Inspección de calidad,muestreo de peso conforme al plan,M. Ocampo
2026-06-23,18:46,tarde,L2,BAN-250,HMI,Ajuste de proceso,se corrigió el perfil de temperaturas,A. Quintero
2026-06-23,20:59,tarde,L2,BAN-250,Bitácora,Inspección de calidad,revisión dimensional de rutina,D. Valencia
2026-06-23,22:02,noche,L2,BAN-250,HMI,Mantenimiento correctivo,ajuste de cierre del molde,L. Betancur
2026-06-24,00:14,noche,L3,ENV-500,HMI,Paro no programado,paro por falta de resina en tolva,J. Peláez
2026-06-24,00:16,noche,L2,BAN-250,Bitácora,Arranque de turno,arranque normal del equipo,C. Ramírez
2026-06-24,00:54,noche,L2,BAN-250,HMI,Mantenimiento correctivo,ajuste de cierre del molde,C. Ramírez
2026-06-24,02:25,noche,L3,ENV-500,Bitácora,Mantenimiento correctivo,ajuste de cierre del molde,L. Betancur
2026-06-24,03:42,noche,L2,BAN-250,HMI,Inspección de calidad,muestreo de peso conforme al plan,C. Ramírez
2026-06-24,08:24,mañana,L2,BAN-250,HMI,Ajuste de proceso,se corrigió el perfil de temperaturas,C. Ramírez
2026-06-24,09:30,mañana,L2,BAN-250,Bitácora,Inspección de calidad,revisión dimensional de rutina,J. Peláez
2026-06-24,10:15,mañana,L1,ENV-500,HMI,Ajuste de proceso,se corrigió el perfil de temperaturas,M. Ocampo
2026-06-24,10:32,mañana,L1,ENV-500,HMI,Ajuste de proceso,ajuste de contrapresión,J. Peláez
2026-06-24,12:39,mañana,L1,ENV-500,Bitácora,Ajuste de proceso,se bajó el tiempo de enfriamiento,J. Peláez
2026-06-24,22:18,noche,L3,ENV-500,HMI,Alarma HMI,falla de sensor de posición del husillo,M. Ocampo
2026-06-24,23:57,noche,L3,ENV-500,HMI,Inspección de calidad,revisión dimensional de rutina,C. Ramírez
2026-06-25,00:04,noche,L3,ENV-500,HMI,Paro no programado,paro eléctrico breve,J. Peláez
2026-06-25,00:49,noche,L3,ENV-500,HMI,Inspección de calidad,revisión dimensional de rutina,D. Valencia
2026-06-25,00:54,noche,L1,ENV-500,HMI,Paro no programado,paro por falta de resina en tolva,L. Betancur
2026-06-25,03:13,noche,L1,ENV-500,Bitácora,Inspección de calidad,muestreo de peso conforme al plan,L. Betancur
2026-06-25,03:48,noche,L1,ENV-500,HMI,Alarma HMI,presión de inyección fuera de banda,L. Betancur
2026-06-25,05:03,noche,L3,ENV-500,Bitácora,Mantenimiento correctivo,ajuste de cierre del molde,C. Ramírez
2026-06-25,05:11,noche,L3,ENV-500,Bitácora,Arranque de turno,arranque normal del equipo,C. Ramírez
2026-06-25,07:09,mañana,L3,ENV-500,HMI,Mantenimiento correctivo,ajuste de cierre del molde,D. Valencia
2026-06-25,07:10,mañana,L1,ENV-500,Bitácora,Alarma HMI,falla de sensor de posición del husillo,D. Valencia
2026-06-25,08:22,mañana,L1,ENV-500,HMI,Alarma HMI,alarma de temperatura de zona 3,M. Ocampo
2026-06-25,08:41,mañana,L2,TAP-38,Bitácora,Alarma HMI,alarma de temperatura de zona 3,M. Ocampo
2026-06-25,09:51,mañana,L2,TAP-38,Bitácora,Arranque de turno,arranque con precalentamiento del molde,C. Ramírez
2026-06-25,10:43,mañana,L2,TAP-38,HMI,Ajuste de proceso,se bajó el tiempo de enfriamiento,M. Ocampo
2026-06-25,10:55,mañana,L3,ENV-500,HMI,Arranque de turno,arranque con precalentamiento del molde,A. Quintero
2026-06-25,11:04,mañana,L3,ENV-500,HMI,Inspección de calidad,revisión dimensional de rutina,D. Valencia
2026-06-25,11:07,mañana,L1,ENV-500,HMI,Inspección de calidad,revisión dimensional de rutina,C. Ramírez
2026-06-25,11:16,mañana,L2,TAP-38,HMI,Alarma HMI,alarma de dosificador,L. Betancur
2026-06-25,11:42,mañana,L3,ENV-500,HMI,Paro no programado,paro por atasco en la banda de salida,M. Ocampo
2026-06-25,12:28,mañana,L1,ENV-500,Bitácora,Arranque de turno,arranque con precalentamiento del molde,J. Peláez
2026-06-25,12:51,mañana,L3,ENV-500,Bitácora,Ajuste de proceso,ajuste de contrapresión,L. Betancur
2026-06-25,14:21,tarde,L3,ENV-500,Bitácora,Alarma HMI,falla de sensor de posición del husillo,L. Betancur
2026-06-25,14:37,tarde,L2,TAP-38,HMI,Inspección de calidad,revisión dimensional de rutina,D. Valencia
2026-06-25,15:44,tarde,L2,TAP-38,HMI,Alarma HMI,falla de sensor de posición del husillo,J. Peláez
2026-06-25,16:15,tarde,L3,ENV-500,HMI,Inspección de calidad,revisión dimensional de rutina,M. Ocampo
2026-06-25,16:58,tarde,L2,TAP-38,HMI,Mantenimiento correctivo,ajuste de cierre del molde,A. Quintero
2026-06-25,17:39,tarde,L3,ENV-500,Bitácora,Arranque de turno,arranque normal del equipo,D. Valencia
2026-06-25,20:23,tarde,L3,ENV-500,HMI,Inspección de calidad,revisión dimensional de rutina,M. Ocampo
2026-06-25,20:46,tarde,L2,TAP-38,HMI,Inspección de calidad,muestreo de peso conforme al plan,C. Ramírez
2026-06-25,21:11,tarde,L3,ENV-500,HMI,Arranque de turno,"el molde arrancó por debajo de temperatura, primeras piezas con rebaba",L. Betancur
2026-06-25,23:24,noche,L1,ENV-500,HMI,Arranque de turno,arranque normal del equipo,M. Ocampo
2026-06-26,00:51,noche,L3,ENV-500,Bitácora,Alarma HMI,presión de inyección fuera de banda,M. Ocampo
2026-06-26,03:15,noche,L3,ENV-500,Bitácora,Alarma HMI,falla de sensor de posición del husillo,M. Ocampo
2026-06-26,04:07,noche,L3,ENV-500,Bitácora,Paro no programado,paro por falta de resina en tolva,A. Quintero
2026-06-26,06:38,mañana,L3,ENV-500,HMI,Inspección de calidad,revisión dimensional de rutina,D. Valencia
2026-06-26,09:54,mañana,L3,ENV-500,HMI,Inspección de calidad,revisión dimensional de rutina,A. Quintero
2026-06-26,11:43,mañana,L3,ENV-500,HMI,Mantenimiento correctivo,ajuste de cierre del molde,A. Quintero
2026-06-26,13:21,mañana,L3,ENV-500,HMI,Paro no programado,paro por falta de resina en tolva,A. Quintero
2026-06-26,14:50,tarde,L2,TAP-38,HMI,Arranque de turno,"el molde arrancó por debajo de temperatura, primeras piezas con rebaba",L. Betancur
2026-06-26,19:03,tarde,L2,TAP-38,HMI,Mantenimiento correctivo,ajuste de cierre del molde,C. Ramírez
2026-06-26,20:19,tarde,L2,TAP-38,HMI,Inspección de calidad,muestreo de peso conforme al plan,M. Ocampo
2026-06-26,21:47,tarde,L2,TAP-38,HMI,Ajuste de proceso,se bajó el tiempo de enfriamiento,L. Betancur
2026-06-27,02:36,noche,L1,ENV-500,Bitácora,Inspección de calidad,muestreo de peso conforme al plan,L. Betancur
2026-06-27,03:53,noche,L1,ENV-500,HMI,Paro no programado,paro por falta de resina en tolva,L. Betancur
2026-06-27,06:06,mañana,L1,ENV-500,Bitácora,Inspección de calidad,muestreo de peso conforme al plan,M. Ocampo
2026-06-27,06:27,mañana,L1,ENV-500,Bitácora,Mantenimiento correctivo,ajuste de cierre del molde,J. Peláez
2026-06-27,07:22,mañana,L2,TAP-38,Bitácora,Paro no programado,paro por falta de resina en tolva,J. Peláez
2026-06-27,09:32,mañana,L2,TAP-38,HMI,Paro no programado,paro por falta de resina en tolva,C. Ramírez
2026-06-27,09:51,mañana,L1,ENV-500,Bitácora,Inspección de calidad,revisión dimensional de rutina,A. Quintero
2026-06-27,10:23,mañana,L2,TAP-38,Bitácora,Alarma HMI,alarma de dosificador,M. Ocampo
2026-06-27,10:43,mañana,L2,TAP-38,Bitácora,Paro no programado,paro por atasco en la banda de salida,A. Quintero
2026-06-27,12:23,mañana,L1,ENV-500,HMI,Ajuste de proceso,se bajó el tiempo de enfriamiento,L. Betancur
2026-06-27,12:23,mañana,L1,ENV-500,HMI,Mantenimiento correctivo,cambio de resistencia de la zona 2,C. Ramírez
2026-06-27,15:52,tarde,L2,TAP-38,Bitácora,Mantenimiento correctivo,ajuste de cierre del molde,D. Valencia
2026-06-27,16:14,tarde,L1,ENV-500,HMI,Inspección de calidad,revisión dimensional de rutina,L. Betancur
2026-06-27,16:46,tarde,L1,ENV-500,Bitácora,Inspección de calidad,muestreo de peso conforme al plan,J. Peláez
2026-06-27,16:54,tarde,L1,ENV-500,HMI,Paro no programado,paro por falta de resina en tolva,L. Betancur
2026-06-27,17:02,tarde,L2,TAP-38,HMI,Alarma HMI,presión de inyección fuera de banda,J. Peláez
2026-06-27,17:50,tarde,L1,ENV-500,Bitácora,Arranque de turno,arranque con precalentamiento del molde,L. Betancur
2026-06-27,19:21,tarde,L3,ENV-500,Bitácora,Mantenimiento correctivo,ajuste de cierre del molde,M. Ocampo
2026-06-27,19:44,tarde,L3,ENV-500,Bitácora,Arranque de turno,"el molde arrancó por debajo de temperatura, primeras piezas con rebaba",M. Ocampo
2026-06-27,20:33,tarde,L2,TAP-38,Bitácora,Arranque de turno,"el molde arrancó por debajo de temperatura, primeras piezas con rebaba",A. Quintero
2026-06-27,20:38,tarde,L2,TAP-38,HMI,Ajuste de proceso,se corrigió el perfil de temperaturas,J. Peláez
2026-06-27,21:25,tarde,L2,TAP-38,HMI,Mantenimiento correctivo,ajuste de cierre del molde,L. Betancur
2026-06-27,21:46,tarde,L3,ENV-500,Bitácora,Arranque de turno,arranque con precalentamiento del molde,C. Ramírez
2026-06-27,22:02,noche,L1,ENV-500,HMI,Alarma HMI,falla de sensor de posición del husillo,A. Quintero
2026-06-28,01:09,noche,L1,ENV-500,Bitácora,Arranque de turno,arranque con precalentamiento del molde,C. Ramírez
2026-06-28,01:10,noche,L1,ENV-500,Bitácora,Inspección de calidad,revisión dimensional de rutina,A. Quintero
2026-06-28,01:25,noche,L3,ENV-500,HMI,Paro no programado,paro por falta de resina en tolva,J. Peláez
2026-06-28,01:53,noche,L1,ENV-500,Bitácora,Alarma HMI,alarma de dosificador,M. Ocampo
2026-06-28,02:01,noche,L3,ENV-500,Bitácora,Mantenimiento correctivo,cambio de resistencia de la zona 2,J. Peláez
2026-06-28,02:36,noche,L2,TAP-38,HMI,Inspección de calidad,muestreo de peso conforme al plan,L. Betancur
2026-06-28,03:20,noche,L1,ENV-500,HMI,Inspección de calidad,revisión dimensional de rutina,A. Quintero
2026-06-28,06:34,mañana,L1,ENV-500,HMI,Arranque de turno,arranque normal del equipo,L. Betancur
2026-06-28,06:40,mañana,L2,TAP-38,Bitácora,Alarma HMI,alarma de dosificador,C. Ramírez
2026-06-28,09:10,mañana,L1,ENV-500,Bitácora,Mantenimiento correctivo,ajuste de cierre del molde,D. Valencia
2026-06-28,09:19,mañana,L1,ENV-500,Bitácora,Paro no programado,paro por falta de resina en tolva,C. Ramírez
2026-06-28,09:33,mañana,L2,TAP-38,HMI,Ajuste de proceso,ajuste de contrapresión,D. Valencia
2026-06-28,10:45,mañana,L2,TAP-38,Bitácora,Ajuste de proceso,se bajó el tiempo de enfriamiento,A. Quintero
2026-06-28,11:37,mañana,L2,TAP-38,HMI,Arranque de turno,arranque con precalentamiento del molde,D. Valencia
2026-06-28,13:35,mañana,L1,ENV-500,HMI,Inspección de calidad,muestreo de peso conforme al plan,L. Betancur
2026-06-28,13:58,mañana,L1,ENV-500,HMI,Inspección de calidad,revisión dimensional de rutina,A. Quintero
2026-06-28,14:28,tarde,L2,TAP-38,HMI,Arranque de turno,arranque normal del equipo,A. Quintero
2026-06-28,14:36,tarde,L3,ENV-500,HMI,Alarma HMI,alarma de temperatura de zona 3,J. Peláez
2026-06-28,15:32,tarde,L3,ENV-500,Bitácora,Ajuste de proceso,ajuste de contrapresión,M. Ocampo
2026-06-28,16:14,tarde,L2,TAP-38,HMI,Inspección de calidad,muestreo de peso conforme al plan,M. Ocampo
2026-06-28,18:05,tarde,L1,ENV-500,HMI,Mantenimiento correctivo,ajuste de cierre del molde,C. Ramírez
2026-06-28,18:32,tarde,L3,ENV-500,HMI,Inspección de calidad,muestreo de peso conforme al plan,L. Betancur
2026-06-28,18:45,tarde,L1,ENV-500,HMI,Mantenimiento correctivo,cambio de resistencia de la zona 2,L. Betancur
2026-06-28,19:11,tarde,L3,ENV-500,HMI,Paro no programado,paro eléctrico breve,D. Valencia
2026-06-28,19:20,tarde,L1,ENV-500,HMI,Mantenimiento correctivo,ajuste de cierre del molde,J. Peláez
2026-06-28,20:16,tarde,L1,ENV-500,Bitácora,Ajuste de proceso,se corrigió el perfil de temperaturas,L. Betancur
2026-06-28,22:01,noche,L1,ENV-500,HMI,Mantenimiento correctivo,cambio de resistencia de la zona 2,A. Quintero
2026-06-28,22:54,noche,L2,TAP-38,Bitácora,Alarma HMI,alarma de dosificador,A. Quintero
2026-06-28,23:28,noche,L3,ENV-500,Bitácora,Arranque de turno,arranque con precalentamiento del molde,J. Peláez
2026-06-28,23:54,noche,L2,TAP-38,Bitácora,Alarma HMI,alarma de dosificador,M. Ocampo
2026-06-28,23:58,noche,L2,TAP-38,HMI,Paro no programado,paro por falta de resina en tolva,A. Quintero
2026-06-29,03:22,noche,L3,ENV-500,Bitácora,Ajuste de proceso,ajuste de contrapresión,M. Ocampo
2026-06-29,05:22,noche,L3,ENV-500,Bitácora,Paro no programado,paro por falta de resina en tolva,L. Betancur
2026-06-29,06:12,mañana,L3,ENV-500,Bitácora,Ajuste de proceso,ajuste de contrapresión,D. Valencia
2026-06-29,06:15,mañana,L1,ENV-500,Bitácora,Arranque de turno,arranque con precalentamiento del molde,C. Ramírez
2026-06-29,07:40,mañana,L1,ENV-500,HMI,Alarma HMI,alarma de temperatura de zona 3,L. Betancur
2026-06-29,07:43,mañana,L2,BAN-250,HMI,Inspección de calidad,revisión dimensional de rutina,C. Ramírez
2026-06-29,09:48,mañana,L3,ENV-500,HMI,Inspección de calidad,revisión dimensional de rutina,L. Betancur
2026-06-29,10:01,mañana,L1,ENV-500,HMI,Inspección de calidad,muestreo de peso conforme al plan,D. Valencia
2026-06-29,12:58,mañana,L1,ENV-500,HMI,Alarma HMI,presión de inyección fuera de banda,D. Valencia
2026-06-29,13:17,mañana,L2,BAN-250,Bitácora,Paro no programado,paro por atasco en la banda de salida,J. Peláez
2026-06-29,13:43,mañana,L3,ENV-500,Bitácora,Inspección de calidad,revisión dimensional de rutina,A. Quintero
2026-06-29,15:06,tarde,L1,ENV-500,Bitácora,Paro no programado,paro eléctrico breve,M. Ocampo
2026-06-29,16:18,tarde,L3,ENV-500,HMI,Inspección de calidad,revisión dimensional de rutina,C. Ramírez
2026-06-29,16:52,tarde,L1,ENV-500,HMI,Inspección de calidad,muestreo de peso conforme al plan,J. Peláez
2026-06-29,17:12,tarde,L1,ENV-500,Bitácora,Arranque de turno,arranque con precalentamiento del molde,C. Ramírez
2026-06-29,17:39,tarde,L1,ENV-500,Bitácora,Inspección de calidad,revisión dimensional de rutina,M. Ocampo
2026-06-29,18:14,tarde,L3,ENV-500,HMI,Arranque de turno,arranque normal del equipo,L. Betancur
2026-06-29,18:29,tarde,L3,ENV-500,HMI,Ajuste de proceso,se bajó el tiempo de enfriamiento,A. Quintero
2026-06-29,20:05,tarde,L3,ENV-500,HMI,Inspección de calidad,revisión dimensional de rutina,D. Valencia
2026-06-29,21:47,tarde,L3,ENV-500,HMI,Alarma HMI,presión de inyección fuera de banda,L. Betancur
2026-06-30,00:16,noche,L3,GAL-3800,HMI,Mantenimiento correctivo,ajuste de cierre del molde,M. Ocampo
2026-06-30,00:25,noche,L2,BAN-250,HMI,Alarma HMI,falla de sensor de posición del husillo,D. Valencia
2026-06-30,01:05,noche,L2,BAN-250,Bitácora,Arranque de turno,"el molde arrancó por debajo de temperatura, primeras piezas con rebaba",L. Betancur
2026-06-30,01:29,noche,L2,BAN-250,Bitácora,Inspección de calidad,muestreo de peso conforme al plan,L. Betancur
2026-06-30,02:08,noche,L2,BAN-250,HMI,Paro no programado,paro eléctrico breve,A. Quintero
2026-06-30,02:21,noche,L3,GAL-3800,HMI,Inspección de calidad,revisión dimensional de rutina,J. Peláez
2026-06-30,07:10,mañana,L1,ENV-1000,HMI,Inspección de calidad,muestreo de peso conforme al plan,M. Ocampo
2026-06-30,13:51,mañana,L1,ENV-1000,Bitácora,Ajuste de proceso,ajuste de contrapresión,D. Valencia
2026-06-30,14:33,tarde,L1,ENV-1000,HMI,Inspección de calidad,revisión dimensional de rutina,D. Valencia
2026-06-30,15:29,tarde,L1,ENV-1000,HMI,Inspección de calidad,revisión dimensional de rutina,A. Quintero
2026-06-30,15:39,tarde,L2,BAN-250,HMI,Mantenimiento correctivo,ajuste de cierre del molde,C. Ramírez
2026-06-30,16:21,tarde,L3,GAL-3800,Bitácora,Alarma HMI,falla de sensor de posición del husillo,M. Ocampo
2026-06-30,16:41,tarde,L1,ENV-1000,Bitácora,Arranque de turno,"el molde arrancó por debajo de temperatura, primeras piezas con rebaba",C. Ramírez
2026-06-30,18:12,tarde,L3,GAL-3800,HMI,Alarma HMI,presión de inyección fuera de banda,M. Ocampo
2026-06-30,19:22,tarde,L3,GAL-3800,HMI,Arranque de turno,arranque con precalentamiento del molde,A. Quintero
2026-06-30,20:35,tarde,L2,BAN-250,HMI,Ajuste de proceso,se corrigió el perfil de temperaturas,L. Betancur
2026-06-30,21:37,tarde,L2,BAN-250,HMI,Arranque de turno,arranque con precalentamiento del molde,A. Quintero
2026-06-30,22:59,noche,L2,BAN-250,HMI,Alarma HMI,falla de sensor de posición del husillo,L. Betancur
2026-07-01,00:33,noche,L3,GAL-3800,HMI,Paro no programado,paro por atasco en la banda de salida,A. Quintero
2026-07-01,01:16,noche,L3,GAL-3800,HMI,Paro no programado,paro eléctrico breve,M. Ocampo
2026-07-01,02:14,noche,L3,GAL-3800,HMI,Mantenimiento correctivo,cambio de resistencia de la zona 2,M. Ocampo
2026-07-01,02:38,noche,L1,ENV-1000,HMI,Arranque de turno,arranque con precalentamiento del molde,D. Valencia
2026-07-01,03:14,noche,L1,ENV-1000,Bitácora,Alarma HMI,alarma de dosificador,C. Ramírez
2026-07-01,04:28,noche,L1,ENV-1000,Bitácora,Alarma HMI,alarma de temperatura de zona 3,J. Peláez
2026-07-01,04:44,noche,L2,BAN-250,HMI,Paro no programado,paro eléctrico breve,D. Valencia
2026-07-01,05:15,noche,L2,BAN-250,Bitácora,Alarma HMI,alarma de temperatura de zona 3,J. Peláez
2026-07-01,06:23,mañana,L1,ENV-1000,HMI,Mantenimiento correctivo,cambio de resistencia de la zona 2,M. Ocampo
2026-07-01,07:00,mañana,L1,ENV-1000,HMI,Mantenimiento correctivo,cambio de resistencia de la zona 2,A. Quintero
2026-07-01,08:03,mañana,L1,ENV-1000,Bitácora,Arranque de turno,"el molde arrancó por debajo de temperatura, primeras piezas con rebaba",D. Valencia
2026-07-01,08:15,mañana,L1,ENV-1000,HMI,Paro no programado,paro por atasco en la banda de salida,J. Peláez
2026-07-01,11:20,mañana,L2,BAN-250,HMI,Paro no programado,paro por atasco en la banda de salida,M. Ocampo
2026-07-01,13:31,mañana,L2,BAN-250,HMI,Ajuste de proceso,ajuste de contrapresión,A. Quintero
2026-07-01,13:34,mañana,L1,ENV-1000,HMI,Alarma HMI,falla de sensor de posición del husillo,L. Betancur
2026-07-01,14:50,tarde,L1,ENV-1000,Bitácora,Inspección de calidad,muestreo de peso conforme al plan,A. Quintero
2026-07-01,15:28,tarde,L1,ENV-1000,HMI,Ajuste de proceso,se corrigió el perfil de temperaturas,C. Ramírez
2026-07-01,17:19,tarde,L2,BAN-250,HMI,Paro no programado,paro eléctrico breve,L. Betancur
2026-07-01,17:49,tarde,L1,ENV-1000,Bitácora,Ajuste de proceso,ajuste de contrapresión,C. Ramírez
2026-07-01,18:25,tarde,L2,BAN-250,HMI,Inspección de calidad,muestreo de peso conforme al plan,J. Peláez
2026-07-01,19:24,tarde,L2,BAN-250,HMI,Arranque de turno,"el molde arrancó por debajo de temperatura, primeras piezas con rebaba",C. Ramírez
2026-07-01,19:44,tarde,L3,GAL-3800,Bitácora,Paro no programado,paro por atasco en la banda de salida,A. Quintero
2026-07-01,20:22,tarde,L1,ENV-1000,Bitácora,Ajuste de proceso,ajuste de contrapresión,D. Valencia
2026-07-01,20:23,tarde,L2,BAN-250,HMI,Ajuste de proceso,se bajó el tiempo de enfriamiento,L. Betancur
2026-07-01,20:48,tarde,L2,BAN-250,Bitácora,Alarma HMI,falla de sensor de posición del husillo,J. Peláez
2026-07-01,21:34,tarde,L3,GAL-3800,HMI,Paro no programado,paro eléctrico breve,M. Ocampo
2026-07-01,22:44,noche,L3,GAL-3800,HMI,Arranque de turno,arranque normal del equipo,A. Quintero
2026-07-01,23:41,noche,L1,ENV-1000,HMI,Paro no programado,paro eléctrico breve,M. Ocampo
2026-07-01,23:51,noche,L3,GAL-3800,HMI,Ajuste de proceso,ajuste de contrapresión,A. Quintero
2026-07-02,00:01,noche,L1,ENV-1000,Bitácora,Ajuste de proceso,ajuste de contrapresión,D. Valencia
2026-07-02,00:15,noche,L1,ENV-1000,HMI,Paro no programado,paro por falta de resina en tolva,M. Ocampo
2026-07-02,01:31,noche,L3,GAL-3800,Bitácora,Inspección de calidad,muestreo de peso conforme al plan,M. Ocampo
2026-07-02,02:26,noche,L3,GAL-3800,Bitácora,Inspección de calidad,revisión dimensional de rutina,M. Ocampo
2026-07-02,02:28,noche,L2,BAN-250,HMI,Ajuste de proceso,se corrigió el perfil de temperaturas,C. Ramírez
2026-07-02,02:53,noche,L2,BAN-250,Bitácora,Mantenimiento correctivo,ajuste de cierre del molde,M. Ocampo
2026-07-02,03:24,noche,L3,GAL-3800,HMI,Ajuste de proceso,se bajó el tiempo de enfriamiento,C. Ramírez
2026-07-02,04:07,noche,L3,GAL-3800,HMI,Inspección de calidad,revisión dimensional de rutina,A. Quintero
2026-07-02,05:10,noche,L1,ENV-1000,HMI,Alarma HMI,alarma de dosificador,L. Betancur
2026-07-02,05:28,noche,L3,GAL-3800,HMI,Mantenimiento correctivo,ajuste de cierre del molde,J. Peláez
2026-07-02,06:03,mañana,L1,ENV-1000,Bitácora,Arranque de turno,arranque con precalentamiento del molde,L. Betancur
2026-07-02,12:29,mañana,L1,ENV-1000,HMI,Arranque de turno,arranque con precalentamiento del molde,A. Quintero
2026-07-02,15:06,tarde,L2,BAN-250,Bitácora,Inspección de calidad,muestreo de peso conforme al plan,A. Quintero
2026-07-02,15:46,tarde,L2,BAN-250,Bitácora,Ajuste de proceso,ajuste de contrapresión,A. Quintero
2026-07-02,16:56,tarde,L3,GAL-3800,HMI,Arranque de turno,"el molde arrancó por debajo de temperatura, primeras piezas con rebaba",J. Peláez
2026-07-02,19:12,tarde,L2,BAN-250,Bitácora,Alarma HMI,falla de sensor de posición del husillo,L. Betancur
2026-07-02,19:21,tarde,L3,GAL-3800,HMI,Alarma HMI,alarma de temperatura de zona 3,D. Valencia
2026-07-02,19:23,tarde,L3,GAL-3800,HMI,Paro no programado,paro por falta de resina en tolva,J. Peláez
2026-07-02,20:11,tarde,L2,BAN-250,Bitácora,Ajuste de proceso,se corrigió el perfil de temperaturas,D. Valencia
2026-07-02,21:42,tarde,L3,GAL-3800,Bitácora,Paro no programado,paro por atasco en la banda de salida,M. Ocampo
2026-07-02,22:07,noche,L2,BAN-250,HMI,Paro no programado,paro por atasco en la banda de salida,A. Quintero
2026-07-02,23:09,noche,L2,BAN-250,Bitácora,Ajuste de proceso,se corrigió el perfil de temperaturas,C. Ramírez
2026-07-02,23:19,noche,L1,ENV-1000,HMI,Mantenimiento correctivo,ajuste de cierre del molde,M. Ocampo
2026-07-02,23:32,noche,L1,ENV-1000,HMI,Mantenimiento correctivo,ajuste de cierre del molde,C. Ramírez
2026-07-03,00:45,noche,L1,ENV-500,Bitácora,Mantenimiento correctivo,cambio de resistencia de la zona 2,A. Quintero
2026-07-03,03:03,noche,L3,GAL-3800,HMI,Mantenimiento correctivo,cambio de resistencia de la zona 2,A. Quintero
2026-07-03,06:10,mañana,L2,BAN-250,Bitácora,Mantenimiento correctivo,cambio de resistencia de la zona 2,L. Betancur
2026-07-03,09:00,mañana,L1,ENV-500,Bitácora,Mantenimiento correctivo,ajuste de cierre del molde,M. Ocampo
2026-07-03,09:40,mañana,L1,ENV-500,HMI,Paro no programado,paro por atasco en la banda de salida,A. Quintero
2026-07-03,11:57,mañana,L1,ENV-500,Bitácora,Mantenimiento correctivo,cambio de resistencia de la zona 2,L. Betancur
2026-07-03,12:11,mañana,L2,BAN-250,HMI,Alarma HMI,alarma de temperatura de zona 3,J. Peláez
2026-07-03,14:48,tarde,L3,GAL-3800,Bitácora,Paro no programado,paro por falta de resina en tolva,A. Quintero
2026-07-03,15:01,tarde,L3,GAL-3800,Bitácora,Ajuste de proceso,ajuste de contrapresión,L. Betancur
2026-07-03,17:24,tarde,L2,BAN-250,HMI,Paro no programado,paro eléctrico breve,L. Betancur
2026-07-03,17:55,tarde,L2,BAN-250,Bitácora,Inspección de calidad,revisión dimensional de rutina,L. Betancur
2026-07-03,18:15,tarde,L2,BAN-250,Bitácora,Inspección de calidad,revisión dimensional de rutina,A. Quintero
2026-07-03,18:48,tarde,L3,GAL-3800,HMI,Alarma HMI,presión de inyección fuera de banda,L. Betancur
2026-07-03,21:11,tarde,L2,BAN-250,Bitácora,Inspección de calidad,revisión dimensional de rutina,D. Valencia
2026-07-03,22:49,noche,L3,GAL-3800,HMI,Inspección de calidad,revisión dimensional de rutina,C. Ramírez
2026-07-03,23:12,noche,L1,ENV-500,HMI,Alarma HMI,presión de inyección fuera de banda,D. Valencia
2026-07-03,23:19,noche,L1,ENV-500,HMI,Inspección de calidad,muestreo de peso conforme al plan,C. Ramírez
2026-07-03,23:39,noche,L3,GAL-3800,HMI,Inspección de calidad,revisión dimensional de rutina,D. Valencia
2026-07-04,00:30,noche,L3,ENV-500,HMI,Alarma HMI,falla de sensor de posición del husillo,J. Peláez
2026-07-04,00:44,noche,L1,ENV-500,HMI,Arranque de turno,arranque con precalentamiento del molde,L. Betancur
2026-07-04,01:01,noche,L1,ENV-500,Bitácora,Paro no programado,paro por falta de resina en tolva,C. Ramírez
2026-07-04,02:47,noche,L1,ENV-500,HMI,Mantenimiento correctivo,cambio de resistencia de la zona 2,J. Peláez
2026-07-04,04:15,noche,L1,ENV-500,Bitácora,Alarma HMI,falla de sensor de posición del husillo,C. Ramírez
2026-07-04,06:03,mañana,L1,ENV-500,Bitácora,Paro no programado,paro por atasco en la banda de salida,L. Betancur
2026-07-04,09:35,mañana,L3,ENV-500,HMI,Inspección de calidad,muestreo de peso conforme al plan,M. Ocampo
2026-07-04,09:44,mañana,L3,ENV-500,HMI,Paro no programado,paro por atasco en la banda de salida,A. Quintero
2026-07-04,10:44,mañana,L2,TAP-38,HMI,Paro no programado,paro por falta de resina en tolva,L. Betancur
2026-07-04,11:21,mañana,L3,ENV-500,Bitácora,Inspección de calidad,muestreo de peso conforme al plan,J. Peláez
2026-07-04,13:37,mañana,L1,ENV-500,Bitácora,Inspección de calidad,revisión dimensional de rutina,L. Betancur
2026-07-04,13:37,mañana,L2,TAP-38,Bitácora,Alarma HMI,presión de inyección fuera de banda,D. Valencia
2026-07-04,13:59,mañana,L3,ENV-500,HMI,Alarma HMI,alarma de temperatura de zona 3,C. Ramírez
2026-07-04,14:47,tarde,L2,TAP-38,HMI,Ajuste de proceso,se bajó el tiempo de enfriamiento,M. Ocampo
2026-07-04,15:32,tarde,L2,TAP-38,Bitácora,Ajuste de proceso,se bajó el tiempo de enfriamiento,J. Peláez
2026-07-04,19:52,tarde,L2,TAP-38,HMI,Inspección de calidad,revisión dimensional de rutina,J. Peláez
2026-07-04,20:57,tarde,L2,TAP-38,HMI,Alarma HMI,alarma de temperatura de zona 3,L. Betancur
2026-07-04,22:44,noche,L3,ENV-500,HMI,Alarma HMI,presión de inyección fuera de banda,M. Ocampo
2026-07-04,22:52,noche,L3,ENV-500,Bitácora,Mantenimiento correctivo,cambio de resistencia de la zona 2,J. Peláez
2026-07-04,23:05,noche,L1,ENV-500,Bitácora,Arranque de turno,arranque con precalentamiento del molde,M. Ocampo
2026-07-04,23:23,noche,L3,ENV-500,Bitácora,Ajuste de proceso,ajuste de contrapresión,M. Ocampo
2026-07-04,23:56,noche,L3,ENV-500,HMI,Paro no programado,paro eléctrico breve,J. Peláez
2026-07-05,01:56,noche,L2,TAP-38,HMI,Paro no programado,paro eléctrico breve,C. Ramírez
2026-07-05,04:49,noche,L2,TAP-38,HMI,Arranque de turno,arranque normal del equipo,J. Peláez
2026-07-05,04:56,noche,L1,ENV-500,Bitácora,Alarma HMI,presión de inyección fuera de banda,J. Peláez
2026-07-05,05:58,noche,L1,ENV-500,Bitácora,Inspección de calidad,muestreo de peso conforme al plan,J. Peláez
2026-07-05,07:19,mañana,L1,ENV-500,HMI,Alarma HMI,presión de inyección fuera de banda,J. Peláez
2026-07-05,07:28,mañana,L2,TAP-38,Bitácora,Mantenimiento correctivo,ajuste de cierre del molde,L. Betancur
2026-07-05,09:39,mañana,L1,ENV-500,Bitácora,Paro no programado,paro por falta de resina en tolva,A. Quintero
2026-07-05,09:49,mañana,L2,TAP-38,HMI,Mantenimiento correctivo,cambio de resistencia de la zona 2,L. Betancur
2026-07-05,10:10,mañana,L2,TAP-38,HMI,Ajuste de proceso,ajuste de contrapresión,J. Peláez
2026-07-05,13:14,mañana,L2,TAP-38,HMI,Inspección de calidad,muestreo de peso conforme al plan,A. Quintero
2026-07-05,13:28,mañana,L2,TAP-38,HMI,Inspección de calidad,muestreo de peso conforme al plan,C. Ramírez
2026-07-05,14:05,tarde,L2,TAP-38,HMI,Inspección de calidad,muestreo de peso conforme al plan,M. Ocampo
2026-07-05,14:30,tarde,L2,TAP-38,Bitácora,Alarma HMI,falla de sensor de posición del husillo,J. Peláez
2026-07-05,15:00,tarde,L2,TAP-38,HMI,Arranque de turno,"el molde arrancó por debajo de temperatura, primeras piezas con rebaba",A. Quintero
2026-07-05,20:32,tarde,L2,TAP-38,HMI,Alarma HMI,presión de inyección fuera de banda,D. Valencia
2026-07-05,22:37,noche,L1,ENV-500,Bitácora,Paro no programado,paro por atasco en la banda de salida,D. Valencia
2026-07-05,22:53,noche,L1,ENV-500,Bitácora,Inspección de calidad,muestreo de peso conforme al plan,L. Betancur
2026-07-05,23:57,noche,L2,TAP-38,HMI,Paro no programado,paro eléctrico breve,J. Peláez
2026-07-06,00:15,noche,L2,TAP-38,Bitácora,Mantenimiento correctivo,ajuste de cierre del molde,J. Peláez
2026-07-06,00:35,noche,L3,ENV-500,HMI,Inspección de calidad,muestreo de peso conforme al plan,D. Valencia
2026-07-06,01:18,noche,L2,TAP-38,Bitácora,Ajuste de proceso,se bajó el tiempo de enfriamiento,M. Ocampo
2026-07-06,02:36,noche,L2,TAP-38,HMI,Alarma HMI,falla de sensor de posición del husillo,L. Betancur
2026-07-06,06:49,mañana,L1,ENV-500,Bitácora,Mantenimiento correctivo,cambio de resistencia de la zona 2,M. Ocampo
2026-07-06,07:08,mañana,L3,ENV-500,HMI,Arranque de turno,arranque normal del equipo,M. Ocampo
2026-07-06,07:52,mañana,L1,ENV-500,HMI,Paro no programado,paro por falta de resina en tolva,M. Ocampo
2026-07-06,08:12,mañana,L3,ENV-500,HMI,Inspección de calidad,muestreo de peso conforme al plan,A. Quintero
2026-07-06,08:57,mañana,L1,ENV-500,HMI,Mantenimiento correctivo,cambio de resistencia de la zona 2,J. Peláez
2026-07-06,09:43,mañana,L3,ENV-500,HMI,Paro no programado,paro por atasco en la banda de salida,L. Betancur
2026-07-06,11:31,mañana,L3,ENV-500,HMI,Paro no programado,paro por atasco en la banda de salida,M. Ocampo
2026-07-06,13:34,mañana,L1,ENV-500,Bitácora,Alarma HMI,falla de sensor de posición del husillo,M. Ocampo
2026-07-06,14:23,tarde,L2,TAP-38,Bitácora,Alarma HMI,alarma de dosificador,L. Betancur
2026-07-06,14:31,tarde,L3,ENV-500,HMI,Paro no programado,paro eléctrico breve,A. Quintero
2026-07-06,16:37,tarde,L2,TAP-38,Bitácora,Inspección de calidad,revisión dimensional de rutina,M. Ocampo
2026-07-06,17:05,tarde,L3,ENV-500,HMI,Paro no programado,paro por falta de resina en tolva,J. Peláez
2026-07-06,17:07,tarde,L3,ENV-500,Bitácora,Mantenimiento correctivo,ajuste de cierre del molde,L. Betancur
2026-07-06,17:51,tarde,L2,TAP-38,HMI,Arranque de turno,"el molde arrancó por debajo de temperatura, primeras piezas con rebaba",A. Quintero
2026-07-06,18:34,tarde,L2,TAP-38,HMI,Ajuste de proceso,ajuste de contrapresión,M. Ocampo
2026-07-06,18:41,tarde,L1,ENV-500,Bitácora,Alarma HMI,presión de inyección fuera de banda,M. Ocampo
2026-07-06,18:57,tarde,L2,TAP-38,HMI,Arranque de turno,"el molde arrancó por debajo de temperatura, primeras piezas con rebaba",D. Valencia
2026-07-06,19:36,tarde,L1,ENV-500,Bitácora,Paro no programado,paro por atasco en la banda de salida,A. Quintero
2026-07-06,20:26,tarde,L1,ENV-500,HMI,Inspección de calidad,revisión dimensional de rutina,J. Peláez
2026-07-06,23:28,noche,L3,ENV-500,Bitácora,Mantenimiento correctivo,ajuste de cierre del molde,C. Ramírez
2026-07-06,23:50,noche,L2,TAP-38,HMI,Alarma HMI,alarma de temperatura de zona 3,J. Peláez
2026-07-07,00:56,noche,L1,ENV-500,HMI,Ajuste de proceso,se corrigió el perfil de temperaturas,D. Valencia
2026-07-07,01:32,noche,L1,ENV-500,HMI,Alarma HMI,falla de sensor de posición del husillo,J. Peláez
2026-07-07,02:04,noche,L2,BAN-250,Bitácora,Arranque de turno,arranque con precalentamiento del molde,D. Valencia
2026-07-07,02:54,noche,L2,BAN-250,HMI,Ajuste de proceso,ajuste de contrapresión,L. Betancur
2026-07-07,03:10,noche,L1,ENV-500,Bitácora,Mantenimiento correctivo,cambio de resistencia de la zona 2,D. Valencia
2026-07-07,03:24,noche,L1,ENV-500,Bitácora,Ajuste de proceso,se corrigió el perfil de temperaturas,C. Ramírez
2026-07-07,06:31,mañana,L3,ENV-500,HMI,Mantenimiento correctivo,ajuste de cierre del molde,A. Quintero
2026-07-07,07:47,mañana,L2,BAN-250,HMI,Arranque de turno,arranque normal del equipo,M. Ocampo
2026-07-07,10:24,mañana,L2,BAN-250,HMI,Inspección de calidad,revisión dimensional de rutina,J. Peláez
2026-07-07,10:52,mañana,L2,BAN-250,HMI,Inspección de calidad,muestreo de peso conforme al plan,M. Ocampo
2026-07-07,11:11,mañana,L2,BAN-250,Bitácora,Ajuste de proceso,se bajó el tiempo de enfriamiento,L. Betancur
2026-07-07,13:23,mañana,L3,ENV-500,Bitácora,Alarma HMI,presión de inyección fuera de banda,J. Peláez
2026-07-07,15:46,tarde,L1,ENV-500,HMI,Paro no programado,paro por falta de resina en tolva,D. Valencia
2026-07-07,16:26,tarde,L3,ENV-500,HMI,Arranque de turno,arranque normal del equipo,D. Valencia
2026-07-07,18:21,tarde,L3,ENV-500,HMI,Arranque de turno,arranque normal del equipo,J. Peláez
2026-07-07,18:23,tarde,L3,ENV-500,HMI,Ajuste de proceso,ajuste de contrapresión,L. Betancur
2026-07-07,18:27,tarde,L1,ENV-500,HMI,Mantenimiento correctivo,cambio de resistencia de la zona 2,M. Ocampo
2026-07-07,19:01,tarde,L1,ENV-500,HMI,Arranque de turno,arranque normal del equipo,C. Ramírez
2026-07-07,20:21,tarde,L1,ENV-500,HMI,Alarma HMI,presión de inyección fuera de banda,D. Valencia
2026-07-07,21:30,tarde,L3,ENV-500,HMI,Mantenimiento correctivo,ajuste de cierre del molde,C. Ramírez
2026-07-07,23:05,noche,L2,BAN-250,HMI,Paro no programado,paro eléctrico breve,D. Valencia
2026-07-08,00:00,noche,L2,BAN-250,Bitácora,Ajuste de proceso,se bajó el tiempo de enfriamiento,M. Ocampo
2026-07-08,00:11,noche,L1,ENV-500,Bitácora,Mantenimiento correctivo,cambio de resistencia de la zona 2,L. Betancur
2026-07-08,02:19,noche,L1,ENV-500,Bitácora,Ajuste de proceso,se corrigió el perfil de temperaturas,C. Ramírez
2026-07-08,03:32,noche,L2,BAN-250,HMI,Alarma HMI,alarma de temperatura de zona 3,J. Peláez
2026-07-08,08:03,mañana,L2,BAN-250,HMI,Arranque de turno,"el molde arrancó por debajo de temperatura, primeras piezas con rebaba",D. Valencia
2026-07-08,09:37,mañana,L2,BAN-250,HMI,Ajuste de proceso,se corrigió el perfil de temperaturas,J. Peláez
2026-07-08,12:22,mañana,L2,BAN-250,HMI,Arranque de turno,arranque normal del equipo,J. Peláez
2026-07-08,13:25,mañana,L2,BAN-250,Bitácora,Paro no programado,paro por atasco en la banda de salida,C. Ramírez
2026-07-08,15:47,tarde,L3,ENV-500,Bitácora,Paro no programado,paro por atasco en la banda de salida,C. Ramírez
2026-07-08,17:09,tarde,L3,ENV-500,HMI,Ajuste de proceso,se corrigió el perfil de temperaturas,C. Ramírez
2026-07-08,18:45,tarde,L3,ENV-500,Bitácora,Alarma HMI,presión de inyección fuera de banda,C. Ramírez
2026-07-08,19:06,tarde,L3,ENV-500,Bitácora,Alarma HMI,alarma de temperatura de zona 3,A. Quintero
2026-07-08,19:28,tarde,L3,ENV-500,Bitácora,Alarma HMI,alarma de temperatura de zona 3,A. Quintero
2026-07-08,22:55,noche,L1,ENV-500,Bitácora,Alarma HMI,presión de inyección fuera de banda,D. Valencia
2026-07-08,23:31,noche,L1,ENV-500,HMI,Alarma HMI,falla de sensor de posición del husillo,M. Ocampo
2026-07-09,00:21,noche,L3,ENV-500,HMI,Paro no programado,paro por atasco en la banda de salida,J. Peláez
2026-07-09,00:32,noche,L2,BAN-250,HMI,Mantenimiento correctivo,cambio de resistencia de la zona 2,J. Peláez
2026-07-09,00:44,noche,L2,BAN-250,HMI,Mantenimiento correctivo,ajuste de cierre del molde,J. Peláez
2026-07-09,00:50,noche,L3,ENV-500,HMI,Arranque de turno,arranque con precalentamiento del molde,C. Ramírez
2026-07-09,02:00,noche,L3,ENV-500,Bitácora,Inspección de calidad,revisión dimensional de rutina,M. Ocampo
2026-07-09,02:18,noche,L3,ENV-500,HMI,Alarma HMI,alarma de dosificador,M. Ocampo
2026-07-09,03:00,noche,L3,ENV-500,Bitácora,Paro no programado,paro eléctrico breve,J. Peláez
2026-07-09,04:34,noche,L1,ENV-1000,Bitácora,Ajuste de proceso,se corrigió el perfil de temperaturas,A. Quintero
2026-07-09,06:49,mañana,L3,ENV-500,HMI,Alarma HMI,alarma de dosificador,J. Peláez
2026-07-09,07:39,mañana,L1,ENV-1000,Bitácora,Inspección de calidad,muestreo de peso conforme al plan,M. Ocampo
2026-07-09,07:51,mañana,L1,ENV-1000,HMI,Ajuste de proceso,se bajó el tiempo de enfriamiento,A. Quintero
2026-07-09,08:34,mañana,L1,ENV-1000,Bitácora,Paro no programado,paro por falta de resina en tolva,J. Peláez
2026-07-09,08:47,mañana,L1,ENV-1000,Bitácora,Alarma HMI,falla de sensor de posición del husillo,C. Ramírez
2026-07-09,10:52,mañana,L3,ENV-500,Bitácora,Mantenimiento correctivo,ajuste de cierre del molde,A. Quintero
2026-07-09,11:01,mañana,L1,ENV-1000,Bitácora,Inspección de calidad,muestreo de peso conforme al plan,A. Quintero
2026-07-09,12:25,mañana,L3,ENV-500,HMI,Paro no programado,paro por falta de resina en tolva,J. Peláez
2026-07-09,16:54,tarde,L2,BAN-250,HMI,Mantenimiento correctivo,ajuste de cierre del molde,L. Betancur
2026-07-09,17:08,tarde,L2,BAN-250,HMI,Paro no programado,paro eléctrico breve,A. Quintero
2026-07-09,17:13,tarde,L2,BAN-250,HMI,Mantenimiento correctivo,cambio de resistencia de la zona 2,M. Ocampo
2026-07-09,17:51,tarde,L3,ENV-500,Bitácora,Mantenimiento correctivo,ajuste de cierre del molde,J. Peláez
2026-07-09,19:16,tarde,L3,ENV-500,HMI,Ajuste de proceso,ajuste de contrapresión,C. Ramírez
2026-07-09,19:46,tarde,L2,BAN-250,Bitácora,Arranque de turno,"el molde arrancó por debajo de temperatura, primeras piezas con rebaba",A. Quintero
2026-07-09,22:26,noche,L1,ENV-1000,Bitácora,Inspección de calidad,muestreo de peso conforme al plan,C. Ramírez
2026-07-09,22:42,noche,L2,BAN-250,HMI,Ajuste de proceso,ajuste de contrapresión,M. Ocampo
2026-07-10,00:03,noche,L2,BAN-250,HMI,Alarma HMI,alarma de temperatura de zona 3,A. Quintero
2026-07-10,00:24,noche,L3,ENV-500,Bitácora,Arranque de turno,"el molde arrancó por debajo de temperatura, primeras piezas con rebaba",M. Ocampo
2026-07-10,03:03,noche,L1,ENV-1000,Bitácora,Inspección de calidad,revisión dimensional de rutina,A. Quintero
2026-07-10,03:31,noche,L3,ENV-500,HMI,Inspección de calidad,muestreo de peso conforme al plan,M. Ocampo
2026-07-10,04:11,noche,L1,ENV-1000,HMI,Alarma HMI,presión de inyección fuera de banda,J. Peláez
2026-07-10,04:34,noche,L3,ENV-500,HMI,Mantenimiento correctivo,ajuste de cierre del molde,A. Quintero
2026-07-10,05:03,noche,L2,BAN-250,Bitácora,Inspección de calidad,muestreo de peso conforme al plan,C. Ramírez
2026-07-10,05:40,noche,L1,ENV-1000,Bitácora,Paro no programado,paro por atasco en la banda de salida,L. Betancur
2026-07-10,06:07,mañana,L1,ENV-1000,HMI,Paro no programado,paro eléctrico breve,J. Peláez
2026-07-10,06:25,mañana,L2,BAN-250,HMI,Alarma HMI,alarma de dosificador,J. Peláez
2026-07-10,06:37,mañana,L1,ENV-1000,Bitácora,Mantenimiento correctivo,ajuste de cierre del molde,J. Peláez
2026-07-10,07:17,mañana,L3,ENV-500,Bitácora,Inspección de calidad,revisión dimensional de rutina,M. Ocampo
2026-07-10,08:35,mañana,L2,BAN-250,Bitácora,Alarma HMI,alarma de temperatura de zona 3,J. Peláez
2026-07-10,08:53,mañana,L3,ENV-500,HMI,Inspección de calidad,muestreo de peso conforme al plan,C. Ramírez
2026-07-10,09:21,mañana,L1,ENV-1000,HMI,Ajuste de proceso,se corrigió el perfil de temperaturas,A. Quintero
2026-07-10,10:12,mañana,L2,BAN-250,HMI,Arranque de turno,arranque con precalentamiento del molde,J. Peláez
2026-07-10,10:52,mañana,L3,ENV-500,HMI,Inspección de calidad,revisión dimensional de rutina,D. Valencia
2026-07-10,11:01,mañana,L3,ENV-500,HMI,Paro no programado,paro por falta de resina en tolva,C. Ramírez
2026-07-10,12:55,mañana,L2,BAN-250,Bitácora,Mantenimiento correctivo,ajuste de cierre del molde,M. Ocampo
2026-07-10,13:17,mañana,L3,ENV-500,HMI,Mantenimiento correctivo,ajuste de cierre del molde,C. Ramírez
2026-07-10,13:32,mañana,L2,BAN-250,HMI,Arranque de turno,"el molde arrancó por debajo de temperatura, primeras piezas con rebaba",J. Peláez
2026-07-10,14:49,tarde,L1,ENV-1000,HMI,Alarma HMI,alarma de temperatura de zona 3,J. Peláez
2026-07-10,15:46,tarde,L2,BAN-250,Bitácora,Ajuste de proceso,ajuste de contrapresión,J. Peláez
2026-07-10,15:54,tarde,L1,ENV-1000,Bitácora,Inspección de calidad,revisión dimensional de rutina,D. Valencia
2026-07-10,16:17,tarde,L3,ENV-500,HMI,Paro no programado,paro por falta de resina en tolva,L. Betancur
2026-07-10,17:09,tarde,L3,ENV-500,HMI,Arranque de turno,arranque con precalentamiento del molde,L. Betancur
2026-07-10,18:25,tarde,L1,ENV-1000,HMI,Arranque de turno,arranque con precalentamiento del molde,L. Betancur
2026-07-10,21:51,tarde,L2,BAN-250,HMI,Arranque de turno,arranque normal del equipo,C. Ramírez
2026-07-10,22:28,noche,L1,ENV-1000,Bitácora,Ajuste de proceso,se corrigió el perfil de temperaturas,A. Quintero
2026-07-10,22:36,noche,L3,ENV-500,HMI,Paro no programado,paro por falta de resina en tolva,J. Peláez
2026-07-10,22:53,noche,L1,ENV-1000,Bitácora,Alarma HMI,alarma de dosificador,M. Ocampo
2026-07-11,07:40,mañana,L1,ENV-1000,HMI,Ajuste de proceso,ajuste de contrapresión,J. Peláez
2026-07-11,08:07,mañana,L2,BAN-250,Bitácora,Ajuste de proceso,se corrigió el perfil de temperaturas,J. Peláez
2026-07-11,08:39,mañana,L1,ENV-1000,HMI,Paro no programado,paro eléctrico breve,A. Quintero
2026-07-11,09:11,mañana,L1,ENV-1000,HMI,Arranque de turno,arranque normal del equipo,D. Valencia
2026-07-11,10:03,mañana,L1,ENV-1000,Bitácora,Arranque de turno,"el molde arrancó por debajo de temperatura, primeras piezas con rebaba",C. Ramírez
2026-07-11,12:47,mañana,L1,ENV-1000,HMI,Arranque de turno,arranque normal del equipo,D. Valencia
2026-07-11,13:07,mañana,L2,BAN-250,Bitácora,Mantenimiento correctivo,cambio de resistencia de la zona 2,M. Ocampo
2026-07-12,00:08,noche,L1,ENV-1000,HMI,Inspección de calidad,muestreo de peso conforme al plan,A. Quintero
2026-07-12,00:35,noche,L3,GAL-3800,HMI,Arranque de turno,arranque con precalentamiento del molde,M. Ocampo
2026-07-12,04:03,noche,L3,GAL-3800,HMI,Alarma HMI,presión de inyección fuera de banda,L. Betancur
2026-07-12,05:40,noche,L3,GAL-3800,HMI,Inspección de calidad,muestreo de peso conforme al plan,D. Valencia
2026-07-12,10:07,mañana,L1,ENV-1000,Bitácora,Ajuste de proceso,se corrigió el perfil de temperaturas,L. Betancur
2026-07-12,10:40,mañana,L2,BAN-250,HMI,Mantenimiento correctivo,cambio de resistencia de la zona 2,M. Ocampo
2026-07-12,11:12,mañana,L1,ENV-1000,Bitácora,Inspección de calidad,muestreo de peso conforme al plan,C. Ramírez
2026-07-12,12:29,mañana,L1,ENV-1000,Bitácora,Paro no programado,paro eléctrico breve,J. Peláez
2026-07-12,12:52,mañana,L2,BAN-250,HMI,Mantenimiento correctivo,ajuste de cierre del molde,L. Betancur
2026-07-12,15:27,tarde,L3,GAL-3800,HMI,Arranque de turno,"el molde arrancó por debajo de temperatura, primeras piezas con rebaba",M. Ocampo
2026-07-12,16:15,tarde,L3,GAL-3800,HMI,Ajuste de proceso,ajuste de contrapresión,D. Valencia
2026-07-12,17:39,tarde,L1,ENV-1000,HMI,Paro no programado,paro por falta de resina en tolva,M. Ocampo
2026-07-12,18:01,tarde,L2,BAN-250,HMI,Arranque de turno,arranque con precalentamiento del molde,A. Quintero
2026-07-12,18:32,tarde,L3,GAL-3800,Bitácora,Inspección de calidad,revisión dimensional de rutina,A. Quintero
2026-07-12,18:38,tarde,L2,BAN-250,Bitácora,Inspección de calidad,revisión dimensional de rutina,D. Valencia
2026-07-12,21:52,tarde,L1,ENV-1000,HMI,Alarma HMI,alarma de temperatura de zona 3,L. Betancur
2026-07-12,22:06,noche,L3,GAL-3800,Bitácora,Ajuste de proceso,ajuste de contrapresión,D. Valencia
2026-07-12,22:40,noche,L1,ENV-1000,HMI,Paro no programado,paro por falta de resina en tolva,M. Ocampo
2026-07-12,23:03,noche,L3,GAL-3800,Bitácora,Arranque de turno,"el molde arrancó por debajo de temperatura, primeras piezas con rebaba",D. Valencia
2026-07-13,00:47,noche,L3,GAL-3800,HMI,Arranque de turno,"el molde arrancó por debajo de temperatura, primeras piezas con rebaba",A. Quintero
2026-07-13,03:34,noche,L2,TAP-38,HMI,Ajuste de proceso,ajuste de contrapresión,A. Quintero
2026-07-13,07:52,mañana,L2,TAP-38,HMI,Paro no programado,paro por falta de resina en tolva,J. Peláez
2026-07-13,09:43,mañana,L2,TAP-38,HMI,Paro no programado,paro por falta de resina en tolva,M. Ocampo
2026-07-13,14:40,tarde,L2,TAP-38,Bitácora,Alarma HMI,falla de sensor de posición del husillo,D. Valencia
2026-07-13,15:03,tarde,L1,ENV-1000,Bitácora,Alarma HMI,falla de sensor de posición del husillo,D. Valencia
2026-07-13,15:30,tarde,L2,TAP-38,HMI,Alarma HMI,alarma de dosificador,J. Peláez
2026-07-13,16:53,tarde,L1,ENV-1000,HMI,Mantenimiento correctivo,cambio de resistencia de la zona 2,M. Ocampo
2026-07-13,17:12,tarde,L2,TAP-38,Bitácora,Mantenimiento correctivo,ajuste de cierre del molde,M. Ocampo
2026-07-13,17:59,tarde,L1,ENV-1000,Bitácora,Paro no programado,paro por atasco en la banda de salida,L. Betancur
2026-07-13,19:36,tarde,L1,ENV-1000,Bitácora,Alarma HMI,alarma de temperatura de zona 3,J. Peláez
2026-07-13,21:44,tarde,L1,ENV-1000,Bitácora,Inspección de calidad,muestreo de peso conforme al plan,C. Ramírez
2026-07-13,22:10,noche,L3,GAL-3800,HMI,Inspección de calidad,revisión dimensional de rutina,D. Valencia
2026-07-13,22:48,noche,L2,TAP-38,Bitácora,Ajuste de proceso,se corrigió el perfil de temperaturas,M. Ocampo
2026-07-13,23:16,noche,L2,TAP-38,HMI,Ajuste de proceso,se bajó el tiempo de enfriamiento,A. Quintero
2026-07-13,23:40,noche,L2,TAP-38,HMI,Arranque de turno,arranque con precalentamiento del molde,D. Valencia
2026-07-13,23:42,noche,L2,TAP-38,Bitácora,Arranque de turno,arranque normal del equipo,J. Peláez
2026-07-14,00:11,noche,L2,TAP-38,Bitácora,Arranque de turno,arranque con precalentamiento del molde,J. Peláez
2026-07-14,02:20,noche,L1,ENV-500,HMI,Ajuste de proceso,ajuste de contrapresión,L. Betancur
2026-07-14,04:39,noche,L1,ENV-500,HMI,Mantenimiento correctivo,ajuste de cierre del molde,A. Quintero
2026-07-14,05:49,noche,L2,TAP-38,Bitácora,Alarma HMI,alarma de temperatura de zona 3,D. Valencia
2026-07-14,14:28,tarde,L2,TAP-38,Bitácora,Inspección de calidad,revisión dimensional de rutina,M. Ocampo
2026-07-14,14:55,tarde,L1,ENV-500,Bitácora,Ajuste de proceso,se bajó el tiempo de enfriamiento,C. Ramírez
2026-07-14,15:07,tarde,L3,GAL-3800,HMI,Inspección de calidad,revisión dimensional de rutina,M. Ocampo
2026-07-14,15:45,tarde,L1,ENV-500,Bitácora,Mantenimiento correctivo,cambio de resistencia de la zona 2,C. Ramírez
2026-07-14,16:25,tarde,L3,GAL-3800,Bitácora,Ajuste de proceso,se corrigió el perfil de temperaturas,C. Ramírez
2026-07-14,16:45,tarde,L3,GAL-3800,Bitácora,Alarma HMI,presión de inyección fuera de banda,C. Ramírez
2026-07-14,18:39,tarde,L2,TAP-38,HMI,Alarma HMI,falla de sensor de posición del husillo,J. Peláez
2026-07-14,18:46,tarde,L3,GAL-3800,HMI,Paro no programado,paro eléctrico breve,A. Quintero
2026-07-14,18:47,tarde,L2,TAP-38,HMI,Paro no programado,paro por atasco en la banda de salida,D. Valencia
2026-07-14,18:53,tarde,L2,TAP-38,HMI,Arranque de turno,arranque con precalentamiento del molde,D. Valencia
2026-07-14,19:11,tarde,L2,TAP-38,Bitácora,Inspección de calidad,muestreo de peso conforme al plan,L. Betancur
2026-07-14,21:06,tarde,L1,ENV-500,Bitácora,Arranque de turno,arranque con precalentamiento del molde,J. Peláez
2026-07-14,21:17,tarde,L1,ENV-500,Bitácora,Arranque de turno,"el molde arrancó por debajo de temperatura, primeras piezas con rebaba",J. Peláez
2026-07-15,00:30,noche,L2,TAP-38,Bitácora,Inspección de calidad,revisión dimensional de rutina,A. Quintero
2026-07-15,00:35,noche,L2,TAP-38,Bitácora,Mantenimiento correctivo,ajuste de cierre del molde,D. Valencia
2026-07-15,00:51,noche,L1,ENV-500,Bitácora,Arranque de turno,"el molde arrancó por debajo de temperatura, primeras piezas con rebaba",A. Quintero
2026-07-15,01:05,noche,L2,TAP-38,HMI,Inspección de calidad,muestreo de peso conforme al plan,C. Ramírez
2026-07-15,01:41,noche,L2,TAP-38,HMI,Paro no programado,paro eléctrico breve,M. Ocampo
2026-07-15,01:49,noche,L3,GAL-3800,HMI,Inspección de calidad,muestreo de peso conforme al plan,J. Peláez
2026-07-15,03:04,noche,L3,GAL-3800,Bitácora,Paro no programado,paro eléctrico breve,J. Peláez
2026-07-15,04:14,noche,L2,TAP-38,Bitácora,Alarma HMI,presión de inyección fuera de banda,C. Ramírez
2026-07-15,05:46,noche,L3,GAL-3800,HMI,Mantenimiento correctivo,cambio de resistencia de la zona 2,D. Valencia
2026-07-15,05:57,noche,L3,GAL-3800,Bitácora,Ajuste de proceso,se bajó el tiempo de enfriamiento,J. Peláez
2026-07-15,06:41,mañana,L2,TAP-38,Bitácora,Paro no programado,paro por atasco en la banda de salida,C. Ramírez
2026-07-15,07:57,mañana,L1,ENV-500,HMI,Alarma HMI,alarma de dosificador,A. Quintero
2026-07-15,09:30,mañana,L1,ENV-500,HMI,Paro no programado,paro por falta de resina en tolva,L. Betancur
2026-07-15,09:54,mañana,L2,TAP-38,HMI,Arranque de turno,arranque normal del equipo,L. Betancur
2026-07-15,11:51,mañana,L2,TAP-38,Bitácora,Inspección de calidad,muestreo de peso conforme al plan,C. Ramírez
2026-07-15,12:32,mañana,L2,TAP-38,Bitácora,Alarma HMI,alarma de temperatura de zona 3,J. Peláez
2026-07-15,13:47,mañana,L2,TAP-38,HMI,Mantenimiento correctivo,ajuste de cierre del molde,L. Betancur
2026-07-15,22:14,noche,L1,ENV-500,HMI,Alarma HMI,alarma de dosificador,D. Valencia
2026-07-15,23:01,noche,L3,GAL-3800,HMI,Inspección de calidad,revisión dimensional de rutina,D. Valencia
2026-07-15,23:46,noche,L1,ENV-500,HMI,Paro no programado,paro eléctrico breve,D. Valencia
2026-07-16,00:38,noche,L1,ENV-500,HMI,Alarma HMI,alarma de temperatura de zona 3,L. Betancur
2026-07-16,00:45,noche,L1,ENV-500,HMI,Ajuste de proceso,se corrigió el perfil de temperaturas,J. Peláez
2026-07-16,05:22,noche,L1,ENV-500,HMI,Alarma HMI,alarma de temperatura de zona 3,L. Betancur
2026-07-16,06:54,mañana,L3,GAL-3800,HMI,Ajuste de proceso,se corrigió el perfil de temperaturas,L. Betancur
2026-07-16,07:46,mañana,L2,TAP-38,Bitácora,Mantenimiento correctivo,ajuste de cierre del molde,L. Betancur
2026-07-16,08:05,mañana,L3,GAL-3800,HMI,Alarma HMI,presión de inyección fuera de banda,C. Ramírez
2026-07-16,08:07,mañana,L2,TAP-38,HMI,Mantenimiento correctivo,ajuste de cierre del molde,M. Ocampo
2026-07-16,08:34,mañana,L2,TAP-38,HMI,Alarma HMI,alarma de dosificador,D. Valencia
2026-07-16,08:47,mañana,L1,ENV-500,HMI,Inspección de calidad,revisión dimensional de rutina,L. Betancur
2026-07-16,09:08,mañana,L2,TAP-38,HMI,Alarma HMI,alarma de dosificador,J. Peláez
2026-07-16,13:04,mañana,L1,ENV-500,HMI,Ajuste de proceso,se corrigió el perfil de temperaturas,C. Ramírez
2026-07-16,14:10,tarde,L2,TAP-38,HMI,Inspección de calidad,revisión dimensional de rutina,L. Betancur
2026-07-16,17:06,tarde,L2,TAP-38,HMI,Inspección de calidad,revisión dimensional de rutina,C. Ramírez
2026-07-16,17:25,tarde,L1,ENV-500,Bitácora,Alarma HMI,alarma de temperatura de zona 3,C. Ramírez
2026-07-16,17:34,tarde,L1,ENV-500,HMI,Inspección de calidad,revisión dimensional de rutina,J. Peláez
2026-07-16,19:11,tarde,L2,TAP-38,HMI,Paro no programado,paro por falta de resina en tolva,M. Ocampo
2026-07-16,19:58,tarde,L1,ENV-500,HMI,Ajuste de proceso,se corrigió el perfil de temperaturas,A. Quintero
2026-07-16,20:01,tarde,L2,TAP-38,HMI,Ajuste de proceso,se bajó el tiempo de enfriamiento,D. Valencia
2026-07-16,23:44,noche,L1,ENV-500,HMI,Inspección de calidad,revisión dimensional de rutina,D. Valencia
2026-07-17,01:31,noche,L3,GAL-3800,HMI,Paro no programado,paro eléctrico breve,A. Quintero
2026-07-17,03:07,noche,L1,ENV-500,HMI,Mantenimiento correctivo,ajuste de cierre del molde,C. Ramírez
2026-07-17,04:14,noche,L3,GAL-3800,HMI,Ajuste de proceso,se corrigió el perfil de temperaturas,L. Betancur
2026-07-17,04:27,noche,L3,GAL-3800,Bitácora,Arranque de turno,arranque normal del equipo,C. Ramírez
2026-07-17,04:50,noche,L1,ENV-500,HMI,Paro no programado,paro por atasco en la banda de salida,D. Valencia
2026-07-17,06:03,mañana,L3,GAL-3800,HMI,Arranque de turno,arranque normal del equipo,D. Valencia
2026-07-17,06:11,mañana,L3,GAL-3800,Bitácora,Alarma HMI,alarma de dosificador,J. Peláez
2026-07-17,06:21,mañana,L2,TAP-38,HMI,Inspección de calidad,revisión dimensional de rutina,M. Ocampo
2026-07-17,08:57,mañana,L2,TAP-38,Bitácora,Paro no programado,paro por falta de resina en tolva,C. Ramírez
2026-07-17,09:10,mañana,L3,GAL-3800,Bitácora,Alarma HMI,alarma de temperatura de zona 3,M. Ocampo
2026-07-17,09:49,mañana,L2,TAP-38,HMI,Arranque de turno,arranque normal del equipo,M. Ocampo
2026-07-17,10:56,mañana,L2,TAP-38,Bitácora,Paro no programado,paro por atasco en la banda de salida,J. Peláez
2026-07-17,12:36,mañana,L3,GAL-3800,Bitácora,Paro no programado,paro eléctrico breve,L. Betancur
2026-07-17,13:36,mañana,L2,TAP-38,Bitácora,Ajuste de proceso,se bajó el tiempo de enfriamiento,A. Quintero
2026-07-17,15:05,tarde,L3,GAL-3800,Bitácora,Alarma HMI,falla de sensor de posición del husillo,A. Quintero
2026-07-17,15:51,tarde,L3,GAL-3800,Bitácora,Ajuste de proceso,ajuste de contrapresión,M. Ocampo
2026-07-17,17:59,tarde,L3,GAL-3800,Bitácora,Arranque de turno,arranque normal del equipo,L. Betancur
2026-07-17,18:16,tarde,L1,ENV-500,Bitácora,Alarma HMI,falla de sensor de posición del husillo,A. Quintero
2026-07-17,19:32,tarde,L3,GAL-3800,HMI,Arranque de turno,arranque con precalentamiento del molde,D. Valencia
2026-07-17,19:34,tarde,L1,ENV-500,HMI,Arranque de turno,arranque normal del equipo,L. Betancur
2026-07-17,19:53,tarde,L2,TAP-38,Bitácora,Mantenimiento correctivo,cambio de resistencia de la zona 2,M. Ocampo
2026-07-17,20:02,tarde,L2,TAP-38,Bitácora,Paro no programado,paro por falta de resina en tolva,D. Valencia
2026-07-17,21:38,tarde,L2,TAP-38,HMI,Ajuste de proceso,se corrigió el perfil de temperaturas,M. Ocampo
2026-07-17,21:39,tarde,L1,ENV-500,HMI,Alarma HMI,presión de inyección fuera de banda,J. Peláez
2026-07-17,22:25,noche,L3,GAL-3800,HMI,Ajuste de proceso,ajuste de contrapresión,M. Ocampo
2026-07-17,23:19,noche,L3,GAL-3800,Bitácora,Mantenimiento correctivo,cambio de resistencia de la zona 2,D. Valencia
2026-07-18,01:02,noche,L3,GAL-3800,HMI,Paro no programado,paro eléctrico breve,L. Betancur
2026-07-18,01:36,noche,L3,GAL-3800,HMI,Mantenimiento correctivo,ajuste de cierre del molde,L. Betancur
2026-07-18,02:04,noche,L2,TAP-38,Bitácora,Mantenimiento correctivo,cambio de resistencia de la zona 2,A. Quintero
2026-07-18,02:09,noche,L3,GAL-3800,Bitácora,Inspección de calidad,revisión dimensional de rutina,M. Ocampo
2026-07-18,03:11,noche,L3,GAL-3800,HMI,Arranque de turno,arranque con precalentamiento del molde,M. Ocampo
2026-07-18,04:36,noche,L2,TAP-38,HMI,Ajuste de proceso,se bajó el tiempo de enfriamiento,M. Ocampo
2026-07-18,06:03,mañana,L3,GAL-3800,HMI,Alarma HMI,alarma de temperatura de zona 3,A. Quintero
2026-07-18,06:15,mañana,L2,TAP-38,HMI,Ajuste de proceso,se bajó el tiempo de enfriamiento,J. Peláez
2026-07-18,07:36,mañana,L3,GAL-3800,HMI,Arranque de turno,"el molde arrancó por debajo de temperatura, primeras piezas con rebaba",J. Peláez
2026-07-18,09:27,mañana,L1,ENV-1000,HMI,Mantenimiento correctivo,cambio de resistencia de la zona 2,L. Betancur
2026-07-18,11:41,mañana,L2,TAP-38,Bitácora,Inspección de calidad,revisión dimensional de rutina,A. Quintero
2026-07-18,13:28,mañana,L1,ENV-1000,HMI,Paro no programado,paro eléctrico breve,A. Quintero
2026-07-18,13:43,mañana,L2,TAP-38,Bitácora,Alarma HMI,presión de inyección fuera de banda,C. Ramírez
2026-07-18,14:14,tarde,L2,TAP-38,HMI,Inspección de calidad,revisión dimensional de rutina,L. Betancur
2026-07-18,15:06,tarde,L2,TAP-38,HMI,Inspección de calidad,muestreo de peso conforme al plan,D. Valencia
2026-07-18,15:59,tarde,L3,GAL-3800,Bitácora,Arranque de turno,arranque normal del equipo,C. Ramírez
2026-07-18,16:46,tarde,L2,TAP-38,Bitácora,Mantenimiento correctivo,ajuste de cierre del molde,A. Quintero
2026-07-18,18:07,tarde,L1,ENV-1000,HMI,Inspección de calidad,muestreo de peso conforme al plan,A. Quintero
2026-07-18,18:14,tarde,L3,GAL-3800,HMI,Ajuste de proceso,se bajó el tiempo de enfriamiento,J. Peláez
2026-07-18,18:43,tarde,L2,TAP-38,Bitácora,Mantenimiento correctivo,cambio de resistencia de la zona 2,C. Ramírez
2026-07-18,19:08,tarde,L1,ENV-1000,Bitácora,Ajuste de proceso,ajuste de contrapresión,J. Peláez
2026-07-18,21:02,tarde,L3,GAL-3800,HMI,Paro no programado,paro eléctrico breve,A. Quintero
2026-07-18,21:16,tarde,L1,ENV-1000,HMI,Inspección de calidad,muestreo de peso conforme al plan,J. Peláez
2026-07-18,21:17,tarde,L2,TAP-38,HMI,Alarma HMI,presión de inyección fuera de banda,C. Ramírez
2026-07-18,21:21,tarde,L1,ENV-1000,HMI,Arranque de turno,arranque con precalentamiento del molde,D. Valencia
2026-07-18,23:15,noche,L3,GAL-3800,HMI,Mantenimiento correctivo,ajuste de cierre del molde,L. Betancur
2026-07-18,23:25,noche,L2,TAP-38,HMI,Alarma HMI,alarma de temperatura de zona 3,L. Betancur
2026-07-19,00:30,noche,L1,ENV-1000,HMI,Paro no programado,paro eléctrico breve,D. Valencia
2026-07-19,00:42,noche,L1,ENV-1000,HMI,Mantenimiento correctivo,cambio de resistencia de la zona 2,M. Ocampo
2026-07-19,00:49,noche,L1,ENV-1000,Bitácora,Ajuste de proceso,se bajó el tiempo de enfriamiento,A. Quintero
2026-07-19,03:28,noche,L3,GAL-3800,HMI,Inspección de calidad,revisión dimensional de rutina,D. Valencia
2026-07-19,06:03,mañana,L2,BAN-250,HMI,Inspección de calidad,muestreo de peso conforme al plan,L. Betancur
2026-07-19,07:08,mañana,L1,ENV-1000,HMI,Mantenimiento correctivo,ajuste de cierre del molde,L. Betancur
2026-07-19,07:59,mañana,L3,GAL-3800,HMI,Mantenimiento correctivo,ajuste de cierre del molde,L. Betancur
2026-07-19,09:40,mañana,L1,ENV-1000,HMI,Arranque de turno,arranque con precalentamiento del molde,J. Peláez
2026-07-19,09:47,mañana,L3,GAL-3800,HMI,Mantenimiento correctivo,cambio de resistencia de la zona 2,M. Ocampo
2026-07-19,10:23,mañana,L3,GAL-3800,HMI,Paro no programado,paro eléctrico breve,D. Valencia
2026-07-19,11:28,mañana,L2,BAN-250,Bitácora,Ajuste de proceso,se corrigió el perfil de temperaturas,C. Ramírez
2026-07-19,11:49,mañana,L3,GAL-3800,Bitácora,Mantenimiento correctivo,cambio de resistencia de la zona 2,A. Quintero
2026-07-19,12:42,mañana,L2,BAN-250,Bitácora,Arranque de turno,arranque normal del equipo,L. Betancur
2026-07-19,13:13,mañana,L1,ENV-1000,HMI,Paro no programado,paro por atasco en la banda de salida,C. Ramírez
2026-07-19,13:50,mañana,L1,ENV-1000,HMI,Ajuste de proceso,ajuste de contrapresión,M. Ocampo
2026-07-19,13:51,mañana,L1,ENV-1000,HMI,Mantenimiento correctivo,cambio de resistencia de la zona 2,L. Betancur
2026-07-19,14:46,tarde,L1,ENV-1000,HMI,Mantenimiento correctivo,cambio de resistencia de la zona 2,C. Ramírez
2026-07-19,18:58,tarde,L1,ENV-1000,HMI,Arranque de turno,"el molde arrancó por debajo de temperatura, primeras piezas con rebaba",D. Valencia
2026-07-19,19:10,tarde,L3,GAL-3800,HMI,Ajuste de proceso,se corrigió el perfil de temperaturas,J. Peláez
2026-07-19,20:45,tarde,L1,ENV-1000,HMI,Arranque de turno,arranque con precalentamiento del molde,A. Quintero
2026-07-19,21:33,tarde,L3,GAL-3800,Bitácora,Paro no programado,paro por atasco en la banda de salida,J. Peláez
2026-07-19,21:36,tarde,L3,GAL-3800,HMI,Arranque de turno,arranque normal del equipo,D. Valencia
2026-07-19,22:17,noche,L3,GAL-3800,HMI,Inspección de calidad,muestreo de peso conforme al plan,M. Ocampo
2026-07-20,00:03,noche,L1,ENV-1000,Bitácora,Ajuste de proceso,se corrigió el perfil de temperaturas,D. Valencia
2026-07-20,00:03,noche,L2,BAN-250,HMI,Ajuste de proceso,ajuste de contrapresión,A. Quintero
2026-07-20,01:54,noche,L1,ENV-1000,HMI,Paro no programado,paro eléctrico breve,D. Valencia
2026-07-20,02:42,noche,L1,ENV-1000,HMI,Inspección de calidad,muestreo de peso conforme al plan,D. Valencia
2026-07-20,05:24,noche,L1,ENV-1000,Bitácora,Mantenimiento correctivo,ajuste de cierre del molde,M. Ocampo
2026-07-20,05:55,noche,L2,BAN-250,Bitácora,Paro no programado,paro por atasco en la banda de salida,A. Quintero
2026-07-20,07:16,mañana,L3,ENV-500,HMI,Mantenimiento correctivo,ajuste de cierre del molde,M. Ocampo
2026-07-20,08:01,mañana,L1,ENV-1000,Bitácora,Paro no programado,paro por falta de resina en tolva,C. Ramírez
2026-07-20,09:19,mañana,L1,ENV-1000,HMI,Paro no programado,paro por atasco en la banda de salida,A. Quintero
2026-07-20,10:55,mañana,L1,ENV-1000,HMI,Ajuste de proceso,ajuste de contrapresión,L. Betancur
2026-07-20,13:51,mañana,L3,ENV-500,Bitácora,Arranque de turno,arranque normal del equipo,A. Quintero
2026-07-20,22:31,noche,L1,ENV-1000,HMI,Inspección de calidad,revisión dimensional de rutina,J. Peláez
2026-07-21,00:06,noche,L2,BAN-250,HMI,Mantenimiento correctivo,cambio de resistencia de la zona 2,C. Ramírez
2026-07-21,03:44,noche,L2,BAN-250,HMI,Ajuste de proceso,ajuste de contrapresión,C. Ramírez
2026-07-21,07:54,mañana,L2,BAN-250,HMI,Mantenimiento correctivo,ajuste de cierre del molde,M. Ocampo
2026-07-21,08:11,mañana,L1,ENV-1000,HMI,Inspección de calidad,revisión dimensional de rutina,D. Valencia
2026-07-21,08:59,mañana,L2,BAN-250,HMI,Ajuste de proceso,ajuste de contrapresión,D. Valencia
2026-07-21,11:43,mañana,L2,BAN-250,Bitácora,Mantenimiento correctivo,cambio de resistencia de la zona 2,L. Betancur
2026-07-21,11:55,mañana,L2,BAN-250,Bitácora,Mantenimiento correctivo,ajuste de cierre del molde,M. Ocampo
2026-07-21,13:14,mañana,L1,ENV-1000,Bitácora,Alarma HMI,falla de sensor de posición del husillo,D. Valencia
2026-07-21,13:47,mañana,L2,BAN-250,HMI,Arranque de turno,arranque con precalentamiento del molde,M. Ocampo
2026-07-22,00:25,noche,L1,ENV-1000,HMI,Inspección de calidad,revisión dimensional de rutina,M. Ocampo
2026-07-22,00:57,noche,L2,BAN-250,HMI,Ajuste de proceso,ajuste de contrapresión,C. Ramírez
2026-07-22,01:38,noche,L1,ENV-1000,HMI,Mantenimiento correctivo,ajuste de cierre del molde,L. Betancur
2026-07-22,02:04,noche,L3,ENV-500,HMI,Inspección de calidad,revisión dimensional de rutina,D. Valencia
2026-07-22,03:05,noche,L1,ENV-1000,HMI,Ajuste de proceso,se corrigió el perfil de temperaturas,C. Ramírez
2026-07-22,03:39,noche,L1,ENV-1000,Bitácora,Mantenimiento correctivo,ajuste de cierre del molde,L. Betancur
2026-07-22,04:56,noche,L2,BAN-250,Bitácora,Alarma HMI,falla de sensor de posición del husillo,J. Peláez
2026-07-22,05:10,noche,L3,ENV-500,HMI,Inspección de calidad,revisión dimensional de rutina,M. Ocampo
2026-07-22,05:16,noche,L2,BAN-250,HMI,Mantenimiento correctivo,ajuste de cierre del molde,D. Valencia
2026-07-22,05:26,noche,L1,ENV-1000,HMI,Ajuste de proceso,se corrigió el perfil de temperaturas,D. Valencia
2026-07-22,05:37,noche,L2,BAN-250,HMI,Inspección de calidad,muestreo de peso conforme al plan,J. Peláez
2026-07-22,05:59,noche,L3,ENV-500,HMI,Paro no programado,paro por falta de resina en tolva,D. Valencia
2026-07-22,06:54,mañana,L3,ENV-500,Bitácora,Paro no programado,paro eléctrico breve,M. Ocampo
2026-07-22,11:53,mañana,L1,ENV-1000,Bitácora,Arranque de turno,arranque con precalentamiento del molde,D. Valencia
2026-07-22,13:10,mañana,L3,ENV-500,Bitácora,Inspección de calidad,muestreo de peso conforme al plan,D. Valencia
2026-07-22,13:35,mañana,L1,ENV-1000,HMI,Ajuste de proceso,se bajó el tiempo de enfriamiento,C. Ramírez
2026-07-22,14:46,tarde,L1,ENV-1000,HMI,Ajuste de proceso,se corrigió el perfil de temperaturas,C. Ramírez
2026-07-22,15:03,tarde,L3,ENV-500,Bitácora,Paro no programado,paro por atasco en la banda de salida,D. Valencia
2026-07-22,17:22,tarde,L1,ENV-1000,HMI,Inspección de calidad,muestreo de peso conforme al plan,J. Peláez
2026-07-22,17:39,tarde,L3,ENV-500,Bitácora,Paro no programado,paro eléctrico breve,A. Quintero
2026-07-22,18:24,tarde,L3,ENV-500,HMI,Alarma HMI,presión de inyección fuera de banda,J. Peláez
2026-07-22,18:25,tarde,L1,ENV-1000,HMI,Arranque de turno,arranque con precalentamiento del molde,J. Peláez
2026-07-22,21:38,tarde,L1,ENV-1000,HMI,Mantenimiento correctivo,cambio de resistencia de la zona 2,D. Valencia
2026-07-22,21:46,tarde,L3,ENV-500,HMI,Alarma HMI,falla de sensor de posición del husillo,A. Quintero
2026-07-22,23:04,noche,L3,ENV-500,Bitácora,Ajuste de proceso,ajuste de contrapresión,J. Peláez
2026-07-23,00:33,noche,L2,BAN-250,Bitácora,Paro no programado,paro eléctrico breve,M. Ocampo
2026-07-23,00:40,noche,L3,ENV-500,Bitácora,Arranque de turno,"el molde arrancó por debajo de temperatura, primeras piezas con rebaba",C. Ramírez
2026-07-23,00:46,noche,L2,BAN-250,HMI,Arranque de turno,arranque con precalentamiento del molde,M. Ocampo
2026-07-23,01:05,noche,L3,ENV-500,HMI,Arranque de turno,arranque con precalentamiento del molde,D. Valencia
2026-07-23,01:05,noche,L3,ENV-500,HMI,Inspección de calidad,muestreo de peso conforme al plan,J. Peláez
2026-07-23,02:26,noche,L2,BAN-250,HMI,Arranque de turno,"el molde arrancó por debajo de temperatura, primeras piezas con rebaba",C. Ramírez
2026-07-23,05:17,noche,L3,ENV-500,Bitácora,Paro no programado,paro eléctrico breve,D. Valencia
2026-07-23,05:55,noche,L2,BAN-250,Bitácora,Inspección de calidad,revisión dimensional de rutina,A. Quintero
2026-07-23,06:17,mañana,L1,ENV-1000,Bitácora,Paro no programado,paro por falta de resina en tolva,C. Ramírez
2026-07-23,08:32,mañana,L1,ENV-1000,Bitácora,Arranque de turno,arranque con precalentamiento del molde,L. Betancur
2026-07-23,08:47,mañana,L1,ENV-1000,HMI,Inspección de calidad,revisión dimensional de rutina,L. Betancur
2026-07-23,12:08,mañana,L1,ENV-1000,Bitácora,Paro no programado,paro por falta de resina en tolva,J. Peláez
2026-07-23,12:12,mañana,L3,ENV-500,HMI,Paro no programado,paro por falta de resina en tolva,M. Ocampo
2026-07-23,12:46,mañana,L3,ENV-500,HMI,Mantenimiento correctivo,ajuste de cierre del molde,L. Betancur
2026-07-23,14:47,tarde,L3,ENV-500,HMI,Paro no programado,paro por falta de resina en tolva,L. Betancur
2026-07-23,15:19,tarde,L3,ENV-500,Bitácora,Ajuste de proceso,se corrigió el perfil de temperaturas,C. Ramírez
2026-07-23,15:27,tarde,L1,ENV-1000,HMI,Paro no programado,paro por atasco en la banda de salida,M. Ocampo
2026-07-23,16:02,tarde,L1,ENV-1000,Bitácora,Inspección de calidad,revisión dimensional de rutina,A. Quintero
2026-07-23,17:25,tarde,L1,ENV-1000,Bitácora,Arranque de turno,arranque con precalentamiento del molde,D. Valencia
2026-07-23,17:57,tarde,L2,BAN-250,HMI,Arranque de turno,arranque con precalentamiento del molde,D. Valencia
2026-07-23,19:15,tarde,L2,BAN-250,Bitácora,Mantenimiento correctivo,cambio de resistencia de la zona 2,L. Betancur
2026-07-23,19:49,tarde,L1,ENV-1000,HMI,Mantenimiento correctivo,cambio de resistencia de la zona 2,C. Ramírez
2026-07-23,21:08,tarde,L2,BAN-250,Bitácora,Inspección de calidad,revisión dimensional de rutina,J. Peláez
2026-07-24,00:02,noche,L1,ENV-1000,Bitácora,Ajuste de proceso,se corrigió el perfil de temperaturas,L. Betancur
2026-07-24,01:04,noche,L3,ENV-500,Bitácora,Inspección de calidad,muestreo de peso conforme al plan,M. Ocampo
2026-07-24,01:43,noche,L3,ENV-500,Bitácora,Inspección de calidad,revisión dimensional de rutina,A. Quintero
2026-07-24,04:28,noche,L3,ENV-500,HMI,Paro no programado,paro eléctrico breve,C. Ramírez
2026-07-24,04:47,noche,L1,ENV-1000,HMI,Mantenimiento correctivo,ajuste de cierre del molde,D. Valencia
2026-07-24,04:57,noche,L3,ENV-500,HMI,Mantenimiento correctivo,ajuste de cierre del molde,D. Valencia
2026-07-24,06:18,mañana,L2,BAN-250,HMI,Arranque de turno,"el molde arrancó por debajo de temperatura, primeras piezas con rebaba",J. Peláez
2026-07-24,08:39,mañana,L3,ENV-500,Bitácora,Mantenimiento correctivo,cambio de resistencia de la zona 2,J. Peláez
2026-07-24,08:59,mañana,L1,ENV-1000,Bitácora,Arranque de turno,"el molde arrancó por debajo de temperatura, primeras piezas con rebaba",C. Ramírez
2026-07-24,09:07,mañana,L1,ENV-1000,HMI,Arranque de turno,arranque normal del equipo,A. Quintero
2026-07-24,10:25,mañana,L3,ENV-500,HMI,Inspección de calidad,muestreo de peso conforme al plan,A. Quintero
2026-07-24,11:57,mañana,L2,BAN-250,Bitácora,Arranque de turno,arranque normal del equipo,J. Peláez
2026-07-24,12:21,mañana,L3,ENV-500,Bitácora,Ajuste de proceso,se corrigió el perfil de temperaturas,M. Ocampo
2026-07-24,14:14,tarde,L1,ENV-1000,HMI,Mantenimiento correctivo,ajuste de cierre del molde,L. Betancur
2026-07-24,15:26,tarde,L1,ENV-1000,HMI,Alarma HMI,alarma de dosificador,D. Valencia
2026-07-24,15:48,tarde,L2,BAN-250,HMI,Arranque de turno,arranque con precalentamiento del molde,C. Ramírez
2026-07-24,15:58,tarde,L1,ENV-1000,Bitácora,Inspección de calidad,muestreo de peso conforme al plan,J. Peláez
2026-07-24,16:14,tarde,L3,ENV-500,Bitácora,Ajuste de proceso,se bajó el tiempo de enfriamiento,J. Peláez
2026-07-24,16:54,tarde,L2,BAN-250,HMI,Paro no programado,paro por falta de resina en tolva,D. Valencia
2026-07-24,18:51,tarde,L2,BAN-250,Bitácora,Alarma HMI,presión de inyección fuera de banda,L. Betancur
2026-07-24,19:21,tarde,L1,ENV-1000,HMI,Inspección de calidad,revisión dimensional de rutina,M. Ocampo
2026-07-24,19:51,tarde,L1,ENV-1000,HMI,Paro no programado,paro por falta de resina en tolva,D. Valencia
2026-07-24,20:25,tarde,L2,BAN-250,HMI,Mantenimiento correctivo,ajuste de cierre del molde,A. Quintero
2026-07-24,20:54,tarde,L3,ENV-500,Bitácora,Mantenimiento correctivo,ajuste de cierre del molde,A. Quintero
2026-07-24,22:40,noche,L1,ENV-1000,HMI,Ajuste de proceso,ajuste de contrapresión,C. Ramírez
2026-07-24,23:18,noche,L1,ENV-1000,Bitácora,Inspección de calidad,muestreo de peso conforme al plan,C. Ramírez
2026-07-24,23:53,noche,L3,ENV-500,HMI,Paro no programado,paro por atasco en la banda de salida,J. Peláez
2026-07-25,02:29,noche,L1,ENV-1000,HMI,Arranque de turno,"el molde arrancó por debajo de temperatura, primeras piezas con rebaba",D. Valencia
2026-07-25,03:55,noche,L1,ENV-1000,HMI,Inspección de calidad,revisión dimensional de rutina,D. Valencia
2026-07-25,05:13,noche,L1,ENV-1000,HMI,Paro no programado,paro eléctrico breve,M. Ocampo
2026-07-25,06:20,mañana,L2,BAN-250,HMI,Inspección de calidad,muestreo de peso conforme al plan,M. Ocampo
2026-07-25,07:20,mañana,L1,ENV-1000,Bitácora,Arranque de turno,arranque normal del equipo,A. Quintero
2026-07-25,08:50,mañana,L2,BAN-250,Bitácora,Paro no programado,paro por atasco en la banda de salida,J. Peláez
2026-07-25,09:23,mañana,L1,ENV-1000,HMI,Arranque de turno,arranque normal del equipo,D. Valencia
2026-07-25,09:46,mañana,L1,ENV-1000,Bitácora,Alarma HMI,alarma de temperatura de zona 3,D. Valencia
2026-07-25,11:32,mañana,L2,BAN-250,HMI,Paro no programado,paro por falta de resina en tolva,C. Ramírez
2026-07-25,13:16,mañana,L1,ENV-1000,Bitácora,Alarma HMI,falla de sensor de posición del husillo,L. Betancur
2026-07-25,13:28,mañana,L1,ENV-1000,Bitácora,Paro no programado,paro por falta de resina en tolva,A. Quintero
2026-07-25,13:59,mañana,L2,BAN-250,Bitácora,Mantenimiento correctivo,ajuste de cierre del molde,J. Peláez
2026-07-25,16:11,tarde,L2,BAN-250,Bitácora,Inspección de calidad,revisión dimensional de rutina,D. Valencia
2026-07-25,19:49,tarde,L2,BAN-250,HMI,Alarma HMI,presión de inyección fuera de banda,D. Valencia
2026-07-25,21:24,tarde,L2,BAN-250,Bitácora,Mantenimiento correctivo,ajuste de cierre del molde,J. Peláez
2026-07-25,22:43,noche,L1,ENV-1000,Bitácora,Alarma HMI,alarma de temperatura de zona 3,L. Betancur
2026-07-26,01:14,noche,L1,ENV-500,HMI,Mantenimiento correctivo,ajuste de cierre del molde,L. Betancur
2026-07-26,01:59,noche,L2,TAP-38,HMI,Arranque de turno,arranque normal del equipo,A. Quintero
2026-07-26,02:29,noche,L2,TAP-38,Bitácora,Mantenimiento correctivo,cambio de resistencia de la zona 2,A. Quintero
2026-07-26,03:24,noche,L2,TAP-38,HMI,Arranque de turno,arranque normal del equipo,C. Ramírez
2026-07-26,04:20,noche,L1,ENV-500,HMI,Arranque de turno,arranque normal del equipo,D. Valencia
2026-07-26,04:55,noche,L2,TAP-38,Bitácora,Ajuste de proceso,ajuste de contrapresión,L. Betancur
2026-07-26,05:21,noche,L1,ENV-500,HMI,Mantenimiento correctivo,ajuste de cierre del molde,A. Quintero
2026-07-26,10:24,mañana,L3,ENV-500,Bitácora,Paro no programado,paro por falta de resina en tolva,C. Ramírez
2026-07-26,12:09,mañana,L3,ENV-500,Bitácora,Paro no programado,paro por falta de resina en tolva,D. Valencia
2026-07-26,12:13,mañana,L3,ENV-500,HMI,Arranque de turno,arranque con precalentamiento del molde,L. Betancur
2026-07-26,15:11,tarde,L3,ENV-500,Bitácora,Mantenimiento correctivo,ajuste de cierre del molde,D. Valencia
2026-07-26,16:41,tarde,L3,ENV-500,Bitácora,Paro no programado,paro por falta de resina en tolva,D. Valencia
2026-07-26,18:17,tarde,L1,ENV-500,HMI,Alarma HMI,falla de sensor de posición del husillo,A. Quintero
2026-07-26,18:31,tarde,L1,ENV-500,Bitácora,Alarma HMI,alarma de temperatura de zona 3,C. Ramírez
2026-07-26,18:52,tarde,L3,ENV-500,Bitácora,Arranque de turno,"el molde arrancó por debajo de temperatura, primeras piezas con rebaba",D. Valencia
2026-07-26,18:54,tarde,L3,ENV-500,HMI,Alarma HMI,alarma de dosificador,M. Ocampo
2026-07-26,19:56,tarde,L1,ENV-500,Bitácora,Mantenimiento correctivo,ajuste de cierre del molde,D. Valencia
2026-07-26,22:45,noche,L1,ENV-500,Bitácora,Inspección de calidad,muestreo de peso conforme al plan,C. Ramírez
2026-07-27,00:53,noche,L2,TAP-38,Bitácora,Alarma HMI,alarma de temperatura de zona 3,M. Ocampo
2026-07-27,03:37,noche,L2,TAP-38,Bitácora,Arranque de turno,arranque con precalentamiento del molde,D. Valencia
2026-07-27,03:58,noche,L1,ENV-500,HMI,Inspección de calidad,muestreo de peso conforme al plan,C. Ramírez
2026-07-27,04:41,noche,L2,TAP-38,HMI,Alarma HMI,falla de sensor de posición del husillo,D. Valencia
2026-07-27,05:29,noche,L2,TAP-38,Bitácora,Alarma HMI,alarma de dosificador,L. Betancur
2026-07-27,05:40,noche,L1,ENV-500,HMI,Paro no programado,paro eléctrico breve,L. Betancur
2026-07-27,06:26,mañana,L2,TAP-38,HMI,Alarma HMI,presión de inyección fuera de banda,A. Quintero
2026-07-27,07:24,mañana,L3,ENV-500,HMI,Ajuste de proceso,se corrigió el perfil de temperaturas,D. Valencia
2026-07-27,07:46,mañana,L1,ENV-500,HMI,Mantenimiento correctivo,cambio de resistencia de la zona 2,D. Valencia
2026-07-27,10:16,mañana,L3,ENV-500,HMI,Ajuste de proceso,se bajó el tiempo de enfriamiento,D. Valencia
2026-07-27,10:57,mañana,L2,TAP-38,HMI,Ajuste de proceso,ajuste de contrapresión,L. Betancur
2026-07-27,10:57,mañana,L3,ENV-500,Bitácora,Ajuste de proceso,se corrigió el perfil de temperaturas,M. Ocampo
2026-07-27,11:24,mañana,L3,ENV-500,Bitácora,Paro no programado,paro por atasco en la banda de salida,D. Valencia
2026-07-27,12:02,mañana,L2,TAP-38,Bitácora,Alarma HMI,falla de sensor de posición del husillo,C. Ramírez
2026-07-27,13:55,mañana,L1,ENV-500,HMI,Alarma HMI,falla de sensor de posición del husillo,J. Peláez
2026-07-27,14:23,tarde,L3,ENV-500,HMI,Arranque de turno,arranque normal del equipo,A. Quintero
2026-07-27,15:11,tarde,L1,ENV-500,Bitácora,Alarma HMI,falla de sensor de posición del husillo,L. Betancur
2026-07-27,15:17,tarde,L3,ENV-500,Bitácora,Ajuste de proceso,se corrigió el perfil de temperaturas,M. Ocampo
2026-07-27,15:32,tarde,L3,ENV-500,HMI,Mantenimiento correctivo,ajuste de cierre del molde,C. Ramírez
2026-07-27,16:37,tarde,L3,ENV-500,HMI,Arranque de turno,arranque normal del equipo,D. Valencia
2026-07-27,18:36,tarde,L1,ENV-500,Bitácora,Mantenimiento correctivo,ajuste de cierre del molde,D. Valencia
2026-07-27,19:30,tarde,L3,ENV-500,HMI,Inspección de calidad,muestreo de peso conforme al plan,J. Peláez
2026-07-27,19:55,tarde,L2,TAP-38,Bitácora,Alarma HMI,falla de sensor de posición del husillo,L. Betancur
2026-07-27,20:07,tarde,L2,TAP-38,HMI,Arranque de turno,arranque normal del equipo,A. Quintero
2026-07-27,20:24,tarde,L1,ENV-500,HMI,Alarma HMI,alarma de temperatura de zona 3,C. Ramírez
2026-07-27,20:59,tarde,L2,TAP-38,Bitácora,Ajuste de proceso,se bajó el tiempo de enfriamiento,L. Betancur
2026-07-27,21:06,tarde,L1,ENV-500,HMI,Mantenimiento correctivo,cambio de resistencia de la zona 2,D. Valencia
2026-07-28,08:25,mañana,L1,ENV-500,HMI,Alarma HMI,falla de sensor de posición del husillo,L. Betancur
2026-07-28,10:59,mañana,L3,GAL-3800,HMI,Inspección de calidad,revisión dimensional de rutina,J. Peláez
2026-07-28,12:01,mañana,L3,GAL-3800,HMI,Alarma HMI,alarma de temperatura de zona 3,A. Quintero
2026-07-28,13:11,mañana,L1,ENV-500,Bitácora,Paro no programado,paro eléctrico breve,C. Ramírez
2026-07-28,13:51,mañana,L1,ENV-500,Bitácora,Paro no programado,paro por atasco en la banda de salida,M. Ocampo
2026-07-28,16:31,tarde,L3,GAL-3800,Bitácora,Inspección de calidad,muestreo de peso conforme al plan,A. Quintero
2026-07-28,16:35,tarde,L3,GAL-3800,HMI,Inspección de calidad,muestreo de peso conforme al plan,C. Ramírez
2026-07-28,16:39,tarde,L2,TAP-38,Bitácora,Ajuste de proceso,ajuste de contrapresión,C. Ramírez
2026-07-28,18:14,tarde,L3,GAL-3800,HMI,Arranque de turno,"el molde arrancó por debajo de temperatura, primeras piezas con rebaba",C. Ramírez
2026-07-28,18:38,tarde,L1,ENV-500,Bitácora,Alarma HMI,falla de sensor de posición del husillo,D. Valencia
2026-07-28,18:48,tarde,L2,TAP-38,HMI,Alarma HMI,falla de sensor de posición del husillo,L. Betancur
2026-07-28,19:38,tarde,L1,ENV-500,HMI,Mantenimiento correctivo,ajuste de cierre del molde,J. Peláez
2026-07-28,21:35,tarde,L3,GAL-3800,Bitácora,Alarma HMI,alarma de dosificador,C. Ramírez
2026-07-29,02:05,noche,L3,GAL-3800,HMI,Arranque de turno,"el molde arrancó por debajo de temperatura, primeras piezas con rebaba",C. Ramírez
2026-07-29,03:11,noche,L2,TAP-38,HMI,Alarma HMI,alarma de temperatura de zona 3,J. Peláez
2026-07-29,03:16,noche,L3,GAL-3800,Bitácora,Alarma HMI,alarma de dosificador,J. Peláez
2026-07-29,06:12,mañana,L1,ENV-500,Bitácora,Arranque de turno,arranque con precalentamiento del molde,A. Quintero
2026-07-29,07:40,mañana,L1,ENV-500,HMI,Ajuste de proceso,ajuste de contrapresión,A. Quintero
2026-07-29,08:58,mañana,L1,ENV-500,Bitácora,Ajuste de proceso,se corrigió el perfil de temperaturas,J. Peláez
2026-07-29,11:39,mañana,L3,GAL-3800,HMI,Inspección de calidad,muestreo de peso conforme al plan,C. Ramírez
2026-07-29,11:44,mañana,L1,ENV-500,Bitácora,Ajuste de proceso,ajuste de contrapresión,C. Ramírez
2026-07-29,13:38,mañana,L3,GAL-3800,Bitácora,Alarma HMI,alarma de dosificador,C. Ramírez
2026-07-29,15:10,tarde,L3,GAL-3800,HMI,Alarma HMI,presión de inyección fuera de banda,L. Betancur
2026-07-29,16:19,tarde,L1,ENV-500,Bitácora,Paro no programado,paro eléctrico breve,J. Peláez
2026-07-29,17:02,tarde,L3,GAL-3800,Bitácora,Paro no programado,paro eléctrico breve,A. Quintero
2026-07-29,17:08,tarde,L1,ENV-500,Bitácora,Alarma HMI,alarma de temperatura de zona 3,J. Peláez
2026-07-29,19:41,tarde,L1,ENV-500,Bitácora,Paro no programado,paro eléctrico breve,A. Quintero
2026-07-29,19:52,tarde,L1,ENV-500,Bitácora,Paro no programado,paro eléctrico breve,L. Betancur
2026-07-29,20:27,tarde,L3,GAL-3800,HMI,Paro no programado,paro eléctrico breve,A. Quintero
2026-07-29,23:07,noche,L2,TAP-38,HMI,Ajuste de proceso,ajuste de contrapresión,A. Quintero
2026-07-30,01:15,noche,L1,ENV-500,Bitácora,Arranque de turno,arranque con precalentamiento del molde,C. Ramírez
2026-07-30,01:30,noche,L3,GAL-3800,HMI,Paro no programado,paro eléctrico breve,C. Ramírez
2026-07-30,03:07,noche,L1,ENV-500,HMI,Inspección de calidad,revisión dimensional de rutina,A. Quintero
2026-07-30,03:13,noche,L3,GAL-3800,Bitácora,Alarma HMI,alarma de dosificador,J. Peláez
2026-07-30,04:11,noche,L3,GAL-3800,HMI,Mantenimiento correctivo,ajuste de cierre del molde,M. Ocampo
2026-07-30,05:14,noche,L3,GAL-3800,HMI,Paro no programado,paro por falta de resina en tolva,D. Valencia
2026-07-30,07:36,mañana,L2,TAP-38,HMI,Arranque de turno,"el molde arrancó por debajo de temperatura, primeras piezas con rebaba",M. Ocampo
2026-07-30,09:08,mañana,L1,ENV-500,HMI,Arranque de turno,arranque normal del equipo,M. Ocampo
2026-07-30,09:09,mañana,L2,TAP-38,HMI,Ajuste de proceso,ajuste de contrapresión,D. Valencia
2026-07-30,09:16,mañana,L3,GAL-3800,HMI,Mantenimiento correctivo,cambio de resistencia de la zona 2,J. Peláez
2026-07-30,10:09,mañana,L1,ENV-500,HMI,Inspección de calidad,muestreo de peso conforme al plan,D. Valencia
2026-07-30,10:38,mañana,L3,GAL-3800,Bitácora,Arranque de turno,arranque normal del equipo,L. Betancur
2026-07-30,11:59,mañana,L3,GAL-3800,HMI,Paro no programado,paro eléctrico breve,C. Ramírez
2026-07-30,13:09,mañana,L3,GAL-3800,HMI,Inspección de calidad,revisión dimensional de rutina,M. Ocampo
2026-07-30,13:26,mañana,L2,TAP-38,Bitácora,Ajuste de proceso,ajuste de contrapresión,A. Quintero
2026-07-30,13:44,mañana,L1,ENV-500,Bitácora,Ajuste de proceso,se bajó el tiempo de enfriamiento,J. Peláez
2026-07-30,13:50,mañana,L3,GAL-3800,HMI,Arranque de turno,arranque con precalentamiento del molde,L. Betancur
2026-07-30,16:25,tarde,L1,ENV-500,Bitácora,Paro no programado,paro por falta de resina en tolva,C. Ramírez
2026-07-30,19:41,tarde,L1,ENV-500,HMI,Mantenimiento correctivo,cambio de resistencia de la zona 2,J. Peláez
2026-07-30,20:22,tarde,L1,ENV-500,HMI,Inspección de calidad,revisión dimensional de rutina,D. Valencia
2026-07-30,22:35,noche,L1,ENV-500,Bitácora,Ajuste de proceso,ajuste de contrapresión,J. Peláez
2026-07-30,22:55,noche,L1,ENV-500,HMI,Ajuste de proceso,se bajó el tiempo de enfriamiento,J. Peláez
2026-07-30,22:58,noche,L1,ENV-500,HMI,Ajuste de proceso,ajuste de contrapresión,D. Valencia
2026-07-31,03:37,noche,L2,TAP-38,HMI,Inspección de calidad,muestreo de peso conforme al plan,J. Peláez
2026-07-31,03:53,noche,L1,ENV-1000,HMI,Mantenimiento correctivo,cambio de resistencia de la zona 2,M. Ocampo
2026-07-31,04:59,noche,L2,TAP-38,Bitácora,Arranque de turno,arranque normal del equipo,D. Valencia
2026-07-31,05:14,noche,L1,ENV-1000,HMI,Alarma HMI,alarma de dosificador,M. Ocampo
2026-07-31,05:41,noche,L2,TAP-38,HMI,Inspección de calidad,revisión dimensional de rutina,J. Peláez
2026-07-31,07:10,mañana,L3,GAL-3800,HMI,Inspección de calidad,revisión dimensional de rutina,A. Quintero
2026-07-31,08:54,mañana,L3,GAL-3800,HMI,Paro no programado,paro por falta de resina en tolva,J. Peláez
2026-07-31,09:04,mañana,L3,GAL-3800,Bitácora,Alarma HMI,alarma de dosificador,D. Valencia
2026-07-31,12:51,mañana,L3,GAL-3800,HMI,Alarma HMI,alarma de dosificador,L. Betancur
2026-07-31,14:04,tarde,L3,GAL-3800,HMI,Alarma HMI,alarma de dosificador,J. Peláez
2026-07-31,16:32,tarde,L1,ENV-1000,Bitácora,Mantenimiento correctivo,cambio de resistencia de la zona 2,A. Quintero
2026-07-31,17:34,tarde,L3,GAL-3800,Bitácora,Alarma HMI,presión de inyección fuera de banda,M. Ocampo
2026-07-31,17:54,tarde,L1,ENV-1000,Bitácora,Ajuste de proceso,ajuste de contrapresión,C. Ramírez
2026-07-31,19:23,tarde,L1,ENV-1000,HMI,Ajuste de proceso,se bajó el tiempo de enfriamiento,C. Ramírez
2026-07-31,19:58,tarde,L3,GAL-3800,HMI,Alarma HMI,alarma de dosificador,C. Ramírez
2026-07-31,22:49,noche,L2,TAP-38,Bitácora,Inspección de calidad,muestreo de peso conforme al plan,M. Ocampo
2026-07-31,22:58,noche,L2,TAP-38,Bitácora,Inspección de calidad,muestreo de peso conforme al plan,D. Valencia
2026-08-01,01:22,noche,L1,ENV-1000,HMI,Ajuste de proceso,se bajó el tiempo de enfriamiento,J. Peláez
2026-08-01,02:48,noche,L2,TAP-38,Bitácora,Ajuste de proceso,ajuste de contrapresión,J. Peláez
2026-08-01,03:28,noche,L3,GAL-3800,HMI,Alarma HMI,alarma de dosificador,C. Ramírez
2026-08-01,03:49,noche,L1,ENV-1000,HMI,Inspección de calidad,muestreo de peso conforme al plan,D. Valencia
2026-08-01,05:10,noche,L3,GAL-3800,Bitácora,Inspección de calidad,muestreo de peso conforme al plan,A. Quintero
2026-08-01,06:08,mañana,L1,ENV-1000,Bitácora,Arranque de turno,arranque con precalentamiento del molde,M. Ocampo
2026-08-01,09:50,mañana,L2,TAP-38,HMI,Arranque de turno,arranque normal del equipo,C. Ramírez
2026-08-01,10:08,mañana,L2,TAP-38,Bitácora,Inspección de calidad,muestreo de peso conforme al plan,D. Valencia
2026-08-01,11:14,mañana,L1,ENV-1000,Bitácora,Arranque de turno,arranque con precalentamiento del molde,J. Peláez
2026-08-01,11:20,mañana,L1,ENV-1000,HMI,Inspección de calidad,muestreo de peso conforme al plan,L. Betancur
2026-08-01,11:28,mañana,L3,GAL-3800,Bitácora,Ajuste de proceso,se bajó el tiempo de enfriamiento,C. Ramírez
2026-08-01,11:42,mañana,L3,GAL-3800,HMI,Mantenimiento correctivo,cambio de resistencia de la zona 2,L. Betancur
2026-08-01,11:45,mañana,L3,GAL-3800,Bitácora,Inspección de calidad,revisión dimensional de rutina,L. Betancur
2026-08-01,12:18,mañana,L1,ENV-1000,Bitácora,Arranque de turno,arranque normal del equipo,D. Valencia
2026-08-01,12:41,mañana,L3,GAL-3800,HMI,Arranque de turno,arranque con precalentamiento del molde,A. Quintero
2026-08-01,14:18,tarde,L3,GAL-3800,HMI,Inspección de calidad,revisión dimensional de rutina,D. Valencia
2026-08-01,15:25,tarde,L3,GAL-3800,HMI,Ajuste de proceso,se bajó el tiempo de enfriamiento,C. Ramírez
2026-08-01,17:23,tarde,L1,ENV-1000,HMI,Alarma HMI,presión de inyección fuera de banda,L. Betancur
2026-08-01,18:01,tarde,L1,ENV-1000,HMI,Ajuste de proceso,se bajó el tiempo de enfriamiento,L. Betancur
2026-08-01,18:39,tarde,L2,TAP-38,Bitácora,Inspección de calidad,muestreo de peso conforme al plan,J. Peláez
2026-08-01,19:00,tarde,L1,ENV-1000,HMI,Arranque de turno,"el molde arrancó por debajo de temperatura, primeras piezas con rebaba",M. Ocampo
2026-08-01,19:51,tarde,L3,GAL-3800,Bitácora,Inspección de calidad,muestreo de peso conforme al plan,J. Peláez
2026-08-01,20:23,tarde,L3,GAL-3800,HMI,Alarma HMI,falla de sensor de posición del husillo,C. Ramírez
2026-08-01,21:29,tarde,L2,TAP-38,HMI,Paro no programado,paro por atasco en la banda de salida,C. Ramírez
2026-08-01,23:04,noche,L2,TAP-38,HMI,Arranque de turno,"el molde arrancó por debajo de temperatura, primeras piezas con rebaba",D. Valencia
2026-08-01,23:14,noche,L2,TAP-38,HMI,Mantenimiento correctivo,cambio de resistencia de la zona 2,J. Peláez
2026-08-02,01:28,noche,L1,ENV-1000,HMI,Mantenimiento correctivo,cambio de resistencia de la zona 2,L. Betancur
2026-08-02,02:58,noche,L1,ENV-1000,HMI,Inspección de calidad,muestreo de peso conforme al plan,J. Peláez
2026-08-02,06:05,mañana,L2,TAP-38,HMI,Alarma HMI,alarma de dosificador,D. Valencia
2026-08-02,06:11,mañana,L3,GAL-3800,HMI,Inspección de calidad,muestreo de peso conforme al plan,D. Valencia
2026-08-02,06:26,mañana,L3,GAL-3800,Bitácora,Paro no programado,paro por falta de resina en tolva,D. Valencia
2026-08-02,06:57,mañana,L1,ENV-1000,HMI,Arranque de turno,arranque normal del equipo,C. Ramírez
2026-08-02,07:05,mañana,L3,GAL-3800,Bitácora,Alarma HMI,alarma de temperatura de zona 3,L. Betancur
2026-08-02,07:36,mañana,L3,GAL-3800,Bitácora,Paro no programado,paro por atasco en la banda de salida,L. Betancur
2026-08-02,09:31,mañana,L1,ENV-1000,HMI,Arranque de turno,arranque con precalentamiento del molde,L. Betancur
2026-08-02,11:08,mañana,L1,ENV-1000,HMI,Alarma HMI,alarma de dosificador,L. Betancur
2026-08-02,12:49,mañana,L1,ENV-1000,HMI,Inspección de calidad,muestreo de peso conforme al plan,A. Quintero
2026-08-02,12:52,mañana,L2,TAP-38,HMI,Inspección de calidad,revisión dimensional de rutina,A. Quintero
2026-08-02,13:14,mañana,L2,TAP-38,Bitácora,Arranque de turno,arranque normal del equipo,L. Betancur
2026-08-02,13:17,mañana,L3,GAL-3800,Bitácora,Inspección de calidad,muestreo de peso conforme al plan,M. Ocampo
2026-08-02,14:08,tarde,L2,TAP-38,HMI,Inspección de calidad,revisión dimensional de rutina,L. Betancur
2026-08-02,14:10,tarde,L3,GAL-3800,HMI,Mantenimiento correctivo,cambio de resistencia de la zona 2,C. Ramírez
2026-08-02,15:14,tarde,L3,GAL-3800,HMI,Ajuste de proceso,ajuste de contrapresión,C. Ramírez
2026-08-02,15:54,tarde,L2,TAP-38,HMI,Alarma HMI,presión de inyección fuera de banda,D. Valencia
2026-08-02,15:57,tarde,L3,GAL-3800,HMI,Paro no programado,paro eléctrico breve,C. Ramírez
2026-08-02,15:59,tarde,L1,ENV-1000,HMI,Alarma HMI,alarma de temperatura de zona 3,C. Ramírez
2026-08-02,17:13,tarde,L2,TAP-38,HMI,Alarma HMI,presión de inyección fuera de banda,L. Betancur
2026-08-02,18:05,tarde,L1,ENV-1000,HMI,Alarma HMI,presión de inyección fuera de banda,L. Betancur
2026-08-02,18:15,tarde,L3,GAL-3800,Bitácora,Inspección de calidad,muestreo de peso conforme al plan,D. Valencia
2026-08-02,18:20,tarde,L3,GAL-3800,HMI,Paro no programado,paro por atasco en la banda de salida,A. Quintero
2026-08-02,20:26,tarde,L2,TAP-38,HMI,Ajuste de proceso,se corrigió el perfil de temperaturas,C. Ramírez
2026-08-02,21:39,tarde,L2,TAP-38,Bitácora,Alarma HMI,alarma de dosificador,L. Betancur
2026-08-03,00:04,noche,L1,ENV-1000,HMI,Paro no programado,paro por atasco en la banda de salida,A. Quintero
2026-08-03,01:08,noche,L1,ENV-1000,Bitácora,Arranque de turno,arranque con precalentamiento del molde,D. Valencia
2026-08-03,01:08,noche,L2,BAN-250,Bitácora,Ajuste de proceso,se corrigió el perfil de temperaturas,C. Ramírez
2026-08-03,01:10,noche,L2,BAN-250,Bitácora,Arranque de turno,"el molde arrancó por debajo de temperatura, primeras piezas con rebaba",L. Betancur
2026-08-03,03:59,noche,L2,BAN-250,Bitácora,Inspección de calidad,revisión dimensional de rutina,L. Betancur
2026-08-03,04:16,noche,L1,ENV-1000,HMI,Paro no programado,paro por falta de resina en tolva,D. Valencia
2026-08-03,04:57,noche,L2,BAN-250,HMI,Alarma HMI,presión de inyección fuera de banda,A. Quintero
2026-08-03,05:31,noche,L1,ENV-1000,HMI,Alarma HMI,falla de sensor de posición del husillo,C. Ramírez
2026-08-03,05:37,noche,L2,BAN-250,HMI,Arranque de turno,"el molde arrancó por debajo de temperatura, primeras piezas con rebaba",J. Peláez
2026-08-03,07:30,mañana,L1,ENV-1000,HMI,Paro no programado,paro por atasco en la banda de salida,C. Ramírez
2026-08-03,07:33,mañana,L1,ENV-1000,HMI,Alarma HMI,falla de sensor de posición del husillo,C. Ramírez
2026-08-03,09:52,mañana,L1,ENV-1000,Bitácora,Ajuste de proceso,ajuste de contrapresión,L. Betancur
2026-08-03,10:39,mañana,L2,BAN-250,HMI,Alarma HMI,alarma de dosificador,A. Quintero
2026-08-03,10:45,mañana,L2,BAN-250,HMI,Mantenimiento correctivo,cambio de resistencia de la zona 2,C. Ramírez
2026-08-03,12:25,mañana,L1,ENV-1000,HMI,Arranque de turno,"el molde arrancó por debajo de temperatura, primeras piezas con rebaba",C. Ramírez
2026-08-03,12:32,mañana,L2,BAN-250,HMI,Paro no programado,paro eléctrico breve,L. Betancur
2026-08-03,13:21,mañana,L2,BAN-250,HMI,Ajuste de proceso,se bajó el tiempo de enfriamiento,J. Peláez
2026-08-03,15:56,tarde,L2,BAN-250,Bitácora,Ajuste de proceso,se corrigió el perfil de temperaturas,L. Betancur
2026-08-03,16:59,tarde,L2,BAN-250,HMI,Paro no programado,paro por atasco en la banda de salida,C. Ramírez
2026-08-03,17:50,tarde,L2,BAN-250,HMI,Paro no programado,paro eléctrico breve,A. Quintero
2026-08-03,20:58,tarde,L2,BAN-250,HMI,Inspección de calidad,muestreo de peso conforme al plan,L. Betancur
2026-08-03,21:32,tarde,L2,BAN-250,Bitácora,Alarma HMI,alarma de temperatura de zona 3,D. Valencia
2026-08-03,23:54,noche,L1,ENV-1000,Bitácora,Inspección de calidad,muestreo de peso conforme al plan,A. Quintero
2026-08-04,00:13,noche,L1,ENV-1000,HMI,Arranque de turno,"el molde arrancó por debajo de temperatura, primeras piezas con rebaba",M. Ocampo
2026-08-04,01:04,noche,L1,ENV-1000,HMI,Mantenimiento correctivo,ajuste de cierre del molde,A. Quintero
2026-08-04,03:19,noche,L2,BAN-250,Bitácora,Paro no programado,paro por atasco en la banda de salida,A. Quintero
2026-08-04,03:26,noche,L2,BAN-250,Bitácora,Arranque de turno,arranque normal del equipo,M. Ocampo
2026-08-04,03:40,noche,L2,BAN-250,HMI,Paro no programado,paro por falta de resina en tolva,L. Betancur
2026-08-04,04:01,noche,L1,ENV-1000,HMI,Ajuste de proceso,se corrigió el perfil de temperaturas,J. Peláez
2026-08-04,06:00,mañana,L1,ENV-1000,HMI,Inspección de calidad,revisión dimensional de rutina,J. Peláez
2026-08-04,06:28,mañana,L1,ENV-1000,Bitácora,Alarma HMI,presión de inyección fuera de banda,A. Quintero
2026-08-04,06:41,mañana,L1,ENV-1000,Bitácora,Ajuste de proceso,se corrigió el perfil de temperaturas,L. Betancur
2026-08-04,07:10,mañana,L1,ENV-1000,HMI,Paro no programado,paro eléctrico breve,D. Valencia
2026-08-04,07:32,mañana,L2,BAN-250,Bitácora,Ajuste de proceso,se corrigió el perfil de temperaturas,C. Ramírez
2026-08-04,09:27,mañana,L2,BAN-250,HMI,Mantenimiento correctivo,ajuste de cierre del molde,J. Peláez
2026-08-04,10:10,mañana,L2,BAN-250,HMI,Arranque de turno,"el molde arrancó por debajo de temperatura, primeras piezas con rebaba",C. Ramírez
2026-08-04,10:50,mañana,L2,BAN-250,HMI,Inspección de calidad,revisión dimensional de rutina,D. Valencia
2026-08-04,12:21,mañana,L2,BAN-250,HMI,Arranque de turno,arranque con precalentamiento del molde,J. Peláez
2026-08-04,12:31,mañana,L1,ENV-1000,Bitácora,Alarma HMI,alarma de temperatura de zona 3,C. Ramírez
2026-08-04,14:40,tarde,L2,BAN-250,HMI,Paro no programado,paro eléctrico breve,C. Ramírez
2026-08-04,14:48,tarde,L2,BAN-250,Bitácora,Paro no programado,paro por atasco en la banda de salida,J. Peláez
2026-08-04,15:05,tarde,L1,ENV-1000,HMI,Arranque de turno,"el molde arrancó por debajo de temperatura, primeras piezas con rebaba",L. Betancur
2026-08-04,15:56,tarde,L2,BAN-250,Bitácora,Alarma HMI,alarma de temperatura de zona 3,D. Valencia
2026-08-04,16:42,tarde,L1,ENV-1000,HMI,Alarma HMI,falla de sensor de posición del husillo,M. Ocampo
2026-08-04,18:24,tarde,L2,BAN-250,Bitácora,Paro no programado,paro por falta de resina en tolva,D. Valencia
2026-08-04,19:40,tarde,L2,BAN-250,HMI,Ajuste de proceso,se bajó el tiempo de enfriamiento,C. Ramírez
2026-08-04,19:49,tarde,L1,ENV-1000,HMI,Paro no programado,paro por falta de resina en tolva,J. Peláez
2026-08-04,20:24,tarde,L1,ENV-1000,HMI,Paro no programado,paro eléctrico breve,A. Quintero
2026-08-04,21:44,tarde,L1,ENV-1000,HMI,Alarma HMI,falla de sensor de posición del husillo,J. Peláez
2026-08-05,01:11,noche,L1,ENV-500,HMI,Arranque de turno,"el molde arrancó por debajo de temperatura, primeras piezas con rebaba",C. Ramírez
2026-08-05,03:05,noche,L3,ENV-500,HMI,Paro no programado,paro por atasco en la banda de salida,J. Peláez
2026-08-05,03:16,noche,L1,ENV-500,HMI,Arranque de turno,"el molde arrancó por debajo de temperatura, primeras piezas con rebaba",M. Ocampo
2026-08-05,03:34,noche,L1,ENV-500,Bitácora,Inspección de calidad,muestreo de peso conforme al plan,D. Valencia
2026-08-05,03:56,noche,L1,ENV-500,HMI,Alarma HMI,presión de inyección fuera de banda,J. Peláez
2026-08-05,05:52,noche,L1,ENV-500,HMI,Alarma HMI,alarma de dosificador,C. Ramírez
2026-08-05,07:14,mañana,L1,ENV-500,Bitácora,Alarma HMI,falla de sensor de posición del husillo,M. Ocampo
2026-08-05,09:31,mañana,L3,ENV-500,Bitácora,Inspección de calidad,revisión dimensional de rutina,D. Valencia
2026-08-05,10:41,mañana,L3,ENV-500,Bitácora,Inspección de calidad,revisión dimensional de rutina,J. Peláez
2026-08-05,10:54,mañana,L1,ENV-500,Bitácora,Arranque de turno,arranque normal del equipo,C. Ramírez
2026-08-05,11:06,mañana,L3,ENV-500,Bitácora,Alarma HMI,presión de inyección fuera de banda,J. Peláez
2026-08-05,11:40,mañana,L1,ENV-500,HMI,Alarma HMI,falla de sensor de posición del husillo,C. Ramírez
2026-08-05,12:58,mañana,L3,ENV-500,HMI,Ajuste de proceso,ajuste de contrapresión,A. Quintero
2026-08-05,13:57,mañana,L3,ENV-500,HMI,Alarma HMI,presión de inyección fuera de banda,M. Ocampo
2026-08-05,14:22,tarde,L2,BAN-250,HMI,Alarma HMI,alarma de dosificador,L. Betancur
2026-08-05,14:29,tarde,L2,BAN-250,HMI,Arranque de turno,arranque normal del equipo,L. Betancur
2026-08-05,14:49,tarde,L1,ENV-500,Bitácora,Arranque de turno,"el molde arrancó por debajo de temperatura, primeras piezas con rebaba",C. Ramírez
2026-08-05,15:57,tarde,L3,ENV-500,HMI,Mantenimiento correctivo,cambio de resistencia de la zona 2,D. Valencia
2026-08-05,16:47,tarde,L2,BAN-250,Bitácora,Mantenimiento correctivo,cambio de resistencia de la zona 2,J. Peláez
2026-08-05,16:47,tarde,L3,ENV-500,HMI,Inspección de calidad,muestreo de peso conforme al plan,D. Valencia
2026-08-05,17:59,tarde,L3,ENV-500,HMI,Ajuste de proceso,se corrigió el perfil de temperaturas,J. Peláez
2026-08-05,19:34,tarde,L1,ENV-500,HMI,Mantenimiento correctivo,cambio de resistencia de la zona 2,L. Betancur
2026-08-05,20:23,tarde,L3,ENV-500,HMI,Arranque de turno,arranque normal del equipo,A. Quintero
2026-08-05,20:40,tarde,L1,ENV-500,HMI,Alarma HMI,falla de sensor de posición del husillo,L. Betancur
2026-08-05,22:16,noche,L3,ENV-500,HMI,Ajuste de proceso,se bajó el tiempo de enfriamiento,A. Quintero
2026-08-05,23:26,noche,L3,ENV-500,Bitácora,Mantenimiento correctivo,cambio de resistencia de la zona 2,C. Ramírez
2026-08-06,01:08,noche,L3,ENV-500,HMI,Alarma HMI,alarma de temperatura de zona 3,D. Valencia
2026-08-06,01:27,noche,L1,ENV-500,HMI,Inspección de calidad,revisión dimensional de rutina,A. Quintero
2026-08-06,04:49,noche,L3,ENV-500,HMI,Arranque de turno,arranque normal del equipo,A. Quintero
2026-08-06,05:03,noche,L3,ENV-500,HMI,Ajuste de proceso,ajuste de contrapresión,J. Peláez
2026-08-06,06:11,mañana,L2,BAN-250,HMI,Mantenimiento correctivo,ajuste de cierre del molde,L. Betancur
2026-08-06,06:14,mañana,L3,ENV-500,Bitácora,Mantenimiento correctivo,cambio de resistencia de la zona 2,J. Peláez
2026-08-06,06:38,mañana,L2,BAN-250,Bitácora,Ajuste de proceso,se corrigió el perfil de temperaturas,A. Quintero
2026-08-06,07:11,mañana,L2,BAN-250,Bitácora,Ajuste de proceso,ajuste de contrapresión,C. Ramírez
2026-08-06,07:51,mañana,L1,ENV-500,HMI,Ajuste de proceso,se corrigió el perfil de temperaturas,A. Quintero
2026-08-06,07:54,mañana,L3,ENV-500,Bitácora,Alarma HMI,alarma de dosificador,C. Ramírez
2026-08-06,08:51,mañana,L3,ENV-500,Bitácora,Alarma HMI,presión de inyección fuera de banda,A. Quintero
2026-08-06,09:19,mañana,L1,ENV-500,HMI,Inspección de calidad,revisión dimensional de rutina,D. Valencia
2026-08-06,09:58,mañana,L1,ENV-500,Bitácora,Alarma HMI,falla de sensor de posición del husillo,C. Ramírez
2026-08-06,10:11,mañana,L1,ENV-500,HMI,Inspección de calidad,muestreo de peso conforme al plan,C. Ramírez
2026-08-06,12:08,mañana,L2,BAN-250,Bitácora,Inspección de calidad,muestreo de peso conforme al plan,C. Ramírez
2026-08-06,12:39,mañana,L3,ENV-500,Bitácora,Mantenimiento correctivo,cambio de resistencia de la zona 2,A. Quintero
2026-08-06,13:32,mañana,L3,ENV-500,Bitácora,Mantenimiento correctivo,cambio de resistencia de la zona 2,D. Valencia
2026-08-06,13:58,mañana,L2,BAN-250,Bitácora,Arranque de turno,"el molde arrancó por debajo de temperatura, primeras piezas con rebaba",M. Ocampo
2026-08-06,14:38,tarde,L3,ENV-500,Bitácora,Inspección de calidad,revisión dimensional de rutina,L. Betancur
2026-08-06,14:52,tarde,L3,ENV-500,Bitácora,Inspección de calidad,muestreo de peso conforme al plan,C. Ramírez
2026-08-06,14:58,tarde,L3,ENV-500,Bitácora,Inspección de calidad,muestreo de peso conforme al plan,J. Peláez
2026-08-06,16:56,tarde,L3,ENV-500,Bitácora,Mantenimiento correctivo,cambio de resistencia de la zona 2,D. Valencia
2026-08-06,18:07,tarde,L3,ENV-500,HMI,Ajuste de proceso,se bajó el tiempo de enfriamiento,L. Betancur
2026-08-06,18:26,tarde,L1,ENV-500,Bitácora,Alarma HMI,presión de inyección fuera de banda,J. Peláez
2026-08-06,18:57,tarde,L1,ENV-500,Bitácora,Arranque de turno,arranque con precalentamiento del molde,A. Quintero
2026-08-06,20:12,tarde,L1,ENV-500,Bitácora,Paro no programado,paro por falta de resina en tolva,J. Peláez
2026-08-06,20:49,tarde,L1,ENV-500,HMI,Alarma HMI,falla de sensor de posición del husillo,L. Betancur
2026-08-06,22:13,noche,L1,ENV-500,HMI,Mantenimiento correctivo,ajuste de cierre del molde,D. Valencia
2026-08-06,22:20,noche,L3,ENV-500,HMI,Mantenimiento correctivo,cambio de resistencia de la zona 2,D. Valencia
2026-08-06,22:51,noche,L1,ENV-500,HMI,Paro no programado,paro por falta de resina en tolva,L. Betancur
2026-08-06,23:29,noche,L1,ENV-500,Bitácora,Mantenimiento correctivo,ajuste de cierre del molde,A. Quintero
