planta,fecha,turno,linea,sku,lote_resina,kg_consumida,kg_scrap,unidades_producidas,unidades_rechazadas,cambios_molde,cambios_color,paro_no_programado_min,arranque_post_mantenimiento,nota_supervisor
Envases del Pacífico S.A.S.,2026-02-08,mañana,L1,ENV-500,R-P0001,604.89,20.26,23860,538,0,0,0,0,sin novedad
Envases del Pacífico S.A.S.,2026-02-08,mañana,L3,GAL-3800,R-P0001,681.91,22.45,6762,150,0,0,0,0,"operación normal, se repuso resina a mitad de turno"
Envases del Pacífico S.A.S.,2026-02-08,tarde,L1,ENV-500,R-P0001,591.14,19.74,23328,524,0,0,0,1,se ajustó dosificación a media jornada
Envases del Pacífico S.A.S.,2026-02-08,tarde,L3,GAL-3800,R-P0001,440.21,10.03,4415,67,0,0,0,0,se ajustó dosificación a media jornada
Envases del Pacífico S.A.S.,2026-02-08,noche,L1,ENV-500,R-P0001,365.53,9.63,14542,256,0,0,71,0,sin novedad
Envases del Pacífico S.A.S.,2026-02-08,noche,L3,GAL-3800,R-P0001,782.17,28.29,7763,189,0,1,0,0,"cambio de color programado, sin contratiempos"
Envases del Pacífico S.A.S.,2026-02-09,mañana,L1,ENV-500,R-P0001,494.42,18.49,19359,489,0,0,0,1,"cambio de color programado, sin contratiempos"
Envases del Pacífico S.A.S.,2026-02-09,mañana,L2,TAP-38,R-P0001,464.87,13.21,143771,2733,0,0,0,0,producción estable
Envases del Pacífico S.A.S.,2026-02-09,mañana,L3,GAL-3800,R-P0001,535.75,13.75,5371,92,0,0,0,0,"operación normal, se repuso resina a mitad de turno"
Envases del Pacífico S.A.S.,2026-02-09,tarde,L1,ENV-500,R-P0001,763.44,24.13,30208,641,0,0,0,0,sin novedad
Envases del Pacífico S.A.S.,2026-02-09,tarde,L2,TAP-38,R-P0001,505.72,14.33,156664,2969,0,0,0,0,"operación normal, se repuso resina a mitad de turno"
Envases del Pacífico S.A.S.,2026-02-09,noche,L1,ENV-500,R-P0001,521.55,14.63,20766,390,0,0,71,0,sin novedad
Envases del Pacífico S.A.S.,2026-02-09,noche,L2,TAP-38,R-P0001,531.32,12.05,166502,2511,0,0,60,0,producción estable
Envases del Pacífico S.A.S.,2026-02-09,noche,L3,GAL-3800,R-P0001,389.99,11.73,3880,78,0,0,0,0,sin novedad
Envases del Pacífico S.A.S.,2026-02-10,mañana,L1,ENV-500,R-P0001,476.54,13.19,18882,349,0,0,0,0,sin novedad
Envases del Pacífico S.A.S.,2026-02-10,mañana,L2,TAP-38,R-P0001,603.46,17.18,187753,3576,0,0,0,0,sin novedad
Envases del Pacífico S.A.S.,2026-02-10,mañana,L3,GAL-3800,R-P0001,568.55,15.68,5677,105,0,0,84,0,sin novedad
Envases del Pacífico S.A.S.,2026-02-10,tarde,L1,ENV-500,R-P0001,538.4,15.32,21354,406,0,0,0,0,"cambio de color programado, sin contratiempos"
Envases del Pacífico S.A.S.,2026-02-10,tarde,L2,TAP-38,R-P0001,511.73,11.52,159982,2394,0,0,15,0,"cambio de color programado, sin contratiempos"
Envases del Pacífico S.A.S.,2026-02-10,tarde,L3,GAL-3800,R-P0002,577.44,11.59,5792,77,0,0,56,0,se ajustó dosificación a media jornada
Envases del Pacífico S.A.S.,2026-02-10,noche,L1,ENV-500,R-P0002,489.52,16.25,19383,433,0,0,0,0,se ajustó dosificación a media jornada
Envases del Pacífico S.A.S.,2026-02-10,noche,L2,TAP-38,R-P0002,549.85,16.27,171465,3398,0,0,0,0,turno normal
Envases del Pacífico S.A.S.,2026-02-11,mañana,L1,ENV-500,R-P0002,604.07,15.25,23938,403,0,0,0,0,sin novedad
Envases del Pacífico S.A.S.,2026-02-11,tarde,L1,ENV-500,R-P0002,467.03,10.15,18612,269,0,0,0,0,sin novedad
Envases del Pacífico S.A.S.,2026-02-11,noche,L2,TAP-38,R-P0002,590.93,22.24,182143,4630,0,1,19,0,turno normal
Envases del Pacífico S.A.S.,2026-02-12,mañana,L2,TAP-38,R-P0002,732.41,23.55,227941,4922,0,0,0,0,"cambio de color programado, sin contratiempos"
Envases del Pacífico S.A.S.,2026-02-12,mañana,L3,ENV-500,R-P0002,651.04,25.91,25586,689,1,1,0,0,sin novedad
Envases del Pacífico S.A.S.,2026-02-12,tarde,L1,ENV-500,R-P0002,522.72,12.51,20811,332,0,0,0,0,turno normal
Envases del Pacífico S.A.S.,2026-02-12,tarde,L2,TAP-38,R-P0002,531.56,15.96,165609,3333,0,0,13,0,sin novedad
Envases del Pacífico S.A.S.,2026-02-12,tarde,L3,ENV-500,R-P0002,672.59,20.43,26544,541,0,0,0,0,se ajustó dosificación a media jornada
Envases del Pacífico S.A.S.,2026-02-12,noche,L1,ENV-500,R-P0002,477.64,13.05,18887,345,0,0,0,0,producción estable
Envases del Pacífico S.A.S.,2026-02-12,noche,L2,TAP-38,R-P0002,523.3,15.61,162494,3248,0,0,0,0,sin novedad
Envases del Pacífico S.A.S.,2026-02-12,noche,L3,ENV-500,R-P0002,481.11,15.67,19081,418,0,0,0,0,"cambio de color programado, sin contratiempos"
Envases del Pacífico S.A.S.,2026-02-13,mañana,L1,ENV-500,R-P0002,412.98,9.96,16476,265,0,0,0,0,sin novedad
Envases del Pacífico S.A.S.,2026-02-13,mañana,L2,TAP-38,R-P0002,571.9,14.36,178374,2987,0,0,0,0,sin novedad
Envases del Pacífico S.A.S.,2026-02-13,mañana,L3,ENV-500,R-P0003,534.35,15.55,21288,415,0,0,0,0,"cambio de color programado, sin contratiempos"
Envases del Pacífico S.A.S.,2026-02-13,tarde,L3,ENV-500,R-P0003,571.85,17.72,22597,470,0,0,0,0,"cambio de color programado, sin contratiempos"
Envases del Pacífico S.A.S.,2026-02-13,noche,L1,ENV-500,R-P0003,473.41,14.91,18699,395,0,0,0,0,turno normal
Envases del Pacífico S.A.S.,2026-02-13,noche,L2,TAP-38,R-P0003,428.67,9.96,133430,2064,0,0,0,0,sin novedad
Envases del Pacífico S.A.S.,2026-02-13,noche,L3,ENV-500,R-P0003,477.67,15.61,18796,413,0,0,0,0,"cambio de color programado, sin contratiempos"
Envases del Pacífico S.A.S.,2026-02-14,mañana,L1,ENV-1000,R-P0003,450.56,18.05,11350,308,1,0,0,0,producción estable
Envases del Pacífico S.A.S.,2026-02-14,mañana,L2,TAP-38,R-P0003,465.21,13.04,144777,2714,0,0,0,0,sin novedad
Envases del Pacífico S.A.S.,2026-02-14,mañana,L3,ENV-500,R-P0003,553.79,14.51,21899,383,0,0,38,0,"operación normal, se repuso resina a mitad de turno"
Envases del Pacífico S.A.S.,2026-02-14,tarde,L1,ENV-1000,R-P0003,530.65,15.78,13433,268,0,0,0,0,sin novedad
Envases del Pacífico S.A.S.,2026-02-14,tarde,L2,TAP-38,R-P0003,358.75,8.9,112060,1852,0,0,0,0,sin novedad
Envases del Pacífico S.A.S.,2026-02-14,tarde,L3,ENV-500,R-P0003,531.52,11.43,21135,302,0,0,55,0,producción estable
Envases del Pacífico S.A.S.,2026-02-14,noche,L3,ENV-500,R-P0003,599.12,15.91,23736,421,0,0,0,0,sin novedad
Envases del Pacífico S.A.S.,2026-02-15,mañana,L2,TAP-38,R-P0003,618.27,17.42,191863,3617,0,0,0,0,"operación normal, se repuso resina a mitad de turno"
Envases del Pacífico S.A.S.,2026-02-15,mañana,L3,ENV-500,R-P0003,515.58,17.0,20358,451,0,0,0,0,sin novedad
Envases del Pacífico S.A.S.,2026-02-15,tarde,L1,ENV-1000,R-P0003,539.22,12.71,13786,216,0,0,0,0,"cambio de color programado, sin contratiempos"
Envases del Pacífico S.A.S.,2026-02-15,tarde,L3,ENV-500,R-P0003,562.11,14.55,22353,386,0,0,0,0,sin novedad
Envases del Pacífico S.A.S.,2026-02-15,noche,L1,ENV-1000,R-P0003,591.33,13.69,15031,232,0,0,0,0,sin novedad
Envases del Pacífico S.A.S.,2026-02-15,noche,L2,TAP-38,R-P0003,618.61,20.93,190972,4348,0,1,51,0,sin novedad
Envases del Pacífico S.A.S.,2026-02-15,noche,L3,ENV-500,R-P0003,648.83,14.34,25764,379,0,0,0,0,"cambio de color programado, sin contratiempos"
Envases del Pacífico S.A.S.,2026-02-16,mañana,L3,ENV-500,R-P0003,444.45,14.83,17592,395,0,1,0,0,turno normal
Envases del Pacífico S.A.S.,2026-02-16,tarde,L1,ENV-1000,R-P0003,567.68,23.45,14280,400,0,1,0,0,"operación normal, se repuso resina a mitad de turno"
Envases del Pacífico S.A.S.,2026-02-16,tarde,L2,BAN-250,R-P0004,578.26,21.03,43644,1071,1,0,0,0,se ajustó dosificación a media jornada
Envases del Pacífico S.A.S.,2026-02-16,tarde,L3,ENV-500,R-P0004,617.97,14.11,24724,376,0,0,51,0,sin novedad
Envases del Pacífico S.A.S.,2026-02-16,noche,L1,ENV-1000,R-P0004,659.28,20.88,16857,358,0,0,0,0,producción estable
Envases del Pacífico S.A.S.,2026-02-16,noche,L2,BAN-250,R-P0004,603.14,17.53,45834,892,0,0,0,0,turno normal
Envases del Pacífico S.A.S.,2026-02-16,noche,L3,ENV-500,R-P0004,630.49,16.99,25103,452,0,0,0,0,sin novedad
Envases del Pacífico S.A.S.,2026-02-17,mañana,L2,BAN-250,R-P0004,526.99,14.52,39895,735,0,0,83,0,sin novedad
Envases del Pacífico S.A.S.,2026-02-17,mañana,L3,ENV-500,R-P0004,699.87,19.49,27673,515,0,0,0,0,producción estable
Envases del Pacífico S.A.S.,2026-02-17,tarde,L1,ENV-500,R-P0004,523.31,22.16,20287,583,1,0,77,0,sin novedad
Envases del Pacífico S.A.S.,2026-02-17,tarde,L2,BAN-250,R-P0004,487.13,14.69,36786,744,0,0,24,0,sin novedad
Envases del Pacífico S.A.S.,2026-02-17,noche,L1,ENV-500,R-P0004,544.1,20.81,21213,548,0,1,0,0,sin novedad
Envases del Pacífico S.A.S.,2026-02-17,noche,L2,BAN-250,R-P0004,409.05,15.82,30622,801,0,1,0,0,producción estable
Envases del Pacífico S.A.S.,2026-02-18,mañana,L1,ENV-500,R-P0004,504.39,11.07,20000,292,0,0,0,0,sin novedad
Envases del Pacífico S.A.S.,2026-02-18,mañana,L3,ENV-500,R-P0004,644.35,16.76,25532,443,0,0,17,0,producción estable
Envases del Pacífico S.A.S.,2026-02-18,tarde,L1,ENV-500,R-P0004,756.21,23.63,29780,624,0,0,0,0,producción estable
Envases del Pacífico S.A.S.,2026-02-18,tarde,L2,BAN-250,R-P0004,541.4,18.19,40951,925,0,0,0,0,sin novedad
Envases del Pacífico S.A.S.,2026-02-18,tarde,L3,ENV-500,R-P0004,665.29,21.68,26317,576,0,1,40,0,producción estable
Envases del Pacífico S.A.S.,2026-02-18,noche,L1,ENV-500,R-P0004,528.59,16.36,20739,431,0,0,0,0,"operación normal, se repuso resina a mitad de turno"
Envases del Pacífico S.A.S.,2026-02-18,noche,L2,BAN-250,R-P0004,393.9,13.12,29612,663,0,1,0,0,producción estable
Envases del Pacífico S.A.S.,2026-02-19,mañana,L2,BAN-250,R-P0004,508.74,15.93,38709,813,0,0,0,0,"cambio de color programado, sin contratiempos"
Envases del Pacífico S.A.S.,2026-02-19,mañana,L3,ENV-500,R-P0004,534.69,17.73,21083,470,0,0,51,0,turno normal
Envases del Pacífico S.A.S.,2026-02-19,tarde,L1,ENV-500,R-P0004,507.97,12.88,20027,339,0,0,0,0,"arranque con el molde frío, mucha rebaba en las primeras cajas"
Envases del Pacífico S.A.S.,2026-02-19,tarde,L2,BAN-250,R-P0004,592.03,20.13,44392,1016,0,0,0,0,sin novedad
Envases del Pacífico S.A.S.,2026-02-19,tarde,L3,ENV-500,R-P0004,690.99,21.98,27386,585,0,0,0,0,producción estable
Envases del Pacífico S.A.S.,2026-02-19,noche,L1,ENV-500,R-P0004,485.48,15.65,19024,412,0,0,0,0,sin novedad
Envases del Pacífico S.A.S.,2026-02-19,noche,L2,BAN-250,R-P0005,793.94,24.4,59567,1228,0,0,0,0,producción estable
Envases del Pacífico S.A.S.,2026-02-19,noche,L3,ENV-500,R-P0005,489.03,15.8,19299,419,0,0,42,0,sin novedad
Envases del Pacífico S.A.S.,2026-02-20,mañana,L1,ENV-500,R-P0005,591.04,16.23,23332,428,0,0,0,0,producción estable
Envases del Pacífico S.A.S.,2026-02-20,mañana,L2,TAP-38,R-P0006,597.52,20.86,184430,4337,1,0,0,0,"cambio de color programado, sin contratiempos"
Envases del Pacífico S.A.S.,2026-02-20,tarde,L1,ENV-500,R-P0006,713.41,21.21,28026,558,0,0,0,0,"operación normal, se repuso resina a mitad de turno"
Envases del Pacífico S.A.S.,2026-02-20,tarde,L2,TAP-38,R-P0006,729.39,23.79,226145,4957,0,0,0,0,se ajustó dosificación a media jornada
Envases del Pacífico S.A.S.,2026-02-20,noche,L2,TAP-38,R-P0006,393.02,13.35,121510,2777,0,0,0,0,producción estable
Envases del Pacífico S.A.S.,2026-02-21,mañana,L1,ENV-1000,R-P0006,561.81,16.59,14337,284,1,0,0,0,producción estable
Envases del Pacífico S.A.S.,2026-02-21,mañana,L2,TAP-38,R-P0006,524.42,16.34,162807,3404,0,0,0,0,"operación normal, se repuso resina a mitad de turno"
Envases del Pacífico S.A.S.,2026-02-21,tarde,L1,ENV-1000,R-P0006,623.89,17.63,15923,301,0,0,0,0,sin novedad
Envases del Pacífico S.A.S.,2026-02-21,tarde,L3,GAL-3800,R-P0006,568.82,20.0,5659,134,1,0,0,0,"cambio de color programado, sin contratiempos"
Envases del Pacífico S.A.S.,2026-02-21,noche,L2,TAP-38,R-P0006,498.03,15.42,154047,3199,0,0,0,0,se ajustó dosificación a media jornada
Envases del Pacífico S.A.S.,2026-02-21,noche,L3,GAL-3800,R-P0006,567.45,19.84,5639,133,0,1,0,0,sin novedad
Envases del Pacífico S.A.S.,2026-02-22,mañana,L1,ENV-1000,R-P0006,374.06,8.73,9524,148,0,0,0,0,sin novedad
Envases del Pacífico S.A.S.,2026-02-22,mañana,L2,TAP-38,R-P0006,538.05,13.72,167825,2855,0,0,0,0,sin novedad
Envases del Pacífico S.A.S.,2026-02-22,tarde,L2,TAP-38,R-P0006,612.25,17.86,190390,3718,0,0,0,0,"cambio de color programado, sin contratiempos"
Envases del Pacífico S.A.S.,2026-02-22,noche,L1,ENV-1000,R-P0006,530.44,16.14,13505,276,0,0,0,0,se ajustó dosificación a media jornada
Envases del Pacífico S.A.S.,2026-02-23,mañana,L3,GAL-3800,R-P0006,576.22,15.63,5786,105,0,0,33,0,"cambio de color programado, sin contratiempos"
Envases del Pacífico S.A.S.,2026-02-23,tarde,L1,ENV-1000,R-P0006,569.53,16.84,14450,286,0,0,28,0,sin novedad
Envases del Pacífico S.A.S.,2026-02-23,tarde,L2,TAP-38,R-P0006,581.81,19.78,179041,4095,0,0,0,0,sin novedad
Envases del Pacífico S.A.S.,2026-02-23,tarde,L3,GAL-3800,R-P0006,478.06,12.13,4809,81,0,0,0,0,"arranque con el molde frío, mucha rebaba en las primeras cajas"
Envases del Pacífico S.A.S.,2026-02-23,noche,L1,ENV-1000,R-P0006,666.51,24.0,16814,408,0,1,34,0,sin novedad
Envases del Pacífico S.A.S.,2026-02-23,noche,L2,TAP-38,R-P0006,548.9,15.89,170199,3297,0,1,0,0,sin novedad
Envases del Pacífico S.A.S.,2026-02-23,noche,L3,GAL-3800,R-P0006,600.43,14.76,6028,99,0,0,0,0,"operación normal, se repuso resina a mitad de turno"
Envases del Pacífico S.A.S.,2026-02-24,mañana,L2,TAP-38,R-P0006,592.47,18.14,183400,3765,0,1,0,0,sin novedad
Envases del Pacífico S.A.S.,2026-02-24,mañana,L3,GAL-3800,R-P0007,631.25,14.79,6315,98,0,0,0,0,sin novedad
Envases del Pacífico S.A.S.,2026-02-24,tarde,L3,GAL-3800,R-P0007,586.46,16.01,5870,107,0,0,0,0,turno normal
Envases del Pacífico S.A.S.,2026-02-24,noche,L2,TAP-38,R-P0007,637.91,23.89,196922,4979,0,1,0,0,producción estable
Envases del Pacífico S.A.S.,2026-02-24,noche,L3,GAL-3800,R-P0007,573.3,13.69,5723,91,0,0,0,0,sin novedad
Envases del Pacífico S.A.S.,2026-02-25,mañana,L1,ENV-1000,R-P0007,514.41,14.32,13048,243,0,0,69,1,"cambio de color programado, sin contratiempos"
Envases del Pacífico S.A.S.,2026-02-25,mañana,L3,GAL-3800,R-P0007,606.18,20.14,6061,135,0,0,0,0,"operación normal, se repuso resina a mitad de turno"
Envases del Pacífico S.A.S.,2026-02-25,tarde,L3,GAL-3800,R-P0007,695.29,22.03,6938,148,0,0,0,0,"cambio de color programado, sin contratiempos"
Envases del Pacífico S.A.S.,2026-02-25,noche,L3,GAL-3800,R-P0007,583.36,14.8,5847,99,0,0,0,0,sin novedad
Envases del Pacífico S.A.S.,2026-02-26,mañana,L3,GAL-3800,R-P0007,621.71,25.96,6129,174,0,1,0,1,turno normal
Envases del Pacífico S.A.S.,2026-02-26,tarde,L1,ENV-1000,R-P0007,590.18,14.8,15128,253,0,0,0,0,sin novedad
Envases del Pacífico S.A.S.,2026-02-26,tarde,L2,TAP-38,R-P0007,446.23,13.22,138346,2746,0,0,0,1,"operación normal, se repuso resina a mitad de turno"
Envases del Pacífico S.A.S.,2026-02-26,tarde,L3,GAL-3800,R-P0007,680.82,20.28,6830,136,0,0,0,0,sin novedad
Envases del Pacífico S.A.S.,2026-02-26,noche,L1,ENV-1000,R-P0007,614.68,20.81,15500,353,0,1,80,0,producción estable
Envases del Pacífico S.A.S.,2026-02-26,noche,L2,TAP-38,R-P0007,716.62,19.74,222637,4100,0,0,0,0,producción estable
Envases del Pacífico S.A.S.,2026-02-26,noche,L3,GAL-3800,R-P0007,674.46,18.61,6750,124,0,0,0,0,"cambio de color programado, sin contratiempos"
Envases del Pacífico S.A.S.,2026-02-27,mañana,L1,ENV-1000,R-P0007,557.24,11.67,14337,199,0,0,0,0,producción estable
Envases del Pacífico S.A.S.,2026-02-27,mañana,L2,BAN-250,R-P0007,516.1,20.03,38782,1018,1,0,0,0,sin novedad
Envases del Pacífico S.A.S.,2026-02-27,tarde,L1,ENV-1000,R-P0007,532.89,12.68,13598,215,0,0,0,0,turno normal
Envases del Pacífico S.A.S.,2026-02-27,tarde,L2,BAN-250,R-P0007,658.84,19.75,50093,1006,0,1,54,0,producción estable
Envases del Pacífico S.A.S.,2026-02-27,noche,L1,ENV-1000,R-P0007,560.27,18.58,14192,316,0,0,0,0,"operación normal, se repuso resina a mitad de turno"
Envases del Pacífico S.A.S.,2026-02-27,noche,L2,BAN-250,R-P0007,491.95,13.43,37304,681,0,0,0,0,sin novedad
Envases del Pacífico S.A.S.,2026-02-28,mañana,L1,ENV-500,R-P0007,502.43,20.18,19339,526,1,0,0,0,sin novedad
Envases del Pacífico S.A.S.,2026-02-28,mañana,L2,BAN-250,R-P0008,623.14,18.1,47352,921,0,0,0,0,"operación normal, se repuso resina a mitad de turno"
Envases del Pacífico S.A.S.,2026-02-28,mañana,L3,ENV-500,R-P0008,616.49,21.64,24274,574,1,0,29,0,sin novedad
Envases del Pacífico S.A.S.,2026-02-28,tarde,L3,ENV-500,R-P0008,735.36,22.0,29084,583,0,0,0,0,sin novedad
Envases del Pacífico S.A.S.,2026-02-28,noche,L1,ENV-500,R-P0008,480.5,14.23,18785,373,0,0,0,0,sin novedad
Envases del Pacífico S.A.S.,2026-02-28,noche,L2,BAN-250,R-P0008,424.84,11.01,32349,560,0,0,0,0,sin novedad
Envases del Pacífico S.A.S.,2026-02-28,noche,L3,ENV-500,R-P0008,507.63,15.77,20177,421,0,0,0,0,producción estable
Envases del Pacífico S.A.S.,2026-03-01,mañana,L1,ENV-500,R-P0008,610.42,20.09,23731,525,0,0,0,0,"cambio de color programado, sin contratiempos"
Envases del Pacífico S.A.S.,2026-03-01,mañana,L2,BAN-250,R-P0008,721.3,20.63,54898,1050,0,0,0,0,"operación normal, se repuso resina a mitad de turno"
Envases del Pacífico S.A.S.,2026-03-01,mañana,L3,ENV-500,R-P0008,503.29,12.66,20071,337,0,0,63,0,"operación normal, se repuso resina a mitad de turno"
Envases del Pacífico S.A.S.,2026-03-01,tarde,L1,ENV-500,R-P0008,537.19,13.44,21016,351,0,0,63,0,producción estable
Envases del Pacífico S.A.S.,2026-03-01,tarde,L2,BAN-250,R-P0008,478.69,9.62,36595,488,0,0,0,0,turno normal
Envases del Pacífico S.A.S.,2026-03-01,tarde,L3,ENV-500,R-P0008,514.35,17.26,20283,458,0,1,55,0,sin novedad
Envases del Pacífico S.A.S.,2026-03-01,noche,L1,ENV-500,R-P0008,600.32,20.29,23332,531,0,0,0,0,se ajustó dosificación a media jornada
Envases del Pacífico S.A.S.,2026-03-01,noche,L3,ENV-500,R-P0008,477.39,17.4,18766,461,0,1,0,0,"operación normal, se repuso resina a mitad de turno"
Envases del Pacífico S.A.S.,2026-03-02,mañana,L1,ENV-500,R-P0008,449.44,13.28,17436,345,0,0,0,0,se ajustó dosificación a media jornada
Envases del Pacífico S.A.S.,2026-03-02,mañana,L3,GAL-3800,R-P0008,412.73,17.82,4049,119,1,0,0,0,se ajustó dosificación a media jornada
Envases del Pacífico S.A.S.,2026-03-02,tarde,L2,BAN-250,R-P0008,446.43,13.72,33935,700,0,0,18,0,sin novedad
Envases del Pacífico S.A.S.,2026-03-02,tarde,L3,GAL-3800,R-P0008,283.08,8.8,2826,59,0,0,0,0,sin novedad
Envases del Pacífico S.A.S.,2026-03-02,noche,L1,ENV-500,R-P0008,592.76,18.21,23233,479,0,0,47,0,sin novedad
Envases del Pacífico S.A.S.,2026-03-02,noche,L3,GAL-3800,R-P0008,541.37,15.24,5418,102,0,0,21,0,se ajustó dosificación a media jornada
Envases del Pacífico S.A.S.,2026-03-03,mañana,L2,BAN-250,R-P0008,652.99,14.7,49703,744,0,0,0,0,producción estable
Envases del Pacífico S.A.S.,2026-03-03,mañana,L3,GAL-3800,R-P0009,597.71,18.02,5973,121,0,0,0,0,sin novedad
Envases del Pacífico S.A.S.,2026-03-03,tarde,L1,ENV-1000,R-P0009,718.14,30.84,18050,526,1,0,0,0,sin novedad
Envases del Pacífico S.A.S.,2026-03-03,tarde,L3,GAL-3800,R-P0009,595.61,17.1,5955,114,0,0,0,0,sin novedad
Envases del Pacífico S.A.S.,2026-03-03,noche,L1,ENV-1000,R-P0009,642.24,15.96,16349,271,0,0,0,0,turno normal
Envases del Pacífico S.A.S.,2026-03-03,noche,L2,BAN-250,R-P0009,600.97,18.1,45178,912,0,1,0,0,se ajustó dosificación a media jornada
Envases del Pacífico S.A.S.,2026-03-03,noche,L3,GAL-3800,R-P0009,607.65,18.6,6055,124,0,0,0,1,producción estable
Envases del Pacífico S.A.S.,2026-03-04,mañana,L1,ENV-1000,R-P0009,593.36,18.06,15039,307,0,0,50,0,se ajustó dosificación a media jornada
Envases del Pacífico S.A.S.,2026-03-04,mañana,L2,TAP-38,R-P0009,676.15,23.94,209096,4989,1,0,0,0,producción estable
Envases del Pacífico S.A.S.,2026-03-04,mañana,L3,GAL-3800,R-P0009,635.91,17.39,6376,117,0,0,0,0,turno normal
Envases del Pacífico S.A.S.,2026-03-04,tarde,L1,ENV-1000,R-P0009,789.09,17.03,20209,290,0,0,0,0,turno normal
Envases del Pacífico S.A.S.,2026-03-04,tarde,L2,TAP-38,R-P0009,697.45,23.45,214704,4855,0,0,0,0,sin novedad
Envases del Pacífico S.A.S.,2026-03-04,noche,L2,TAP-38,R-P0009,707.98,16.04,221357,3336,0,0,0,0,sin novedad
Envases del Pacífico S.A.S.,2026-03-04,noche,L3,GAL-3800,R-P0009,640.26,21.71,6389,146,0,1,0,0,sin novedad
Envases del Pacífico S.A.S.,2026-03-05,mañana,L1,ENV-1000,R-P0009,498.07,14.62,12635,248,0,0,14,0,"operación normal, se repuso resina a mitad de turno"
Envases del Pacífico S.A.S.,2026-03-05,mañana,L3,ENV-500,R-P0009,602.86,25.03,23641,666,1,0,0,0,"cambio de color programado, sin contratiempos"
Envases del Pacífico S.A.S.,2026-03-05,tarde,L1,ENV-1000,R-P0009,423.64,9.3,10839,158,0,0,89,0,"cambio de color programado, sin contratiempos"
Envases del Pacífico S.A.S.,2026-03-05,tarde,L2,TAP-38,R-P0009,505.15,13.57,157637,2828,0,0,0,0,sin novedad
Envases del Pacífico S.A.S.,2026-03-05,tarde,L3,ENV-500,R-P0009,482.51,14.97,19084,397,0,0,0,0,"molde tibio al inicio, se estabilizó pasada la media hora"
Envases del Pacífico S.A.S.,2026-03-05,noche,L2,TAP-38,R-P0009,679.26,21.01,210434,4366,0,0,0,0,sin novedad
Envases del Pacífico S.A.S.,2026-03-06,mañana,L1,ENV-1000,R-P0009,642.22,18.78,16362,320,0,1,0,0,turno normal
Envases del Pacífico S.A.S.,2026-03-06,mañana,L2,TAP-38,R-P0009,552.58,16.22,171591,3373,0,0,0,0,sin novedad
Envases del Pacífico S.A.S.,2026-03-06,mañana,L3,ENV-500,R-P0009,501.54,11.57,20007,307,0,0,0,0,"operación normal, se repuso resina a mitad de turno"
Envases del Pacífico S.A.S.,2026-03-06,tarde,L1,ENV-1000,R-P0009,636.75,22.52,16043,382,0,1,0,0,"cambio de color programado, sin contratiempos"
Envases del Pacífico S.A.S.,2026-03-06,tarde,L3,ENV-500,R-P0009,641.17,18.35,25557,490,0,1,0,0,"operación normal, se repuso resina a mitad de turno"
Envases del Pacífico S.A.S.,2026-03-06,noche,L2,TAP-38,R-P0009,548.7,15.49,170909,3228,0,0,0,0,producción estable
Envases del Pacífico S.A.S.,2026-03-06,noche,L3,ENV-500,R-P0009,573.48,16.42,22854,438,0,0,0,0,se ajustó dosificación a media jornada
Envases del Pacífico S.A.S.,2026-03-07,mañana,L1,ENV-500,R-P0009,680.78,25.53,26234,664,1,0,0,0,se ajustó dosificación a media jornada
Envases del Pacífico S.A.S.,2026-03-07,mañana,L2,TAP-38,R-P0009,637.32,17.82,197921,3700,0,0,0,0,se ajustó dosificación a media jornada
Envases del Pacífico S.A.S.,2026-03-07,mañana,L3,ENV-500,R-P0009,420.49,14.23,16531,376,0,1,0,0,sin novedad
Envases del Pacífico S.A.S.,2026-03-07,tarde,L1,ENV-500,R-P0010,544.47,11.0,21279,285,0,0,0,0,"molde tibio al inicio, se estabilizó pasada la media hora"
Envases del Pacífico S.A.S.,2026-03-07,tarde,L2,TAP-38,R-P0010,666.71,18.69,207617,3892,0,0,0,0,sin novedad
Envases del Pacífico S.A.S.,2026-03-07,tarde,L3,ENV-500,R-P0010,562.6,16.53,22170,436,0,0,30,0,producción estable
Envases del Pacífico S.A.S.,2026-03-07,noche,L1,ENV-500,R-P0010,601.34,18.16,23337,472,0,0,0,0,sin novedad
Envases del Pacífico S.A.S.,2026-03-07,noche,L2,TAP-38,R-P0011,510.22,24.19,155251,5023,0,0,0,0,sin novedad
Envases del Pacífico S.A.S.,2026-03-07,noche,L3,ENV-500,R-P0011,662.13,33.77,25643,896,0,0,38,0,se ajustó dosificación a media jornada
Envases del Pacífico S.A.S.,2026-03-08,mañana,L1,ENV-500,R-P0011,649.55,32.33,24669,840,0,0,0,0,se ajustó dosificación a media jornada
Envases del Pacífico S.A.S.,2026-03-08,mañana,L2,TAP-38,R-P0011,731.17,44.22,219140,9170,0,1,0,0,se ajustó dosificación a media jornada
Envases del Pacífico S.A.S.,2026-03-08,tarde,L1,ENV-500,R-P0011,686.05,36.09,25961,937,0,1,25,0,"cambio de color programado, sin contratiempos"
Envases del Pacífico S.A.S.,2026-03-08,tarde,L3,ENV-500,R-P0011,660.46,33.37,25540,884,0,0,0,0,sin novedad
Envases del Pacífico S.A.S.,2026-03-08,noche,L2,TAP-38,R-P0011,582.5,29.64,176730,6159,0,0,0,0,sin novedad
Envases del Pacífico S.A.S.,2026-03-08,noche,L3,ENV-500,R-P0011,730.79,37.55,28500,1003,0,1,0,0,sin novedad
Envases del Pacífico S.A.S.,2026-03-09,mañana,L2,TAP-38,R-P0011,414.41,17.71,126579,3674,0,0,0,0,se ajustó dosificación a media jornada
Envases del Pacífico S.A.S.,2026-03-09,mañana,L3,ENV-500,R-P0011,757.2,38.11,29315,1010,0,0,12,0,"cambio de color programado, sin contratiempos"
Envases del Pacífico S.A.S.,2026-03-09,tarde,L1,ENV-500,R-P0011,636.25,31.86,24201,829,0,1,0,0,"operación normal, se repuso resina a mitad de turno"
Envases del Pacífico S.A.S.,2026-03-09,tarde,L2,TAP-38,R-P0011,512.06,31.22,153693,6485,0,1,15,1,sin novedad
Envases del Pacífico S.A.S.,2026-03-09,tarde,L3,ENV-500,R-P0011,650.78,35.36,25109,938,0,0,0,0,"cambio de color programado, sin contratiempos"
Envases del Pacífico S.A.S.,2026-03-09,noche,L1,ENV-500,R-P0011,521.52,28.18,19814,736,0,0,0,0,"operación normal, se repuso resina a mitad de turno"
Envases del Pacífico S.A.S.,2026-03-09,noche,L3,ENV-500,R-P0011,530.68,22.09,20709,585,0,0,0,0,sin novedad
Envases del Pacífico S.A.S.,2026-03-10,mañana,L1,ENV-500,R-P0011,736.23,32.13,28026,831,0,0,0,0,turno normal
Envases del Pacífico S.A.S.,2026-03-10,mañana,L3,ENV-500,R-P0011,613.96,28.72,23913,763,0,0,0,0,turno normal
Envases del Pacífico S.A.S.,2026-03-10,tarde,L1,ENV-500,R-P0011,586.82,33.03,21963,851,0,0,0,0,sin novedad
Envases del Pacífico S.A.S.,2026-03-10,tarde,L3,ENV-500,R-P0011,608.98,29.14,23691,774,0,0,0,0,sin novedad
Envases del Pacífico S.A.S.,2026-03-10,noche,L1,ENV-500,R-P0011,375.27,18.58,14243,482,0,0,0,0,se ajustó dosificación a media jornada
Envases del Pacífico S.A.S.,2026-03-11,mañana,L1,ENV-1000,R-P0011,649.11,42.82,15929,731,1,1,79,0,producción estable
Envases del Pacífico S.A.S.,2026-03-11,mañana,L2,BAN-250,R-P0012,495.83,18.08,37386,920,1,0,17,0,sin novedad
Envases del Pacífico S.A.S.,2026-03-11,tarde,L1,ENV-1000,R-P0012,526.31,16.32,13368,278,0,0,0,1,sin novedad
Envases del Pacífico S.A.S.,2026-03-11,tarde,L2,BAN-250,R-P0012,581.77,16.43,44131,834,0,0,0,0,sin novedad
Envases del Pacífico S.A.S.,2026-03-11,tarde,L3,GAL-3800,R-P0012,405.78,17.69,4001,119,1,0,0,0,producción estable
Envases del Pacífico S.A.S.,2026-03-11,noche,L2,BAN-250,R-P0012,503.38,15.91,38103,809,0,0,0,0,la máquina salió fría y las primeras piezas llevaron material de más
Envases del Pacífico S.A.S.,2026-03-12,mañana,L1,ENV-1000,R-P0012,533.37,18.13,13539,310,0,1,76,0,producción estable
Envases del Pacífico S.A.S.,2026-03-12,mañana,L2,BAN-250,R-P0012,604.73,12.78,46228,649,0,0,0,0,producción estable
Envases del Pacífico S.A.S.,2026-03-12,mañana,L3,GAL-3800,R-P0012,765.38,23.82,7587,158,0,0,0,0,sin novedad
Envases del Pacífico S.A.S.,2026-03-12,tarde,L1,ENV-1000,R-P0012,589.88,18.35,14932,312,0,0,0,0,"cambio de color programado, sin contratiempos"
Envases del Pacífico S.A.S.,2026-03-12,noche,L1,ENV-1000,R-P0012,619.04,19.71,15801,338,0,0,79,0,producción estable
Envases del Pacífico S.A.S.,2026-03-12,noche,L3,GAL-3800,R-P0012,563.65,16.54,5622,110,0,0,0,0,producción estable
Envases del Pacífico S.A.S.,2026-03-13,mañana,L3,GAL-3800,R-P0012,658.17,20.59,6567,138,0,0,29,0,sin novedad
Envases del Pacífico S.A.S.,2026-03-13,tarde,L1,ENV-1000,R-P0012,538.64,9.7,13874,165,0,0,67,0,"operación normal, se repuso resina a mitad de turno"
Envases del Pacífico S.A.S.,2026-03-13,tarde,L3,GAL-3800,R-P0012,654.88,17.69,6556,118,0,0,0,0,sin novedad
Envases del Pacífico S.A.S.,2026-03-13,noche,L1,ENV-1000,R-P0012,544.93,14.56,13855,247,0,0,0,0,sin novedad
Envases del Pacífico S.A.S.,2026-03-13,noche,L2,BAN-250,R-P0012,395.88,12.89,29928,655,0,0,70,0,producción estable
Envases del Pacífico S.A.S.,2026-03-14,mañana,L1,ENV-1000,R-P0012,721.82,23.93,18160,405,0,0,41,1,sin novedad
Envases del Pacífico S.A.S.,2026-03-14,tarde,L1,ENV-1000,R-P0012,416.65,13.68,10568,233,0,0,0,0,sin novedad
Envases del Pacífico S.A.S.,2026-03-14,tarde,L3,GAL-3800,R-P0012,479.34,11.91,4821,80,0,0,0,0,producción estable
Envases del Pacífico S.A.S.,2026-03-14,noche,L1,ENV-1000,R-P0012,510.19,14.8,12932,251,0,0,0,0,"cambio de color programado, sin contratiempos"
Envases del Pacífico S.A.S.,2026-03-14,noche,L2,TAP-38,R-P0013,636.8,29.47,193990,6119,1,0,0,0,producción estable
Envases del Pacífico S.A.S.,2026-03-14,noche,L3,GAL-3800,R-P0013,645.03,16.05,6431,107,0,0,0,0,producción estable
Envases del Pacífico S.A.S.,2026-03-15,mañana,L2,TAP-38,R-P0013,522.32,16.68,162041,3475,0,0,0,0,sin novedad
Envases del Pacífico S.A.S.,2026-03-15,mañana,L3,GAL-3800,R-P0013,439.48,11.26,4402,75,0,0,0,0,sin novedad
Envases del Pacífico S.A.S.,2026-03-15,tarde,L1,ENV-1000,R-P0013,570.12,14.36,14594,245,0,0,0,0,sin novedad
Envases del Pacífico S.A.S.,2026-03-15,tarde,L2,TAP-38,R-P0013,560.57,18.23,173480,3790,0,1,0,0,sin novedad
Envases del Pacífico S.A.S.,2026-03-15,noche,L1,ENV-1000,R-P0013,390.0,13.06,9871,222,0,0,0,0,sin novedad
Envases del Pacífico S.A.S.,2026-03-15,noche,L2,TAP-38,R-P0013,662.36,19.51,205608,4055,0,0,0,0,producción estable
Envases del Pacífico S.A.S.,2026-03-15,noche,L3,GAL-3800,R-P0013,496.19,15.28,4955,102,0,0,0,0,producción estable
Envases del Pacífico S.A.S.,2026-03-16,mañana,L1,ENV-500,R-P0013,665.29,28.94,25204,745,1,0,25,0,sin novedad
Envases del Pacífico S.A.S.,2026-03-16,mañana,L2,TAP-38,R-P0013,633.27,16.87,196457,3494,0,0,0,0,sin novedad
Envases del Pacífico S.A.S.,2026-03-16,mañana,L3,GAL-3800,R-P0013,708.96,17.88,7087,119,0,0,0,0,se ajustó dosificación a media jornada
Envases del Pacífico S.A.S.,2026-03-16,tarde,L1,ENV-500,R-P0013,596.89,13.29,23137,342,0,0,30,0,"partimos en frío, las primeras bandejas se fueron a reproceso"
Envases del Pacífico S.A.S.,2026-03-16,tarde,L2,TAP-38,R-P0013,688.24,18.74,214485,3903,0,0,0,0,"operación normal, se repuso resina a mitad de turno"
Envases del Pacífico S.A.S.,2026-03-16,tarde,L3,GAL-3800,R-P0013,582.28,16.29,5810,109,0,0,0,0,producción estable
Envases del Pacífico S.A.S.,2026-03-16,noche,L2,TAP-38,R-P0013,562.45,15.84,175047,3298,0,0,0,0,se ajustó dosificación a media jornada
Envases del Pacífico S.A.S.,2026-03-16,noche,L3,GAL-3800,R-P0014,521.56,15.66,5196,105,0,0,25,0,"operación normal, se repuso resina a mitad de turno"
Envases del Pacífico S.A.S.,2026-03-17,mañana,L1,ENV-500,R-P0014,550.38,14.99,21302,388,0,0,87,0,turno normal
Envases del Pacífico S.A.S.,2026-03-17,tarde,L1,ENV-500,R-P0014,610.08,16.56,23623,429,0,0,81,0,sin novedad
Envases del Pacífico S.A.S.,2026-03-17,tarde,L2,BAN-250,R-P0014,589.81,19.56,44716,997,1,0,0,0,se ajustó dosificación a media jornada
Envases del Pacífico S.A.S.,2026-03-17,noche,L1,ENV-500,R-P0014,582.92,16.73,22412,431,0,1,84,0,producción estable
Envases del Pacífico S.A.S.,2026-03-17,noche,L2,BAN-250,R-P0014,671.75,17.36,51200,883,0,0,0,0,"cambio de color programado, sin contratiempos"
Envases del Pacífico S.A.S.,2026-03-17,noche,L3,ENV-500,R-P0014,371.94,13.21,14582,349,1,0,0,0,"molde tibio al inicio, se estabilizó pasada la media hora"
Envases del Pacífico S.A.S.,2026-03-18,mañana,L1,ENV-500,R-P0014,536.79,16.45,20672,425,0,0,0,1,sin novedad
Envases del Pacífico S.A.S.,2026-03-18,mañana,L3,ENV-500,R-P0014,495.46,16.25,19602,432,0,0,0,0,"operación normal, se repuso resina a mitad de turno"
Envases del Pacífico S.A.S.,2026-03-18,tarde,L2,BAN-250,R-P0014,592.55,12.41,45367,631,0,0,0,0,se ajustó dosificación a media jornada
Envases del Pacífico S.A.S.,2026-03-18,noche,L1,ENV-500,R-P0014,566.68,20.4,21676,526,0,1,0,0,"operación normal, se repuso resina a mitad de turno"
Envases del Pacífico S.A.S.,2026-03-18,noche,L3,ENV-500,R-P0014,532.15,15.54,21008,411,0,0,77,0,sin novedad
Envases del Pacífico S.A.S.,2026-03-19,mañana,L1,ENV-500,R-P0014,640.7,17.76,24683,457,0,0,0,0,"operación normal, se repuso resina a mitad de turno"
Envases del Pacífico S.A.S.,2026-03-19,mañana,L3,ENV-500,R-P0014,532.08,14.68,21124,390,0,0,0,0,se ajustó dosificación a media jornada
Envases del Pacífico S.A.S.,2026-03-19,tarde,L1,ENV-500,R-P0014,640.28,18.9,24637,487,0,0,0,0,sin novedad
Envases del Pacífico S.A.S.,2026-03-19,tarde,L2,BAN-250,R-P0014,645.04,18.51,49397,949,0,0,0,0,sin novedad
Envases del Pacífico S.A.S.,2026-03-19,noche,L2,BAN-250,R-P0014,516.61,14.65,39440,748,0,0,0,0,"operación normal, se repuso resina a mitad de turno"
Envases del Pacífico S.A.S.,2026-03-19,noche,L3,ENV-500,R-P0014,579.3,17.63,22938,468,0,0,43,0,sin novedad
Envases del Pacífico S.A.S.,2026-03-20,mañana,L1,ENV-500,R-P0015,426.69,12.86,16384,331,0,0,0,0,"operación normal, se repuso resina a mitad de turno"
Envases del Pacífico S.A.S.,2026-03-20,mañana,L2,BAN-250,R-P0015,663.23,22.07,50189,1123,0,0,0,0,"cambio de color programado, sin contratiempos"
Envases del Pacífico S.A.S.,2026-03-20,mañana,L3,ENV-500,R-P0015,543.08,12.9,21705,343,0,0,0,0,se ajustó dosificación a media jornada
Envases del Pacífico S.A.S.,2026-03-20,tarde,L1,ENV-500,R-P0015,738.06,25.83,28100,662,0,0,0,0,sin novedad
Envases del Pacífico S.A.S.,2026-03-20,tarde,L2,BAN-250,R-P0015,457.02,11.88,34780,603,0,0,0,0,sin novedad
Envases del Pacífico S.A.S.,2026-03-20,tarde,L3,ENV-500,R-P0015,493.3,12.49,19654,332,0,0,0,0,"operación normal, se repuso resina a mitad de turno"
Envases del Pacífico S.A.S.,2026-03-20,noche,L2,BAN-250,R-P0016,367.81,11.44,27977,584,0,0,0,0,"operación normal, se repuso resina a mitad de turno"
Envases del Pacífico S.A.S.,2026-03-20,noche,L3,ENV-500,R-P0016,601.32,16.54,23977,441,0,0,0,0,"cambio de color programado, sin contratiempos"
Envases del Pacífico S.A.S.,2026-03-21,mañana,L2,BAN-250,R-P0016,585.45,13.64,44539,691,0,0,0,0,sin novedad
Envases del Pacífico S.A.S.,2026-03-21,noche,L2,BAN-250,R-P0016,610.78,17.08,46732,874,0,0,0,1,sin novedad
Envases del Pacífico S.A.S.,2026-03-21,noche,L3,ENV-500,R-P0016,627.46,14.76,24999,391,0,0,0,0,producción estable
Envases del Pacífico S.A.S.,2026-03-22,mañana,L2,TAP-38,R-P0016,544.79,22.55,166733,4680,1,0,0,0,"molde tibio al inicio, se estabilizó pasada la media hora"
Envases del Pacífico S.A.S.,2026-03-22,mañana,L3,ENV-500,R-P0016,583.4,18.3,22907,482,0,1,0,0,se ajustó dosificación a media jornada
Envases del Pacífico S.A.S.,2026-03-22,tarde,L3,ENV-500,R-P0016,551.58,14.88,21781,393,0,0,0,0,"cambio de color programado, sin contratiempos"
Envases del Pacífico S.A.S.,2026-03-22,noche,L1,ENV-1000,R-P0016,589.87,18.9,14973,322,1,0,50,0,sin novedad
Envases del Pacífico S.A.S.,2026-03-22,noche,L2,TAP-38,R-P0016,514.04,17.1,158759,3550,0,0,0,0,sin novedad
Envases del Pacífico S.A.S.,2026-03-23,mañana,L2,TAP-38,R-P0016,601.68,17.52,186557,3637,0,0,13,0,sin novedad
Envases del Pacífico S.A.S.,2026-03-23,mañana,L3,GAL-3800,R-P0016,609.15,22.67,6006,151,1,0,0,0,"cambio de color programado, sin contratiempos"
Envases del Pacífico S.A.S.,2026-03-23,tarde,L1,ENV-1000,R-P0016,484.31,16.37,12242,278,0,0,0,0,producción estable
Envases del Pacífico S.A.S.,2026-03-23,noche,L2,TAP-38,R-P0016,463.53,11.28,144455,2343,0,0,48,0,sin novedad
Envases del Pacífico S.A.S.,2026-03-24,mañana,L1,ENV-1000,R-P0016,531.85,16.78,13556,287,0,0,0,0,sin novedad
Envases del Pacífico S.A.S.,2026-03-24,mañana,L3,GAL-3800,R-P0016,621.94,20.23,6188,135,0,0,0,0,turno normal
Envases del Pacífico S.A.S.,2026-03-24,tarde,L1,ENV-1000,R-P0016,445.61,10.46,11429,179,0,0,68,0,sin novedad
Envases del Pacífico S.A.S.,2026-03-24,tarde,L2,TAP-38,R-P0017,677.95,21.42,209873,4451,0,0,0,0,turno normal
Envases del Pacífico S.A.S.,2026-03-24,noche,L1,ENV-1000,R-P0017,626.02,17.52,15965,299,0,0,0,0,sin novedad
Envases del Pacífico S.A.S.,2026-03-24,noche,L2,TAP-38,R-P0017,581.19,19.77,179775,4114,0,0,45,1,"cambio de color programado, sin contratiempos"
Envases del Pacífico S.A.S.,2026-03-24,noche,L3,GAL-3800,R-P0017,490.97,12.25,4934,82,0,0,0,0,sin novedad
Envases del Pacífico S.A.S.,2026-03-25,mañana,L1,ENV-500,R-P0017,657.23,28.97,24696,740,1,0,0,0,sin novedad
Envases del Pacífico S.A.S.,2026-03-25,mañana,L2,TAP-38,R-P0017,545.92,13.51,169901,2802,0,0,0,0,se ajustó dosificación a media jornada
Envases del Pacífico S.A.S.,2026-03-25,mañana,L3,GAL-3800,R-P0017,465.3,13.0,4652,87,0,0,0,0,"cambio de color programado, sin contratiempos"
Envases del Pacífico S.A.S.,2026-03-25,tarde,L1,ENV-500,R-P0017,518.81,15.09,19927,388,0,0,92,0,sin novedad
Envases del Pacífico S.A.S.,2026-03-25,tarde,L3,GAL-3800,R-P0017,609.85,23.87,6015,159,0,1,0,0,se ajustó dosificación a media jornada
Envases del Pacífico S.A.S.,2026-03-25,noche,L1,ENV-500,R-P0017,614.09,20.72,23370,530,0,0,93,1,sin novedad
Envases del Pacífico S.A.S.,2026-03-25,noche,L2,TAP-38,R-P0017,494.72,13.07,153605,2709,0,0,0,0,turno normal
Envases del Pacífico S.A.S.,2026-03-25,noche,L3,GAL-3800,R-P0017,474.94,13.39,4756,90,0,0,37,0,sin novedad
Envases del Pacífico S.A.S.,2026-03-26,mañana,L2,TAP-38,R-P0017,624.33,15.07,194846,3133,0,0,0,0,"cambio de color programado, sin contratiempos"
Envases del Pacífico S.A.S.,2026-03-26,tarde,L1,ENV-500,R-P0017,456.27,9.94,17726,257,0,0,0,0,se ajustó dosificación a media jornada
Envases del Pacífico S.A.S.,2026-03-26,tarde,L3,ENV-500,R-P0017,448.49,18.8,17530,498,1,0,0,0,se ajustó dosificación a media jornada
Envases del Pacífico S.A.S.,2026-03-26,noche,L1,ENV-500,R-P0017,662.29,21.28,25217,544,0,1,0,0,producción estable
Envases del Pacífico S.A.S.,2026-03-26,noche,L2,TAP-38,R-P0018,662.95,20.86,205933,4349,0,0,42,0,sin novedad
Envases del Pacífico S.A.S.,2026-03-26,noche,L3,ENV-500,R-P0018,645.2,15.33,25764,408,0,0,0,0,sin novedad
Envases del Pacífico S.A.S.,2026-03-27,mañana,L3,ENV-500,R-P0018,447.8,14.83,17655,393,0,0,0,0,sin novedad
Envases del Pacífico S.A.S.,2026-03-27,tarde,L2,TAP-38,R-P0018,639.35,18.82,199184,3926,0,0,0,0,"cambio de color programado, sin contratiempos"
Envases del Pacífico S.A.S.,2026-03-27,tarde,L3,ENV-500,R-P0018,609.24,15.65,24240,416,0,0,0,0,sin novedad
Envases del Pacífico S.A.S.,2026-03-27,noche,L2,TAP-38,R-P0018,612.79,20.49,189374,4257,0,0,13,0,se ajustó dosificación a media jornada
Envases del Pacífico S.A.S.,2026-03-27,noche,L3,ENV-500,R-P0018,545.32,15.96,21663,425,0,0,0,0,sin novedad
Envases del Pacífico S.A.S.,2026-03-28,mañana,L2,TAP-38,R-P0018,687.92,22.51,212500,4673,0,0,28,0,"cambio de color programado, sin contratiempos"
Envases del Pacífico S.A.S.,2026-03-28,mañana,L3,ENV-500,R-P0018,588.46,16.21,23348,430,0,0,0,0,sin novedad
Envases del Pacífico S.A.S.,2026-03-28,tarde,L1,ENV-500,R-P0018,516.7,13.69,19705,349,0,0,0,0,se ajustó dosificación a media jornada
Envases del Pacífico S.A.S.,2026-03-28,noche,L1,ENV-500,R-P0018,572.27,13.79,21938,352,0,0,0,0,sin novedad
Envases del Pacífico S.A.S.,2026-03-28,noche,L2,TAP-38,R-P0018,693.25,16.84,216404,3503,0,0,0,0,sin novedad
Envases del Pacífico S.A.S.,2026-03-28,noche,L3,ENV-500,R-P0018,506.19,18.07,19932,480,0,0,0,0,producción estable
Envases del Pacífico S.A.S.,2026-03-29,mañana,L1,ENV-500,R-P0018,492.2,15.51,18792,398,0,0,0,0,"cambio de color programado, sin contratiempos"
Envases del Pacífico S.A.S.,2026-03-29,mañana,L2,TAP-38,R-P0018,493.35,16.23,152144,3363,0,0,0,0,sin novedad
Envases del Pacífico S.A.S.,2026-03-29,mañana,L3,ENV-500,R-P0018,520.83,16.61,20606,441,0,0,0,0,sin novedad
Envases del Pacífico S.A.S.,2026-03-29,tarde,L1,ENV-500,R-P0018,575.46,18.17,21931,465,0,0,0,0,se ajustó dosificación a media jornada
Envases del Pacífico S.A.S.,2026-03-29,tarde,L2,TAP-38,R-P0018,520.23,13.88,161631,2879,0,0,0,0,sin novedad
Envases del Pacífico S.A.S.,2026-03-29,noche,L1,ENV-500,R-P0018,604.96,14.76,23309,379,0,0,0,0,sin novedad
Envases del Pacífico S.A.S.,2026-03-29,noche,L3,ENV-500,R-P0018,569.72,13.2,22715,350,0,0,0,0,turno normal
Envases del Pacífico S.A.S.,2026-03-30,mañana,L1,ENV-500,R-P0018,590.89,13.24,22799,340,0,0,0,0,sin novedad
Envases del Pacífico S.A.S.,2026-03-30,mañana,L2,BAN-250,R-P0018,570.92,24.13,42471,1218,1,0,0,0,sin novedad
Envases del Pacífico S.A.S.,2026-03-30,mañana,L3,ENV-500,R-P0018,413.7,13.15,16456,351,0,0,0,0,sin novedad
Envases del Pacífico S.A.S.,2026-03-30,tarde,L1,ENV-500,R-P0018,424.37,11.44,16209,292,0,1,0,0,"operación normal, se repuso resina a mitad de turno"
Envases del Pacífico S.A.S.,2026-03-30,tarde,L2,BAN-250,R-P0019,335.53,9.31,25412,472,0,0,0,0,"operación normal, se repuso resina a mitad de turno"
Envases del Pacífico S.A.S.,2026-03-30,noche,L1,ENV-500,R-P0019,501.81,14.95,19188,383,0,0,0,0,sin novedad
Envases del Pacífico S.A.S.,2026-03-30,noche,L3,ENV-500,R-P0019,488.03,13.57,19376,360,0,0,0,0,se ajustó dosificación a media jornada
Envases del Pacífico S.A.S.,2026-03-31,mañana,L2,BAN-250,R-P0019,610.45,20.66,46049,1049,0,0,0,0,se ajustó dosificación a media jornada
Envases del Pacífico S.A.S.,2026-03-31,tarde,L1,ENV-500,R-P0019,483.67,16.41,18348,419,0,1,0,0,sin novedad
Envases del Pacífico S.A.S.,2026-03-31,tarde,L2,BAN-250,R-P0019,281.87,5.35,21463,270,0,0,0,0,turno normal
Envases del Pacífico S.A.S.,2026-03-31,tarde,L3,ENV-500,R-P0019,537.43,12.99,21379,344,0,0,19,0,"operación normal, se repuso resina a mitad de turno"
Envases del Pacífico S.A.S.,2026-03-31,noche,L1,ENV-500,R-P0019,645.69,19.31,24662,494,0,0,77,0,sin novedad
Envases del Pacífico S.A.S.,2026-03-31,noche,L2,BAN-250,R-P0019,565.94,17.83,42822,906,0,0,0,0,sin novedad
Envases del Pacífico S.A.S.,2026-04-01,mañana,L1,ENV-500,R-P0019,581.47,21.94,21968,560,0,1,0,0,sin novedad
Envases del Pacífico S.A.S.,2026-04-01,mañana,L3,ENV-500,R-P0019,618.04,17.32,24604,461,0,0,75,0,producción estable
Envases del Pacífico S.A.S.,2026-04-01,tarde,L1,ENV-500,R-P0019,501.14,11.55,19280,296,0,0,0,0,la máquina salió fría y las primeras piezas llevaron material de más
Envases del Pacífico S.A.S.,2026-04-01,tarde,L2,BAN-250,R-P0019,427.38,15.32,32155,777,0,0,87,0,"operación normal, se repuso resina a mitad de turno"
Envases del Pacífico S.A.S.,2026-04-01,tarde,L3,ENV-500,R-P0019,646.54,12.62,25784,334,0,0,0,0,sin novedad
Envases del Pacífico S.A.S.,2026-04-01,noche,L1,ENV-500,R-P0019,579.59,13.9,22235,355,0,0,13,0,"molde tibio al inicio, se estabilizó pasada la media hora"
Envases del Pacífico S.A.S.,2026-04-02,tarde,L2,BAN-250,R-P0019,444.59,12.18,33907,621,0,0,0,0,producción estable
Envases del Pacífico S.A.S.,2026-04-02,noche,L2,BAN-250,R-P0019,372.83,10.66,28363,542,0,0,0,0,turno normal
Envases del Pacífico S.A.S.,2026-04-03,mañana,L1,ENV-1000,R-P0019,622.83,27.2,15606,463,1,0,0,0,sin novedad
Envases del Pacífico S.A.S.,2026-04-03,mañana,L2,BAN-250,R-P0019,640.42,16.8,48724,853,0,0,0,1,"operación normal, se repuso resina a mitad de turno"
Envases del Pacífico S.A.S.,2026-04-03,mañana,L3,GAL-3800,R-P0019,615.79,24.7,6097,166,1,0,0,1,sin novedad
Envases del Pacífico S.A.S.,2026-04-03,tarde,L1,ENV-1000,R-P0019,681.19,19.33,17396,330,0,0,0,0,se ajustó dosificación a media jornada
Envases del Pacífico S.A.S.,2026-04-03,tarde,L2,BAN-250,R-P0019,476.6,14.73,35995,746,0,0,35,0,turno normal
Envases del Pacífico S.A.S.,2026-04-03,noche,L2,BAN-250,R-P0019,498.66,14.18,38040,724,0,0,0,0,"cambio de color programado, sin contratiempos"
Envases del Pacífico S.A.S.,2026-04-03,noche,L3,GAL-3800,R-P0019,532.51,15.19,5324,102,0,0,0,0,turno normal
Envases del Pacífico S.A.S.,2026-04-04,mañana,L1,ENV-1000,R-P0019,482.27,12.56,12319,214,0,0,0,0,sin novedad
Envases del Pacífico S.A.S.,2026-04-04,mañana,L2,TAP-38,R-P0019,659.43,23.24,203849,4841,1,0,0,0,se ajustó dosificación a media jornada
Envases del Pacífico S.A.S.,2026-04-04,mañana,L3,GAL-3800,R-P0020,569.13,13.05,5709,87,0,0,0,0,sin novedad
Envases del Pacífico S.A.S.,2026-04-04,tarde,L1,ENV-1000,R-P0020,452.48,12.12,11521,206,0,0,0,0,"arranque con el molde frío, mucha rebaba en las primeras cajas"
Envases del Pacífico S.A.S.,2026-04-04,tarde,L2,TAP-38,R-P0020,283.15,9.0,87729,1872,0,0,42,0,"operación normal, se repuso resina a mitad de turno"
Envases del Pacífico S.A.S.,2026-04-04,tarde,L3,GAL-3800,R-P0020,539.44,20.23,5342,135,0,1,0,1,"cambio de color programado, sin contratiempos"
Envases del Pacífico S.A.S.,2026-04-04,noche,L1,ENV-1000,R-P0020,560.17,20.81,14088,353,0,0,46,1,sin novedad
Envases del Pacífico S.A.S.,2026-04-04,noche,L2,TAP-38,R-P0020,493.08,13.93,153390,2900,0,0,0,0,sin novedad
Envases del Pacífico S.A.S.,2026-04-05,mañana,L1,ENV-1000,R-P0021,552.79,15.45,13993,262,0,0,0,0,"cambio de color programado, sin contratiempos"
Envases del Pacífico S.A.S.,2026-04-05,mañana,L2,TAP-38,R-P0021,680.69,23.38,209896,4852,0,0,58,0,se ajustó dosificación a media jornada
Envases del Pacífico S.A.S.,2026-04-05,tarde,L1,ENV-1000,R-P0021,518.13,16.73,13059,283,0,0,0,0,se ajustó dosificación a media jornada
Envases del Pacífico S.A.S.,2026-04-05,noche,L1,ENV-1000,R-P0021,520.06,12.55,13313,214,0,0,0,0,sin novedad
Envases del Pacífico S.A.S.,2026-04-05,noche,L2,TAP-38,R-P0021,701.3,19.07,218657,3972,0,0,28,0,se ajustó dosificación a media jornada
Envases del Pacífico S.A.S.,2026-04-05,noche,L3,GAL-3800,R-P0021,649.79,25.47,6411,170,0,1,0,0,sin novedad
Envases del Pacífico S.A.S.,2026-04-06,mañana,L1,ENV-500,R-P0021,470.12,15.44,17903,395,1,0,0,0,producción estable
Envases del Pacífico S.A.S.,2026-04-06,mañana,L2,TAP-38,R-P0021,620.83,20.03,192481,4172,0,0,0,1,sin novedad
Envases del Pacífico S.A.S.,2026-04-06,mañana,L3,ENV-500,R-P0021,403.11,15.63,15814,414,1,0,0,0,se ajustó dosificación a media jornada
Envases del Pacífico S.A.S.,2026-04-06,tarde,L1,ENV-500,R-P0021,560.8,13.66,21420,348,0,0,0,0,producción estable
Envases del Pacífico S.A.S.,2026-04-06,tarde,L2,TAP-38,R-P0021,478.63,13.57,148788,2823,0,0,14,0,"el equipo no había alcanzado temperatura al iniciar, sobró material"
Envases del Pacífico S.A.S.,2026-04-06,noche,L2,TAP-38,R-P0021,495.38,15.01,153912,3125,0,1,0,0,turno normal
Envases del Pacífico S.A.S.,2026-04-07,mañana,L1,ENV-500,R-P0021,516.94,16.91,19511,429,0,0,0,0,sin novedad
Envases del Pacífico S.A.S.,2026-04-07,mañana,L2,TAP-38,R-P0021,495.7,15.25,153717,3171,0,0,15,0,"operación normal, se repuso resina a mitad de turno"
Envases del Pacífico S.A.S.,2026-04-07,mañana,L3,ENV-500,R-P0021,542.4,14.16,21607,376,0,0,0,0,sin novedad
Envases del Pacífico S.A.S.,2026-04-07,tarde,L1,ENV-500,R-P0021,592.71,14.88,22555,378,0,0,0,0,producción estable
Envases del Pacífico S.A.S.,2026-04-07,tarde,L2,TAP-38,R-P0021,539.97,17.94,167371,3739,0,0,50,0,sin novedad
Envases del Pacífico S.A.S.,2026-04-07,tarde,L3,ENV-500,R-P0021,634.05,16.65,25262,443,0,0,0,0,"operación normal, se repuso resina a mitad de turno"
Envases del Pacífico S.A.S.,2026-04-07,noche,L1,ENV-500,R-P0022,702.48,29.11,26329,740,0,1,0,0,turno normal
Envases del Pacífico S.A.S.,2026-04-07,noche,L2,TAP-38,R-P0022,545.16,19.13,168256,3977,0,0,35,0,se ajustó dosificación a media jornada
Envases del Pacífico S.A.S.,2026-04-07,noche,L3,ENV-500,R-P0022,623.54,19.87,24693,528,0,0,0,0,se ajustó dosificación a media jornada
Envases del Pacífico S.A.S.,2026-04-08,mañana,L1,ENV-500,R-P0022,696.03,27.57,26200,702,0,1,0,0,sin novedad
Envases del Pacífico S.A.S.,2026-04-08,mañana,L2,TAP-38,R-P0022,627.69,23.2,192961,4814,0,1,71,0,producción estable
Envases del Pacífico S.A.S.,2026-04-08,mañana,L3,ENV-500,R-P0022,432.66,13.83,17032,366,0,0,0,1,producción estable
Envases del Pacífico S.A.S.,2026-04-08,tarde,L1,ENV-500,R-P0022,506.7,14.39,19234,365,0,0,0,0,sin novedad
Envases del Pacífico S.A.S.,2026-04-08,tarde,L2,TAP-38,R-P0022,543.73,14.5,169363,3017,0,0,0,0,producción estable
Envases del Pacífico S.A.S.,2026-04-08,tarde,L3,ENV-500,R-P0022,630.66,26.08,24742,694,0,1,0,0,producción estable
Envases del Pacífico S.A.S.,2026-04-08,noche,L1,ENV-500,R-P0022,738.46,25.77,27770,653,0,0,0,1,producción estable
Envases del Pacífico S.A.S.,2026-04-09,mañana,L1,ENV-500,R-P0022,413.37,15.24,15574,387,0,1,67,0,sin novedad
Envases del Pacífico S.A.S.,2026-04-09,mañana,L2,BAN-250,R-P0022,409.59,14.13,30888,717,1,0,0,0,"primeras cajas con rebaba, hubo que purgar más de lo normal"
Envases del Pacífico S.A.S.,2026-04-09,mañana,L3,GAL-3800,R-P0022,562.91,19.23,5592,129,1,1,0,0,"cambio de color programado, sin contratiempos"
Envases del Pacífico S.A.S.,2026-04-09,tarde,L2,BAN-250,R-P0022,642.64,16.95,49141,866,0,0,0,0,producción estable
Envases del Pacífico S.A.S.,2026-04-09,noche,L1,ENV-500,R-P0022,640.46,16.91,24451,431,0,0,85,0,sin novedad
Envases del Pacífico S.A.S.,2026-04-09,noche,L3,GAL-3800,R-P0022,445.69,10.12,4466,67,0,0,0,0,sin novedad
Envases del Pacífico S.A.S.,2026-04-10,mañana,L1,ENV-500,R-P0022,595.55,15.73,22688,400,0,0,0,0,"operación normal, se repuso resina a mitad de turno"
Envases del Pacífico S.A.S.,2026-04-10,mañana,L2,BAN-250,R-P0022,724.73,17.22,55292,875,0,0,0,0,producción estable
Envases del Pacífico S.A.S.,2026-04-10,mañana,L3,GAL-3800,R-P0022,513.31,18.54,5097,124,0,0,71,0,sin novedad
Envases del Pacífico S.A.S.,2026-04-10,tarde,L1,ENV-500,R-P0022,619.42,15.89,23560,403,0,0,0,0,sin novedad
Envases del Pacífico S.A.S.,2026-04-10,tarde,L2,BAN-250,R-P0022,721.18,17.46,54470,879,0,0,0,0,"operación normal, se repuso resina a mitad de turno"
Envases del Pacífico S.A.S.,2026-04-10,tarde,L3,GAL-3800,R-P0022,480.96,15.3,4776,102,0,0,53,0,se ajustó dosificación a media jornada
Envases del Pacífico S.A.S.,2026-04-10,noche,L1,ENV-500,R-P0022,442.25,10.35,16874,263,0,0,0,0,turno normal
Envases del Pacífico S.A.S.,2026-04-10,noche,L2,BAN-250,R-P0022,609.2,14.69,46330,744,0,0,25,0,turno normal
Envases del Pacífico S.A.S.,2026-04-10,noche,L3,GAL-3800,R-P0023,345.69,13.37,3402,89,0,1,0,0,sin novedad
Envases del Pacífico S.A.S.,2026-04-11,mañana,L2,BAN-250,R-P0023,510.06,22.94,38108,1166,0,1,49,1,se ajustó dosificación a media jornada
Envases del Pacífico S.A.S.,2026-04-11,mañana,L3,GAL-3800,R-P0023,574.51,19.37,5680,129,0,1,0,0,sin novedad
Envases del Pacífico S.A.S.,2026-04-11,tarde,L1,ENV-500,R-P0023,577.29,9.88,22181,251,0,0,0,1,se ajustó dosificación a media jornada
Envases del Pacífico S.A.S.,2026-04-11,tarde,L2,BAN-250,R-P0023,713.65,16.37,54644,834,0,0,0,0,sin novedad
Envases del Pacífico S.A.S.,2026-04-11,tarde,L3,GAL-3800,R-P0023,580.33,15.55,5822,104,0,0,0,0,turno normal
Envases del Pacífico S.A.S.,2026-04-11,noche,L3,GAL-3800,R-P0023,643.66,19.68,6427,132,0,0,0,0,sin novedad
Envases del Pacífico S.A.S.,2026-04-12,mañana,L2,BAN-250,R-P0023,593.99,14.98,45224,760,0,0,0,0,producción estable
Envases del Pacífico S.A.S.,2026-04-12,mañana,L3,GAL-3800,R-P0023,678.01,18.88,6785,126,0,0,0,0,se ajustó dosificación a media jornada
Envases del Pacífico S.A.S.,2026-04-12,tarde,L1,ENV-500,R-P0023,601.88,19.34,22735,491,0,0,0,0,se ajustó dosificación a media jornada
Envases del Pacífico S.A.S.,2026-04-12,tarde,L3,GAL-3800,R-P0023,674.2,18.98,6744,127,0,0,0,0,turno normal
Envases del Pacífico S.A.S.,2026-04-12,noche,L1,ENV-500,R-P0023,636.68,19.03,23992,481,0,0,0,0,"operación normal, se repuso resina a mitad de turno"
Envases del Pacífico S.A.S.,2026-04-12,noche,L3,GAL-3800,R-P0023,573.17,15.11,5712,101,0,0,0,0,se ajustó dosificación a media jornada
Envases del Pacífico S.A.S.,2026-04-13,mañana,L1,ENV-500,R-P0023,574.64,20.54,21536,519,0,0,0,0,sin novedad
Envases del Pacífico S.A.S.,2026-04-13,mañana,L2,BAN-250,R-P0023,544.49,9.62,41962,490,0,0,71,0,se ajustó dosificación a media jornada
Envases del Pacífico S.A.S.,2026-04-13,tarde,L1,ENV-500,R-P0023,530.75,15.09,20093,382,0,0,50,0,sin novedad
Envases del Pacífico S.A.S.,2026-04-13,tarde,L2,BAN-250,R-P0023,527.06,18.39,39918,938,0,0,17,0,sin novedad
Envases del Pacífico S.A.S.,2026-04-13,tarde,L3,GAL-3800,R-P0023,513.43,16.06,5130,108,0,0,0,0,"operación normal, se repuso resina a mitad de turno"
Envases del Pacífico S.A.S.,2026-04-13,noche,L1,ENV-500,R-P0023,490.43,12.9,18572,326,0,0,0,0,sin novedad
Envases del Pacífico S.A.S.,2026-04-13,noche,L2,BAN-250,R-P0023,643.24,21.68,48970,1110,0,0,82,1,se ajustó dosificación a media jornada
Envases del Pacífico S.A.S.,2026-04-13,noche,L3,GAL-3800,R-P0023,524.59,17.56,5197,117,0,0,0,0,sin novedad
Envases del Pacífico S.A.S.,2026-04-14,mañana,L3,ENV-500,R-P0023,495.25,23.21,19311,617,1,0,67,1,"cambio de color programado, sin contratiempos"
Envases del Pacífico S.A.S.,2026-04-14,tarde,L1,ENV-1000,R-P0023,640.68,20.27,16245,345,1,0,0,0,"cambio de color programado, sin contratiempos"
Envases del Pacífico S.A.S.,2026-04-14,tarde,L3,ENV-500,R-P0023,551.2,15.02,21820,397,0,0,0,0,turno normal
Envases del Pacífico S.A.S.,2026-04-14,noche,L1,ENV-1000,R-P0023,606.8,16.34,15443,278,0,0,0,0,producción estable
Envases del Pacífico S.A.S.,2026-04-14,noche,L3,ENV-500,R-P0024,576.71,15.87,22862,421,0,0,0,0,"cambio de color programado, sin contratiempos"
Envases del Pacífico S.A.S.,2026-04-15,mañana,L1,ENV-1000,R-P0024,571.29,15.7,14521,267,0,0,0,0,sin novedad
Envases del Pacífico S.A.S.,2026-04-15,mañana,L2,BAN-250,R-P0024,593.24,17.54,44511,882,0,0,0,0,"primeras cajas con rebaba, hubo que purgar más de lo normal"
Envases del Pacífico S.A.S.,2026-04-15,tarde,L1,ENV-1000,R-P0024,582.28,15.16,14879,258,0,0,0,0,sin novedad
Envases del Pacífico S.A.S.,2026-04-15,tarde,L2,BAN-250,R-P0024,435.73,14.0,32739,706,0,0,0,0,"operación normal, se repuso resina a mitad de turno"
Envases del Pacífico S.A.S.,2026-04-15,tarde,L3,ENV-500,R-P0024,649.27,23.81,25571,633,0,0,0,0,turno normal
Envases del Pacífico S.A.S.,2026-04-15,noche,L1,ENV-1000,R-P0024,602.57,20.98,15249,357,0,1,0,0,sin novedad
Envases del Pacífico S.A.S.,2026-04-15,noche,L2,BAN-250,R-P0024,509.35,19.0,38589,972,0,1,0,0,"operación normal, se repuso resina a mitad de turno"
Envases del Pacífico S.A.S.,2026-04-16,tarde,L1,ENV-1000,R-P0024,772.69,21.4,19668,364,0,0,0,0,"molde tibio al inicio, se estabilizó pasada la media hora"
Envases del Pacífico S.A.S.,2026-04-16,tarde,L2,TAP-38,R-P0024,562.71,22.64,172334,4696,1,0,0,0,"operación normal, se repuso resina a mitad de turno"
Envases del Pacífico S.A.S.,2026-04-16,tarde,L3,ENV-500,R-P0024,599.76,21.68,23506,573,0,0,0,0,sin novedad
Envases del Pacífico S.A.S.,2026-04-16,noche,L1,ENV-1000,R-P0024,663.4,13.23,17002,225,0,0,0,0,se ajustó dosificación a media jornada
Envases del Pacífico S.A.S.,2026-04-16,noche,L2,TAP-38,R-P0024,805.87,22.76,250653,4735,0,0,0,0,producción estable
Envases del Pacífico S.A.S.,2026-04-16,noche,L3,ENV-500,R-P0024,576.59,11.29,23088,300,0,0,0,0,producción estable
Envases del Pacífico S.A.S.,2026-04-17,mañana,L1,ENV-1000,R-P0024,449.16,9.98,11496,170,0,0,33,0,"operación normal, se repuso resina a mitad de turno"
Envases del Pacífico S.A.S.,2026-04-17,mañana,L2,TAP-38,R-P0024,515.06,11.38,161094,2366,0,0,0,0,sin novedad
Envases del Pacífico S.A.S.,2026-04-17,mañana,L3,ENV-500,R-P0024,472.17,12.39,18742,328,0,0,0,0,"operación normal, se repuso resina a mitad de turno"
Envases del Pacífico S.A.S.,2026-04-17,tarde,L1,ENV-1000,R-P0024,583.23,20.45,14727,348,0,0,0,0,sin novedad
Envases del Pacífico S.A.S.,2026-04-17,tarde,L2,TAP-38,R-P0024,542.95,16.43,168976,3427,0,0,0,0,turno normal
Envases del Pacífico S.A.S.,2026-04-17,noche,L1,ENV-1000,R-P0025,598.96,14.25,15351,243,0,0,0,0,se ajustó dosificación a media jornada
Envases del Pacífico S.A.S.,2026-04-17,noche,L2,TAP-38,R-P0025,479.22,10.47,149972,2177,0,0,0,0,"cambio de color programado, sin contratiempos"
Envases del Pacífico S.A.S.,2026-04-17,noche,L3,ENV-500,R-P0025,698.0,16.62,27874,442,0,0,0,0,"operación normal, se repuso resina a mitad de turno"
Envases del Pacífico S.A.S.,2026-04-18,mañana,L1,ENV-1000,R-P0025,486.18,11.29,12459,193,0,0,45,0,"operación normal, se repuso resina a mitad de turno"
Envases del Pacífico S.A.S.,2026-04-18,mañana,L2,TAP-38,R-P0025,594.91,17.37,185019,3618,0,0,0,0,producción estable
Envases del Pacífico S.A.S.,2026-04-18,mañana,L3,GAL-3800,R-P0026,558.72,23.71,5500,158,1,0,67,0,"operación normal, se repuso resina a mitad de turno"
Envases del Pacífico S.A.S.,2026-04-18,tarde,L1,ENV-1000,R-P0026,491.11,16.46,12410,280,0,0,47,0,"cambio de color programado, sin contratiempos"
Envases del Pacífico S.A.S.,2026-04-18,tarde,L2,TAP-38,R-P0026,478.39,11.09,149811,2311,0,0,47,0,producción estable
Envases del Pacífico S.A.S.,2026-04-18,tarde,L3,GAL-3800,R-P0026,357.62,9.11,3584,61,0,0,0,0,sin novedad
Envases del Pacífico S.A.S.,2026-04-18,noche,L2,TAP-38,R-P0026,765.63,30.5,235207,6343,0,1,0,1,sin novedad
Envases del Pacífico S.A.S.,2026-04-18,noche,L3,GAL-3800,R-P0026,676.59,20.26,6733,135,0,0,64,0,producción estable
Envases del Pacífico S.A.S.,2026-04-19,mañana,L2,TAP-38,R-P0026,517.56,17.78,159465,3687,0,0,0,0,turno normal
Envases del Pacífico S.A.S.,2026-04-19,tarde,L1,ENV-500,R-P0026,596.54,22.03,22272,555,1,0,0,0,"cambio de color programado, sin contratiempos"
Envases del Pacífico S.A.S.,2026-04-19,tarde,L2,TAP-38,R-P0026,589.5,18.19,182463,3777,0,0,0,0,se ajustó dosificación a media jornada
Envases del Pacífico S.A.S.,2026-04-19,tarde,L3,GAL-3800,R-P0026,421.38,14.93,4182,100,0,1,0,0,"cambio de color programado, sin contratiempos"
Envases del Pacífico S.A.S.,2026-04-19,noche,L1,ENV-500,R-P0026,502.29,17.54,18831,443,0,1,0,0,turno normal
Envases del Pacífico S.A.S.,2026-04-19,noche,L2,TAP-38,R-P0026,547.77,13.73,170906,2857,0,0,0,0,"operación normal, se repuso resina a mitad de turno"
Envases del Pacífico S.A.S.,2026-04-20,mañana,L1,ENV-500,R-P0026,618.85,13.73,23625,348,0,0,0,0,"cambio de color programado, sin contratiempos"
Envases del Pacífico S.A.S.,2026-04-20,mañana,L2,TAP-38,R-P0026,681.88,16.26,212239,3370,0,0,0,0,"cambio de color programado, sin contratiempos"
Envases del Pacífico S.A.S.,2026-04-20,mañana,L3,GAL-3800,R-P0026,504.57,17.79,5030,119,0,0,0,0,sin novedad
Envases del Pacífico S.A.S.,2026-04-20,tarde,L1,ENV-500,R-P0026,627.39,14.91,23774,376,0,0,0,0,sin novedad
Envases del Pacífico S.A.S.,2026-04-20,tarde,L2,TAP-38,R-P0027,716.81,17.16,225285,3592,0,0,0,0,"cambio de color programado, sin contratiempos"
Envases del Pacífico S.A.S.,2026-04-20,noche,L1,ENV-500,R-P0027,539.41,13.36,20361,336,0,0,0,0,"cambio de color programado, sin contratiempos"
Envases del Pacífico S.A.S.,2026-04-20,noche,L3,GAL-3800,R-P0027,462.97,14.16,4615,95,0,0,24,0,"arranque con el molde frío, mucha rebaba en las primeras cajas"
Envases del Pacífico S.A.S.,2026-04-21,mañana,L1,ENV-500,R-P0027,521.32,16.36,19602,413,0,0,0,0,sin novedad
Envases del Pacífico S.A.S.,2026-04-21,mañana,L2,TAP-38,R-P0027,511.42,13.9,158972,2887,0,0,0,0,sin novedad
Envases del Pacífico S.A.S.,2026-04-21,mañana,L3,GAL-3800,R-P0027,711.26,17.7,7108,118,0,0,85,0,se ajustó dosificación a media jornada
Envases del Pacífico S.A.S.,2026-04-21,tarde,L1,ENV-500,R-P0027,518.76,11.95,19742,303,0,0,0,0,"cambio de color programado, sin contratiempos"
Envases del Pacífico S.A.S.,2026-04-21,tarde,L2,TAP-38,R-P0027,347.43,10.35,107498,2145,0,0,0,1,"operación normal, se repuso resina a mitad de turno"
Envases del Pacífico S.A.S.,2026-04-21,tarde,L3,GAL-3800,R-P0027,362.85,12.04,3624,81,0,1,0,0,sin novedad
Envases del Pacífico S.A.S.,2026-04-21,noche,L2,TAP-38,R-P0027,640.54,15.97,199145,3310,0,0,0,0,"cambio de color programado, sin contratiempos"
Envases del Pacífico S.A.S.,2026-04-22,mañana,L2,TAP-38,R-P0027,550.54,18.56,171331,3884,0,0,0,0,sin novedad
Envases del Pacífico S.A.S.,2026-04-22,mañana,L3,GAL-3800,R-P0027,477.89,13.84,4775,93,0,0,0,0,sin novedad
Envases del Pacífico S.A.S.,2026-04-22,tarde,L1,ENV-500,R-P0027,474.91,11.94,17975,301,0,0,43,0,sin novedad
Envases del Pacífico S.A.S.,2026-04-22,tarde,L2,TAP-38,R-P0027,586.67,19.42,180853,4024,0,1,0,0,sin novedad
Envases del Pacífico S.A.S.,2026-04-22,tarde,L3,GAL-3800,R-P0027,672.66,18.38,6752,123,0,0,0,0,producción estable
Envases del Pacífico S.A.S.,2026-04-22,noche,L2,TAP-38,R-P0027,496.91,12.86,154188,2663,0,0,0,0,se ajustó dosificación a media jornada
Envases del Pacífico S.A.S.,2026-04-22,noche,L3,GAL-3800,R-P0027,696.0,21.75,6916,145,0,0,0,0,"operación normal, se repuso resina a mitad de turno"
Envases del Pacífico S.A.S.,2026-04-23,mañana,L1,ENV-500,R-P0028,591.15,13.84,22221,346,0,0,0,0,sin novedad
Envases del Pacífico S.A.S.,2026-04-23,mañana,L2,BAN-250,R-P0028,507.01,18.71,38344,955,1,0,0,0,sin novedad
Envases del Pacífico S.A.S.,2026-04-23,tarde,L2,BAN-250,R-P0028,442.12,10.73,33677,545,0,0,0,0,se ajustó dosificación a media jornada
Envases del Pacífico S.A.S.,2026-04-23,tarde,L3,GAL-3800,R-P0028,436.3,11.26,4368,75,0,0,0,0,sin novedad
Envases del Pacífico S.A.S.,2026-04-23,noche,L1,ENV-500,R-P0028,635.63,21.22,23765,533,0,1,0,0,"operación normal, se repuso resina a mitad de turno"
Envases del Pacífico S.A.S.,2026-04-23,noche,L2,BAN-250,R-P0028,513.08,18.73,38913,958,0,1,0,0,"cambio de color programado, sin contratiempos"
Envases del Pacífico S.A.S.,2026-04-23,noche,L3,GAL-3800,R-P0028,542.21,16.99,5392,113,0,0,0,0,sin novedad
Envases del Pacífico S.A.S.,2026-04-24,mañana,L2,BAN-250,R-P0028,646.27,19.82,48974,1007,0,0,21,0,"operación normal, se repuso resina a mitad de turno"
Envases del Pacífico S.A.S.,2026-04-24,mañana,L3,GAL-3800,R-P0028,692.31,21.9,6883,146,0,0,0,0,producción estable
Envases del Pacífico S.A.S.,2026-04-24,tarde,L2,BAN-250,R-P0028,713.51,15.94,54498,810,0,0,54,0,"operación normal, se repuso resina a mitad de turno"
Envases del Pacífico S.A.S.,2026-04-24,noche,L1,ENV-500,R-P0028,415.45,12.25,15575,308,0,0,78,0,sin novedad
Envases del Pacífico S.A.S.,2026-04-24,noche,L2,BAN-250,R-P0028,568.61,12.44,43334,630,0,0,0,0,sin novedad
Envases del Pacífico S.A.S.,2026-04-24,noche,L3,GAL-3800,R-P0028,686.71,22.41,6816,150,0,0,0,0,turno normal
Envases del Pacífico S.A.S.,2026-04-25,mañana,L1,ENV-500,R-P0028,557.12,15.81,20848,396,0,0,0,0,"arranque con el molde frío, mucha rebaba en las primeras cajas"
Envases del Pacífico S.A.S.,2026-04-25,mañana,L3,GAL-3800,R-P0028,705.67,24.92,6999,167,0,0,0,0,"operación normal, se repuso resina a mitad de turno"
Envases del Pacífico S.A.S.,2026-04-25,tarde,L1,ENV-500,R-P0028,431.67,12.77,16168,320,0,0,71,0,sin novedad
Envases del Pacífico S.A.S.,2026-04-25,tarde,L2,BAN-250,R-P0029,462.03,13.69,35131,697,0,0,0,0,se ajustó dosificación a media jornada
Envases del Pacífico S.A.S.,2026-04-25,tarde,L3,GAL-3800,R-P0029,590.51,22.11,5856,148,0,1,0,1,sin novedad
Envases del Pacífico S.A.S.,2026-04-25,noche,L1,ENV-500,R-P0029,508.98,17.62,19010,443,0,0,55,0,turno normal
Envases del Pacífico S.A.S.,2026-04-26,mañana,L1,ENV-1000,R-P0029,314.04,13.86,7875,236,1,0,0,0,sin novedad
Envases del Pacífico S.A.S.,2026-04-26,mañana,L2,BAN-250,R-P0029,517.89,18.17,38865,918,0,0,0,0,se ajustó dosificación a media jornada
Envases del Pacífico S.A.S.,2026-04-26,mañana,L3,ENV-500,R-P0029,444.46,15.68,17563,418,1,0,32,0,sin novedad
Envases del Pacífico S.A.S.,2026-04-26,tarde,L1,ENV-1000,R-P0029,488.55,15.08,12416,257,0,0,80,1,sin novedad
Envases del Pacífico S.A.S.,2026-04-26,tarde,L2,BAN-250,R-P0029,568.82,13.26,42969,667,0,0,0,0,sin novedad
Envases del Pacífico S.A.S.,2026-04-26,tarde,L3,ENV-500,R-P0029,477.62,13.04,18920,345,0,0,0,0,sin novedad
Envases del Pacífico S.A.S.,2026-04-26,noche,L1,ENV-1000,R-P0029,428.66,13.97,10869,238,0,0,0,0,turno normal
Envases del Pacífico S.A.S.,2026-04-26,noche,L2,BAN-250,R-P0029,604.08,20.27,45901,1036,0,0,63,0,turno normal
Envases del Pacífico S.A.S.,2026-04-27,mañana,L2,BAN-250,R-P0029,689.4,21.87,52573,1120,0,0,0,0,turno normal
Envases del Pacífico S.A.S.,2026-04-27,mañana,L3,ENV-500,R-P0029,389.11,12.39,15258,326,0,0,0,0,sin novedad
Envases del Pacífico S.A.S.,2026-04-27,tarde,L1,ENV-1000,R-P0029,460.01,13.44,11667,228,0,0,88,0,sin novedad
Envases del Pacífico S.A.S.,2026-04-27,tarde,L2,BAN-250,R-P0029,357.91,9.66,26893,485,0,0,0,0,"molde tibio al inicio, se estabilizó pasada la media hora"
Envases del Pacífico S.A.S.,2026-04-27,tarde,L3,ENV-500,R-P0029,403.3,13.71,15857,363,0,0,0,0,sin novedad
Envases del Pacífico S.A.S.,2026-04-28,mañana,L2,BAN-250,R-P0029,609.29,17.44,46331,887,0,0,0,0,se ajustó dosificación a media jornada
Envases del Pacífico S.A.S.,2026-04-28,tarde,L3,ENV-500,R-P0029,558.76,17.91,22120,476,0,0,0,0,sin novedad
Envases del Pacífico S.A.S.,2026-04-28,noche,L1,ENV-1000,R-P0030,475.02,13.72,12063,233,0,0,31,0,producción estable
Envases del Pacífico S.A.S.,2026-04-28,noche,L2,BAN-250,R-P0030,466.19,12.33,35504,627,0,0,0,0,sin novedad
Envases del Pacífico S.A.S.,2026-04-29,mañana,L2,TAP-38,R-P0030,416.68,17.02,127213,3522,1,0,0,0,sin novedad
Envases del Pacífico S.A.S.,2026-04-29,mañana,L3,ENV-500,R-P0030,632.8,19.03,25090,506,0,0,0,0,sin novedad
Envases del Pacífico S.A.S.,2026-04-29,tarde,L1,ENV-1000,R-P0030,630.13,20.46,15948,348,0,0,27,0,se ajustó dosificación a media jornada
Envases del Pacífico S.A.S.,2026-04-29,tarde,L3,ENV-500,R-P0031,435.29,17.6,17089,468,0,1,91,0,se ajustó dosificación a media jornada
Envases del Pacífico S.A.S.,2026-04-29,noche,L2,TAP-38,R-P0031,514.71,15.81,159950,3295,0,0,92,0,sin novedad
Envases del Pacífico S.A.S.,2026-04-29,noche,L3,ENV-500,R-P0031,511.89,15.33,20242,406,0,0,0,0,"cambio de color programado, sin contratiempos"
Envases del Pacífico S.A.S.,2026-04-30,mañana,L1,ENV-1000,R-P0031,571.29,14.15,14558,240,0,0,70,0,se ajustó dosificación a media jornada
Envases del Pacífico S.A.S.,2026-04-30,mañana,L2,TAP-38,R-P0031,618.7,24.36,189437,5046,0,1,0,0,"cambio de color programado, sin contratiempos"
Envases del Pacífico S.A.S.,2026-04-30,mañana,L3,ENV-500,R-P0031,705.89,16.59,28024,438,0,0,0,0,"cambio de color programado, sin contratiempos"
Envases del Pacífico S.A.S.,2026-04-30,tarde,L1,ENV-1000,R-P0031,560.81,17.69,14247,302,0,0,0,0,"molde tibio al inicio, se estabilizó pasada la media hora"
Envases del Pacífico S.A.S.,2026-04-30,tarde,L2,TAP-38,R-P0031,715.7,19.87,223646,4151,0,0,84,0,sin novedad
Envases del Pacífico S.A.S.,2026-04-30,noche,L1,ENV-1000,R-P0031,629.03,20.9,15936,356,0,0,83,0,turno normal
Envases del Pacífico S.A.S.,2026-04-30,noche,L2,TAP-38,R-P0031,473.55,10.56,147852,2191,0,0,0,0,"cambio de color programado, sin contratiempos"
Envases del Pacífico S.A.S.,2026-05-01,mañana,L1,ENV-1000,R-P0031,549.8,16.18,13996,276,0,0,0,0,sin novedad
Envases del Pacífico S.A.S.,2026-05-01,mañana,L2,TAP-38,R-P0031,579.74,20.58,178793,4278,0,1,0,0,producción estable
Envases del Pacífico S.A.S.,2026-05-01,mañana,L3,ENV-500,R-P0031,568.39,14.15,22715,377,0,0,76,0,"operación normal, se repuso resina a mitad de turno"
Envases del Pacífico S.A.S.,2026-05-01,tarde,L1,ENV-1000,R-P0031,642.67,21.31,16335,364,0,0,0,0,se ajustó dosificación a media jornada
Envases del Pacífico S.A.S.,2026-05-01,noche,L1,ENV-1000,R-P0031,574.09,17.29,14564,294,0,0,0,0,"cambio de color programado, sin contratiempos"
Envases del Pacífico S.A.S.,2026-05-01,noche,L2,TAP-38,R-P0031,587.8,12.36,183022,2554,0,0,28,0,"cambio de color programado, sin contratiempos"
Envases del Pacífico S.A.S.,2026-05-01,noche,L3,ENV-500,R-P0031,728.71,26.32,28671,698,0,0,47,1,turno normal
Envases del Pacífico S.A.S.,2026-05-02,mañana,L2,BAN-250,R-P0032,572.3,24.06,42975,1226,1,0,39,0,"cambio de color programado, sin contratiempos"
Envases del Pacífico S.A.S.,2026-05-02,mañana,L3,ENV-500,R-P0032,481.65,13.58,19084,360,0,1,0,0,sin novedad
Envases del Pacífico S.A.S.,2026-05-02,tarde,L1,ENV-1000,R-P0032,557.29,21.11,14083,360,0,1,0,0,"operación normal, se repuso resina a mitad de turno"
Envases del Pacífico S.A.S.,2026-05-02,tarde,L2,BAN-250,R-P0032,572.78,15.61,43521,793,0,0,75,0,"operación normal, se repuso resina a mitad de turno"
Envases del Pacífico S.A.S.,2026-05-02,tarde,L3,ENV-500,R-P0032,459.07,16.75,18054,444,0,0,0,0,"cambio de color programado, sin contratiempos"
Envases del Pacífico S.A.S.,2026-05-02,noche,L2,BAN-250,R-P0032,586.47,20.84,44226,1059,0,1,0,0,sin novedad
Envases del Pacífico S.A.S.,2026-05-02,noche,L3,ENV-500,R-P0032,506.21,14.82,19966,391,0,0,0,0,"operación normal, se repuso resina a mitad de turno"
Envases del Pacífico S.A.S.,2026-05-03,mañana,L3,GAL-3800,R-P0032,606.41,21.92,6026,147,1,0,81,0,"operación normal, se repuso resina a mitad de turno"
Envases del Pacífico S.A.S.,2026-05-03,tarde,L1,ENV-500,R-P0032,400.66,12.51,14876,312,1,0,23,0,sin novedad
Envases del Pacífico S.A.S.,2026-05-03,tarde,L2,BAN-250,R-P0032,464.82,14.61,35069,740,0,0,48,0,turno normal
Envases del Pacífico S.A.S.,2026-05-03,noche,L1,ENV-500,R-P0032,466.24,11.61,17496,291,0,0,0,0,"operación normal, se repuso resina a mitad de turno"
Envases del Pacífico S.A.S.,2026-05-03,noche,L2,BAN-250,R-P0032,588.33,16.14,44946,824,0,0,0,0,producción estable
Envases del Pacífico S.A.S.,2026-05-04,mañana,L1,ENV-500,R-P0032,599.51,16.06,22325,400,0,0,68,0,"cambio de color programado, sin contratiempos"
Envases del Pacífico S.A.S.,2026-05-04,mañana,L2,BAN-250,R-P0032,536.7,14.13,40536,712,0,0,0,0,sin novedad
Envases del Pacífico S.A.S.,2026-05-04,mañana,L3,GAL-3800,R-P0032,592.63,15.9,5947,107,0,0,0,0,turno normal
Envases del Pacífico S.A.S.,2026-05-04,tarde,L1,ENV-500,R-P0032,511.59,12.09,19214,302,0,0,77,0,"partimos en frío, las primeras bandejas se fueron a reproceso"
Envases del Pacífico S.A.S.,2026-05-04,noche,L2,BAN-250,R-P0032,557.35,16.67,42389,850,0,0,0,0,sin novedad
Envases del Pacífico S.A.S.,2026-05-05,mañana,L1,ENV-500,R-P0032,644.9,13.49,24261,337,0,0,14,0,sin novedad
Envases del Pacífico S.A.S.,2026-05-05,mañana,L3,GAL-3800,R-P0033,708.73,18.97,7082,127,0,0,0,0,se ajustó dosificación a media jornada
Envases del Pacífico S.A.S.,2026-05-05,tarde,L1,ENV-500,R-P0033,549.64,18.78,20284,466,0,1,0,0,producción estable
Envases del Pacífico S.A.S.,2026-05-05,tarde,L3,GAL-3800,R-P0033,482.29,15.75,4789,105,0,0,26,1,sin novedad
Envases del Pacífico S.A.S.,2026-05-05,noche,L2,BAN-250,R-P0033,630.95,21.4,47861,1092,0,1,0,0,"cambio de color programado, sin contratiempos"
Envases del Pacífico S.A.S.,2026-05-06,mañana,L2,BAN-250,R-P0033,511.86,19.82,38382,1005,0,1,0,0,"cambio de color programado, sin contratiempos"
Envases del Pacífico S.A.S.,2026-05-06,mañana,L3,GAL-3800,R-P0033,549.89,15.4,5482,103,0,0,0,0,turno normal
Envases del Pacífico S.A.S.,2026-05-06,tarde,L1,ENV-500,R-P0033,677.48,15.35,25461,384,0,0,59,0,sin novedad
Envases del Pacífico S.A.S.,2026-05-06,noche,L1,ENV-500,R-P0033,495.7,17.77,18382,444,0,1,0,0,turno normal
Envases del Pacífico S.A.S.,2026-05-06,noche,L2,BAN-250,R-P0033,602.79,16.04,46194,821,0,0,24,0,turno normal
Envases del Pacífico S.A.S.,2026-05-07,mañana,L1,ENV-500,R-P0033,582.41,12.25,21839,305,0,0,0,0,"operación normal, se repuso resina a mitad de turno"
Envases del Pacífico S.A.S.,2026-05-07,mañana,L2,TAP-38,R-P0033,479.87,19.46,147082,4042,1,0,0,0,sin novedad
Envases del Pacífico S.A.S.,2026-05-07,mañana,L3,GAL-3800,R-P0033,605.43,17.22,6047,115,0,0,0,0,sin novedad
Envases del Pacífico S.A.S.,2026-05-07,tarde,L1,ENV-500,R-P0033,612.78,21.08,22630,524,0,0,0,0,sin novedad
Envases del Pacífico S.A.S.,2026-05-07,tarde,L2,TAP-38,R-P0033,407.39,11.78,126730,2454,0,0,0,0,turno normal
Envases del Pacífico S.A.S.,2026-05-07,tarde,L3,GAL-3800,R-P0033,571.08,21.01,5667,141,0,0,0,0,turno normal
Envases del Pacífico S.A.S.,2026-05-07,noche,L3,GAL-3800,R-P0034,542.23,13.61,5449,91,0,0,56,0,"operación normal, se repuso resina a mitad de turno"
Envases del Pacífico S.A.S.,2026-05-08,mañana,L1,ENV-500,R-P0034,585.98,17.2,21811,429,0,0,0,0,"operación normal, se repuso resina a mitad de turno"
Envases del Pacífico S.A.S.,2026-05-08,mañana,L3,GAL-3800,R-P0034,583.51,19.43,5790,130,0,0,0,0,se ajustó dosificación a media jornada
Envases del Pacífico S.A.S.,2026-05-08,tarde,L1,ENV-500,R-P0034,690.86,20.41,25620,507,0,0,0,0,"cambio de color programado, sin contratiempos"
Envases del Pacífico S.A.S.,2026-05-08,tarde,L2,TAP-38,R-P0034,1193.72,405.86,245476,82197,0,0,145,0,"turno perdido: el molde se enfrió tras el paro y salió rebaba toda la jornada, se reprocesó casi todo"
Envases del Pacífico S.A.S.,2026-05-08,tarde,L3,GAL-3800,R-P0034,578.79,13.57,5824,91,0,0,18,0,sin novedad
Envases del Pacífico S.A.S.,2026-05-08,noche,L3,GAL-3800,R-P0034,512.11,14.43,5118,96,0,0,0,0,turno normal
Envases del Pacífico S.A.S.,2026-05-09,mañana,L1,ENV-500,R-P0034,538.63,16.13,19931,400,0,0,0,0,sin novedad
Envases del Pacífico S.A.S.,2026-05-09,mañana,L3,GAL-3800,R-P0034,705.1,19.81,7050,132,0,0,0,0,se ajustó dosificación a media jornada
Envases del Pacífico S.A.S.,2026-05-09,tarde,L1,ENV-500,R-P0034,588.67,17.18,21897,428,0,0,42,0,producción estable
Envases del Pacífico S.A.S.,2026-05-09,noche,L1,ENV-500,R-P0034,592.07,13.11,22041,324,0,0,0,0,"cambio de color programado, sin contratiempos"
Envases del Pacífico S.A.S.,2026-05-09,noche,L2,TAP-38,R-P0034,331.64,9.31,103128,1937,0,0,0,0,turno normal
Envases del Pacífico S.A.S.,2026-05-09,noche,L3,GAL-3800,R-P0034,530.8,19.41,5243,129,0,1,0,0,sin novedad
Envases del Pacífico S.A.S.,2026-05-10,mañana,L1,ENV-1000,R-P0034,674.61,27.13,16981,462,1,0,0,0,"operación normal, se repuso resina a mitad de turno"
Envases del Pacífico S.A.S.,2026-05-10,mañana,L3,ENV-500,R-P0034,480.45,18.61,18806,493,1,0,0,0,"operación normal, se repuso resina a mitad de turno"
Envases del Pacífico S.A.S.,2026-05-10,tarde,L2,TAP-38,R-P0034,547.47,14.78,170294,3070,0,0,0,0,sin novedad
Envases del Pacífico S.A.S.,2026-05-10,noche,L1,ENV-1000,R-P0034,540.2,17.45,13648,296,0,0,17,1,"operación normal, se repuso resina a mitad de turno"
Envases del Pacífico S.A.S.,2026-05-10,noche,L2,TAP-38,R-P0034,567.03,14.04,176847,2919,0,0,0,0,turno normal
Envases del Pacífico S.A.S.,2026-05-10,noche,L3,ENV-500,R-P0035,510.78,13.76,20284,365,0,0,0,1,"operación normal, se repuso resina a mitad de turno"
Envases del Pacífico S.A.S.,2026-05-11,mañana,L1,ENV-1000,R-P0035,606.52,23.4,15231,397,0,0,0,0,sin novedad
Envases del Pacífico S.A.S.,2026-05-11,mañana,L2,TAP-38,R-P0035,469.17,15.96,144316,3303,0,0,0,0,turno normal
Envases del Pacífico S.A.S.,2026-05-11,mañana,L3,ENV-500,R-P0035,522.56,15.19,20699,403,0,1,0,0,sin novedad
Envases del Pacífico S.A.S.,2026-05-11,tarde,L1,ENV-1000,R-P0036,518.09,15.18,13181,259,0,0,0,1,"operación normal, se repuso resina a mitad de turno"
Envases del Pacífico S.A.S.,2026-05-11,tarde,L3,ENV-500,R-P0036,688.28,18.69,27570,500,0,0,0,0,turno normal
Envases del Pacífico S.A.S.,2026-05-11,noche,L2,TAP-38,R-P0036,422.29,10.38,132258,2166,0,0,0,0,"operación normal, se repuso resina a mitad de turno"
Envases del Pacífico S.A.S.,2026-05-12,mañana,L1,ENV-1000,R-P0036,612.82,21.04,15501,358,0,1,0,0,sin novedad
Envases del Pacífico S.A.S.,2026-05-12,mañana,L2,TAP-38,R-P0036,511.63,15.91,158590,3309,0,0,0,0,la máquina salió fría y las primeras piezas llevaron material de más
Envases del Pacífico S.A.S.,2026-05-12,tarde,L2,TAP-38,R-P0036,759.62,18.29,237055,3801,0,0,0,0,sin novedad
Envases del Pacífico S.A.S.,2026-05-12,tarde,L3,ENV-500,R-P0036,715.46,20.62,28395,548,0,0,0,0,sin novedad
Envases del Pacífico S.A.S.,2026-05-12,noche,L1,ENV-1000,R-P0036,608.32,17.3,15518,295,0,0,0,0,producción estable
Envases del Pacífico S.A.S.,2026-05-12,noche,L2,TAP-38,R-P0036,465.43,12.64,145065,2633,0,0,0,0,se ajustó dosificación a media jornada
Envases del Pacífico S.A.S.,2026-05-12,noche,L3,ENV-500,R-P0036,545.89,18.45,21425,487,0,0,33,0,sin novedad
Envases del Pacífico S.A.S.,2026-05-13,mañana,L1,ENV-1000,R-P0036,576.09,21.22,14470,360,0,1,0,0,"operación normal, se repuso resina a mitad de turno"
Envases del Pacífico S.A.S.,2026-05-13,mañana,L2,TAP-38,R-P0036,601.62,16.72,187054,3476,0,0,0,0,sin novedad
Envases del Pacífico S.A.S.,2026-05-13,mañana,L3,ENV-500,R-P0036,444.42,12.62,17562,334,0,0,0,0,"operación normal, se repuso resina a mitad de turno"
Envases del Pacífico S.A.S.,2026-05-13,tarde,L3,ENV-500,R-P0036,581.61,17.11,23111,455,0,0,0,0,sin novedad
Envases del Pacífico S.A.S.,2026-05-13,noche,L1,ENV-1000,R-P0036,699.83,20.12,17847,343,0,0,18,0,producción estable
Envases del Pacífico S.A.S.,2026-05-13,noche,L2,TAP-38,R-P0036,433.16,11.57,134199,2394,0,0,27,0,producción estable
Envases del Pacífico S.A.S.,2026-05-14,mañana,L3,ENV-500,R-P0036,582.68,18.34,22960,485,0,0,0,0,sin novedad
Envases del Pacífico S.A.S.,2026-05-14,tarde,L1,ENV-1000,R-P0036,602.36,25.9,15059,440,0,0,0,1,sin novedad
Envases del Pacífico S.A.S.,2026-05-14,tarde,L2,TAP-38,R-P0036,619.69,15.41,193445,3207,0,0,27,0,se ajustó dosificación a media jornada
Envases del Pacífico S.A.S.,2026-05-14,tarde,L3,ENV-500,R-P0036,519.11,15.09,20620,401,0,0,0,0,"operación normal, se repuso resina a mitad de turno"
Envases del Pacífico S.A.S.,2026-05-14,noche,L1,ENV-1000,R-P0036,517.34,12.74,13294,218,0,0,0,0,se ajustó dosificación a media jornada
Envases del Pacífico S.A.S.,2026-05-14,noche,L3,ENV-500,R-P0036,503.46,12.05,20024,319,0,0,0,0,producción estable
Envases del Pacífico S.A.S.,2026-05-15,mañana,L1,ENV-1000,R-P0036,458.72,13.99,11650,238,0,0,0,0,se ajustó dosificación a media jornada
Envases del Pacífico S.A.S.,2026-05-15,mañana,L3,ENV-500,R-P0036,751.38,15.85,29899,419,0,0,0,0,"operación normal, se repuso resina a mitad de turno"
Envases del Pacífico S.A.S.,2026-05-15,tarde,L1,ENV-1000,R-P0036,553.01,12.83,14142,218,0,0,82,0,sin novedad
Envases del Pacífico S.A.S.,2026-05-15,tarde,L2,BAN-250,R-P0037,684.54,24.81,51695,1263,1,0,58,0,"operación normal, se repuso resina a mitad de turno"
Envases del Pacífico S.A.S.,2026-05-15,tarde,L3,ENV-500,R-P0037,614.05,20.6,24179,546,0,0,0,0,"cambio de color programado, sin contratiempos"
Envases del Pacífico S.A.S.,2026-05-15,noche,L1,ENV-1000,R-P0037,742.98,17.21,19009,293,0,0,52,0,sin novedad
Envases del Pacífico S.A.S.,2026-05-15,noche,L2,BAN-250,R-P0037,567.12,16.51,42956,837,0,0,0,0,producción estable
Envases del Pacífico S.A.S.,2026-05-15,noche,L3,ENV-500,R-P0037,574.53,19.47,22699,517,0,0,0,0,la máquina salió fría y las primeras piezas llevaron material de más
Envases del Pacífico S.A.S.,2026-05-16,mañana,L1,ENV-500,R-P0037,540.85,21.5,19788,532,1,0,0,0,turno normal
Envases del Pacífico S.A.S.,2026-05-16,mañana,L3,ENV-500,R-P0037,696.54,19.29,27721,513,0,0,0,0,sin novedad
Envases del Pacífico S.A.S.,2026-05-16,tarde,L1,ENV-500,R-P0037,554.61,18.59,20324,458,0,0,26,0,sin novedad
Envases del Pacífico S.A.S.,2026-05-16,tarde,L2,BAN-250,R-P0037,380.32,8.79,29011,446,0,0,0,0,sin novedad
Envases del Pacífico S.A.S.,2026-05-16,noche,L1,ENV-500,R-P0037,429.84,15.84,15735,391,0,1,88,0,sin novedad
Envases del Pacífico S.A.S.,2026-05-16,noche,L3,ENV-500,R-P0037,544.7,14.12,21755,376,0,0,74,0,se ajustó dosificación a media jornada
Envases del Pacífico S.A.S.,2026-05-17,mañana,L1,ENV-500,R-P0037,499.95,15.22,18472,377,0,0,0,0,"operación normal, se repuso resina a mitad de turno"
Envases del Pacífico S.A.S.,2026-05-17,mañana,L2,BAN-250,R-P0037,612.41,18.68,46380,949,0,0,0,0,turno normal
Envases del Pacífico S.A.S.,2026-05-17,mañana,L3,ENV-500,R-P0037,484.37,13.54,19280,360,0,0,0,0,sin novedad
Envases del Pacífico S.A.S.,2026-05-17,tarde,L1,ENV-500,R-P0037,623.82,17.68,23064,437,0,1,0,0,se ajustó dosificación a media jornada
Envases del Pacífico S.A.S.,2026-05-17,tarde,L2,BAN-250,R-P0037,509.18,14.97,38609,760,0,0,0,0,sin novedad
Envases del Pacífico S.A.S.,2026-05-17,noche,L2,BAN-250,R-P0037,501.52,13.34,38311,680,0,0,0,0,sin novedad
Envases del Pacífico S.A.S.,2026-05-17,noche,L3,ENV-500,R-P0037,536.09,15.35,21220,407,0,0,59,0,producción estable
Envases del Pacífico S.A.S.,2026-05-18,mañana,L1,ENV-500,R-P0037,579.35,20.51,21161,505,0,0,0,1,"cambio de color programado, sin contratiempos"
Envases del Pacífico S.A.S.,2026-05-18,mañana,L2,BAN-250,R-P0037,550.79,14.92,42176,763,0,0,55,0,"cambio de color programado, sin contratiempos"
Envases del Pacífico S.A.S.,2026-05-18,mañana,L3,GAL-3800,R-P0037,538.89,20.03,5328,134,1,0,0,0,sin novedad
Envases del Pacífico S.A.S.,2026-05-18,tarde,L3,GAL-3800,R-P0037,483.45,12.37,4829,82,0,0,0,0,sin novedad
Envases del Pacífico S.A.S.,2026-05-18,noche,L1,ENV-500,R-P0037,402.36,10.84,14916,268,0,0,0,0,"operación normal, se repuso resina a mitad de turno"
Envases del Pacífico S.A.S.,2026-05-18,noche,L2,BAN-250,R-P0037,474.51,14.92,35803,755,0,0,0,0,se ajustó dosificación a media jornada
Envases del Pacífico S.A.S.,2026-05-18,noche,L3,GAL-3800,R-P0037,460.34,13.52,4586,90,0,0,0,0,sin novedad
Envases del Pacífico S.A.S.,2026-05-19,mañana,L1,ENV-500,R-P0037,476.29,12.62,17600,311,0,0,0,0,sin novedad
Envases del Pacífico S.A.S.,2026-05-19,mañana,L3,GAL-3800,R-P0037,447.32,14.63,4459,98,0,1,0,0,sin novedad
Envases del Pacífico S.A.S.,2026-05-19,tarde,L1,ENV-500,R-P0037,767.83,18.57,28448,458,0,0,33,0,sin novedad
Envases del Pacífico S.A.S.,2026-05-19,tarde,L2,BAN-250,R-P0037,595.34,15.33,45337,779,0,0,0,0,producción estable
Envases del Pacífico S.A.S.,2026-05-19,noche,L3,GAL-3800,R-P0038,517.27,13.99,5154,93,0,0,0,0,producción estable
Envases del Pacífico S.A.S.,2026-05-20,mañana,L2,TAP-38,R-P0038,716.46,26.26,220491,5452,1,0,0,0,producción estable
Envases del Pacífico S.A.S.,2026-05-20,mañana,L3,GAL-3800,R-P0038,625.41,14.09,6288,94,0,0,61,0,"operación normal, se repuso resina a mitad de turno"
Envases del Pacífico S.A.S.,2026-05-20,tarde,L1,ENV-1000,R-P0038,705.97,30.05,17701,512,1,0,0,0,sin novedad
Envases del Pacífico S.A.S.,2026-05-20,tarde,L2,TAP-38,R-P0038,622.45,13.48,194929,2805,0,0,0,0,producción estable
Envases del Pacífico S.A.S.,2026-05-20,tarde,L3,GAL-3800,R-P0038,416.54,11.64,4166,78,0,0,0,0,turno normal
Envases del Pacífico S.A.S.,2026-05-20,noche,L1,ENV-1000,R-P0038,570.23,14.01,14628,240,0,0,0,0,sin novedad
Envases del Pacífico S.A.S.,2026-05-20,noche,L2,TAP-38,R-P0038,544.3,18.75,167729,3889,0,0,0,0,producción estable
Envases del Pacífico S.A.S.,2026-05-20,noche,L3,GAL-3800,R-P0038,681.94,17.53,6822,117,0,0,0,0,producción estable
Envases del Pacífico S.A.S.,2026-05-21,mañana,L1,ENV-1000,R-P0038,521.05,10.3,13367,175,0,0,0,0,"cambio de color programado, sin contratiempos"
Envases del Pacífico S.A.S.,2026-05-21,mañana,L2,TAP-38,R-P0038,558.16,18.65,172612,3878,0,0,60,0,sin novedad
Envases del Pacífico S.A.S.,2026-05-21,mañana,L3,GAL-3800,R-P0038,441.55,12.43,4431,83,0,0,61,0,"cambio de color programado, sin contratiempos"
Envases del Pacífico S.A.S.,2026-05-21,tarde,L1,ENV-1000,R-P0038,398.24,11.95,10104,203,0,0,0,0,producción estable
Envases del Pacífico S.A.S.,2026-05-21,tarde,L2,TAP-38,R-P0038,579.3,22.04,178599,4591,0,0,88,0,se ajustó dosificación a media jornada
Envases del Pacífico S.A.S.,2026-05-21,tarde,L3,GAL-3800,R-P0038,615.18,18.26,6127,122,0,0,0,1,turno normal
Envases del Pacífico S.A.S.,2026-05-21,noche,L1,ENV-1000,R-P0038,620.5,22.14,15755,379,0,1,0,0,"operación normal, se repuso resina a mitad de turno"
Envases del Pacífico S.A.S.,2026-05-21,noche,L3,GAL-3800,R-P0038,601.34,14.93,6031,100,0,0,66,0,sin novedad
Envases del Pacífico S.A.S.,2026-05-22,mañana,L1,ENV-1000,R-P0038,704.9,21.42,17871,364,0,0,0,1,turno normal
Envases del Pacífico S.A.S.,2026-05-22,mañana,L2,TAP-38,R-P0038,512.37,9.99,160345,2072,0,0,0,0,"operación normal, se repuso resina a mitad de turno"
Envases del Pacífico S.A.S.,2026-05-22,mañana,L3,GAL-3800,R-P0039,702.6,17.38,7029,116,0,0,0,0,"operación normal, se repuso resina a mitad de turno"
Envases del Pacífico S.A.S.,2026-05-22,tarde,L1,ENV-1000,R-P0039,527.91,17.11,13404,292,0,0,0,0,se ajustó dosificación a media jornada
Envases del Pacífico S.A.S.,2026-05-22,tarde,L3,GAL-3800,R-P0039,413.92,10.39,4167,70,0,0,0,0,sin novedad
Envases del Pacífico S.A.S.,2026-05-22,noche,L2,TAP-38,R-P0039,449.0,11.06,139968,2298,0,0,0,0,producción estable
Envases del Pacífico S.A.S.,2026-05-22,noche,L3,GAL-3800,R-P0039,599.66,17.95,5972,120,0,0,0,0,sin novedad
Envases del Pacífico S.A.S.,2026-05-23,mañana,L1,ENV-500,R-P0039,590.13,22.6,21493,556,1,0,0,0,turno normal
Envases del Pacífico S.A.S.,2026-05-23,mañana,L3,GAL-3800,R-P0039,613.25,16.15,6132,108,0,0,0,0,se ajustó dosificación a media jornada
Envases del Pacífico S.A.S.,2026-05-23,tarde,L1,ENV-500,R-P0039,606.58,15.38,22375,378,0,0,19,0,"cambio de color programado, sin contratiempos"
Envases del Pacífico S.A.S.,2026-05-23,tarde,L3,GAL-3800,R-P0039,711.69,16.5,7110,110,0,0,0,0,producción estable
Envases del Pacífico S.A.S.,2026-05-23,noche,L2,BAN-250,R-P0039,541.98,18.65,40581,940,1,0,0,0,"operación normal, se repuso resina a mitad de turno"
Envases del Pacífico S.A.S.,2026-05-23,noche,L3,GAL-3800,R-P0039,646.72,18.72,6452,125,0,0,0,0,"operación normal, se repuso resina a mitad de turno"
Envases del Pacífico S.A.S.,2026-05-24,mañana,L1,ENV-500,R-P0039,527.92,16.62,19288,408,0,0,0,0,sin novedad
Envases del Pacífico S.A.S.,2026-05-24,mañana,L2,BAN-250,R-P0039,540.17,15.93,41113,812,0,0,0,0,"partimos en frío, las primeras bandejas se fueron a reproceso"
Envases del Pacífico S.A.S.,2026-05-24,mañana,L3,ENV-500,R-P0039,666.07,23.69,26297,630,1,0,0,0,producción estable
Envases del Pacífico S.A.S.,2026-05-24,tarde,L1,ENV-500,R-P0039,391.19,13.86,14350,343,0,1,0,0,"operación normal, se repuso resina a mitad de turno"
Envases del Pacífico S.A.S.,2026-05-24,tarde,L2,BAN-250,R-P0040,552.53,12.61,42021,638,0,0,0,0,se ajustó dosificación a media jornada
Envases del Pacífico S.A.S.,2026-05-24,tarde,L3,ENV-500,R-P0040,530.0,10.86,21224,288,0,0,0,0,"primeras cajas con rebaba, hubo que purgar más de lo normal"
Envases del Pacífico S.A.S.,2026-05-24,noche,L1,ENV-500,R-P0040,519.41,16.5,18984,405,0,0,0,0,sin novedad
Envases del Pacífico S.A.S.,2026-05-24,noche,L2,BAN-250,R-P0040,494.82,13.15,37542,666,0,0,0,1,sin novedad
Envases del Pacífico S.A.S.,2026-05-24,noche,L3,ENV-500,R-P0040,457.62,12.65,18077,334,0,0,0,0,sin novedad
Envases del Pacífico S.A.S.,2026-05-25,mañana,L1,ENV-500,R-P0041,743.45,19.16,27423,471,0,0,0,0,sin novedad
Envases del Pacífico S.A.S.,2026-05-25,mañana,L2,BAN-250,R-P0041,529.18,18.57,40010,946,0,0,0,1,"operación normal, se repuso resina a mitad de turno"
Envases del Pacífico S.A.S.,2026-05-25,mañana,L3,ENV-500,R-P0041,485.5,13.29,19309,353,0,0,74,0,se ajustó dosificación a media jornada
Envases del Pacífico S.A.S.,2026-05-25,tarde,L1,ENV-500,R-P0041,671.37,23.68,24453,581,0,0,33,1,"operación normal, se repuso resina a mitad de turno"
Envases del Pacífico S.A.S.,2026-05-25,tarde,L2,BAN-250,R-P0041,525.6,16.11,39269,807,0,0,0,0,"cambio de color programado, sin contratiempos"
Envases del Pacífico S.A.S.,2026-05-25,noche,L1,ENV-500,R-P0041,533.44,15.15,19551,372,0,0,0,0,sin novedad
Envases del Pacífico S.A.S.,2026-05-25,noche,L2,BAN-250,R-P0041,423.9,10.85,32342,552,0,0,64,0,"cambio de color programado, sin contratiempos"
Envases del Pacífico S.A.S.,2026-05-25,noche,L3,ENV-500,R-P0041,427.97,10.57,17021,280,0,0,0,0,sin novedad
Envases del Pacífico S.A.S.,2026-05-26,mañana,L1,ENV-500,R-P0041,652.34,20.15,23891,495,0,0,0,0,producción estable
Envases del Pacífico S.A.S.,2026-05-26,mañana,L2,BAN-250,R-P0041,522.82,12.25,40160,626,0,0,0,1,"cambio de color programado, sin contratiempos"
Envases del Pacífico S.A.S.,2026-05-26,tarde,L1,ENV-500,R-P0041,664.16,24.42,24127,599,0,0,0,0,sin novedad
Envases del Pacífico S.A.S.,2026-05-26,tarde,L2,BAN-250,R-P0041,486.78,12.58,36917,637,0,0,59,0,sin novedad
Envases del Pacífico S.A.S.,2026-05-26,tarde,L3,ENV-500,R-P0041,546.45,13.42,21799,357,0,0,92,0,"cambio de color programado, sin contratiempos"
Envases del Pacífico S.A.S.,2026-05-26,noche,L1,ENV-500,R-P0041,439.66,8.59,16337,212,0,0,0,0,turno normal
Envases del Pacífico S.A.S.,2026-05-27,mañana,L1,ENV-500,R-P0041,548.66,17.1,20108,421,0,0,68,0,"operación normal, se repuso resina a mitad de turno"
Envases del Pacífico S.A.S.,2026-05-27,mañana,L2,BAN-250,R-P0041,502.93,14.78,38220,752,0,0,0,1,turno normal
Envases del Pacífico S.A.S.,2026-05-27,mañana,L3,ENV-500,R-P0041,395.51,13.69,15601,363,0,0,0,0,turno normal
Envases del Pacífico S.A.S.,2026-05-27,tarde,L1,ENV-500,R-P0041,429.49,12.75,15701,312,0,0,92,0,"operación normal, se repuso resina a mitad de turno"
Envases del Pacífico S.A.S.,2026-05-27,tarde,L2,BAN-250,R-P0041,601.65,18.6,45830,950,0,0,0,0,sin novedad
Envases del Pacífico S.A.S.,2026-05-27,tarde,L3,ENV-500,R-P0041,599.47,20.51,23619,544,0,0,38,0,se ajustó dosificación a media jornada
Envases del Pacífico S.A.S.,2026-05-27,noche,L1,ENV-500,R-P0041,648.59,16.73,23890,411,0,0,74,0,producción estable
Envases del Pacífico S.A.S.,2026-05-27,noche,L2,BAN-250,R-P0041,676.44,17.74,50958,892,0,0,0,0,sin novedad
Envases del Pacífico S.A.S.,2026-05-28,mañana,L2,TAP-38,R-P0041,581.84,22.12,178171,4576,1,0,0,0,producción estable
Envases del Pacífico S.A.S.,2026-05-28,tarde,L1,ENV-500,R-P0041,407.26,13.04,14891,320,0,0,0,1,sin novedad
Envases del Pacífico S.A.S.,2026-05-28,tarde,L2,TAP-38,R-P0041,675.08,18.15,209756,3766,0,0,0,0,sin novedad
Envases del Pacífico S.A.S.,2026-05-28,tarde,L3,ENV-500,R-P0041,721.78,18.24,28672,483,0,0,0,0,"operación normal, se repuso resina a mitad de turno"
Envases del Pacífico S.A.S.,2026-05-28,noche,L2,TAP-38,R-P0041,628.76,20.12,194112,4171,0,1,0,0,sin novedad
Envases del Pacífico S.A.S.,2026-05-28,noche,L3,ENV-500,R-P0041,577.92,15.51,22956,411,0,0,0,0,turno normal
Envases del Pacífico S.A.S.,2026-05-29,mañana,L1,ENV-500,R-P0042,594.74,17.0,21804,417,0,0,0,0,"cambio de color programado, sin contratiempos"
Envases del Pacífico S.A.S.,2026-05-29,mañana,L3,GAL-3800,R-P0042,599.72,22.26,5923,148,1,0,0,0,turno normal
Envases del Pacífico S.A.S.,2026-05-29,tarde,L1,ENV-500,R-P0042,362.79,9.23,13359,227,0,0,0,0,producción estable
Envases del Pacífico S.A.S.,2026-05-29,tarde,L2,TAP-38,R-P0042,313.16,10.23,96778,2124,0,1,0,1,sin novedad
Envases del Pacífico S.A.S.,2026-05-29,tarde,L3,GAL-3800,R-P0042,624.88,17.32,6240,116,0,0,0,0,"cambio de color programado, sin contratiempos"
Envases del Pacífico S.A.S.,2026-05-29,noche,L1,ENV-500,R-P0042,653.56,19.6,23899,480,0,0,0,1,sin novedad
Envases del Pacífico S.A.S.,2026-05-29,noche,L2,TAP-38,R-P0042,589.52,16.62,183502,3459,0,0,0,0,sin novedad
Envases del Pacífico S.A.S.,2026-05-29,noche,L3,GAL-3800,R-P0042,702.65,17.14,7028,114,0,0,0,0,"operación normal, se repuso resina a mitad de turno"
Envases del Pacífico S.A.S.,2026-05-30,mañana,L1,ENV-1000,R-P0042,479.01,20.14,11987,342,1,0,0,0,sin novedad
Envases del Pacífico S.A.S.,2026-05-30,mañana,L2,TAP-38,R-P0042,537.57,24.82,163505,5144,0,1,18,0,sin novedad
Envases del Pacífico S.A.S.,2026-05-30,mañana,L3,GAL-3800,R-P0042,584.36,17.61,5817,117,0,0,0,0,producción estable
Envases del Pacífico S.A.S.,2026-05-30,tarde,L1,ENV-1000,R-P0042,659.78,18.28,16816,311,0,0,0,0,sin novedad
Envases del Pacífico S.A.S.,2026-05-30,tarde,L3,GAL-3800,R-P0042,476.33,13.29,4751,89,0,0,0,0,"cambio de color programado, sin contratiempos"
Envases del Pacífico S.A.S.,2026-05-30,noche,L1,ENV-1000,R-P0042,551.54,15.09,14022,256,0,0,0,0,sin novedad
Envases del Pacífico S.A.S.,2026-05-30,noche,L2,TAP-38,R-P0042,548.07,13.3,170712,2759,0,0,0,0,"cambio de color programado, sin contratiempos"
Envases del Pacífico S.A.S.,2026-05-30,noche,L3,GAL-3800,R-P0042,520.15,18.47,5159,124,0,0,0,0,se ajustó dosificación a media jornada
Envases del Pacífico S.A.S.,2026-05-31,mañana,L1,ENV-1000,R-P0042,569.46,15.26,14543,260,0,0,28,0,turno normal
Envases del Pacífico S.A.S.,2026-05-31,mañana,L2,TAP-38,R-P0042,422.04,12.81,131112,2667,0,0,78,0,producción estable
Envases del Pacífico S.A.S.,2026-05-31,mañana,L3,GAL-3800,R-P0042,686.36,24.44,6847,164,0,1,0,0,"operación normal, se repuso resina a mitad de turno"
Envases del Pacífico S.A.S.,2026-05-31,tarde,L3,GAL-3800,R-P0042,706.8,21.95,7058,147,0,0,0,0,sin novedad
Envases del Pacífico S.A.S.,2026-05-31,noche,L1,ENV-1000,R-P0042,642.98,22.3,16250,380,0,0,0,0,sin novedad
Envases del Pacífico S.A.S.,2026-05-31,noche,L2,TAP-38,R-P0042,566.39,12.51,177692,2609,0,0,23,0,"operación normal, se repuso resina a mitad de turno"
Envases del Pacífico S.A.S.,2026-05-31,noche,L3,GAL-3800,R-P0042,544.14,16.53,5448,111,0,0,88,0,producción estable
Envases del Pacífico S.A.S.,2026-06-01,mañana,L3,GAL-3800,R-P0042,589.2,13.72,5914,92,0,0,49,0,"cambio de color programado, sin contratiempos"
Envases del Pacífico S.A.S.,2026-06-01,tarde,L1,ENV-1000,R-P0042,366.1,9.95,9303,169,0,0,0,0,turno normal
Envases del Pacífico S.A.S.,2026-06-01,noche,L1,ENV-1000,R-P0042,304.04,9.33,7725,159,0,0,76,0,sin novedad
Envases del Pacífico S.A.S.,2026-06-01,noche,L3,GAL-3800,R-P0042,460.74,13.02,4610,87,0,0,40,0,sin novedad
Envases del Pacífico S.A.S.,2026-06-02,mañana,L1,ENV-1000,R-P0042,578.71,15.61,14703,265,0,0,36,0,sin novedad
Envases del Pacífico S.A.S.,2026-06-02,mañana,L2,TAP-38,R-P0043,519.55,14.53,160994,3010,0,0,0,0,"partimos en frío, las primeras bandejas se fueron a reproceso"
Envases del Pacífico S.A.S.,2026-06-02,mañana,L3,GAL-3800,R-P0043,499.11,16.21,4940,108,0,1,0,0,turno normal
Envases del Pacífico S.A.S.,2026-06-02,tarde,L1,ENV-1000,R-P0043,452.18,10.76,11523,183,0,0,93,0,"operación normal, se repuso resina a mitad de turno"
Envases del Pacífico S.A.S.,2026-06-02,tarde,L2,TAP-38,R-P0043,537.14,12.32,168094,2565,0,0,0,0,sin novedad
Envases del Pacífico S.A.S.,2026-06-02,tarde,L3,GAL-3800,R-P0043,684.12,20.22,6820,135,0,1,0,0,sin novedad
Envases del Pacífico S.A.S.,2026-06-03,mañana,L1,ENV-1000,R-P0043,561.36,15.57,14351,266,0,0,0,0,"el equipo no había alcanzado temperatura al iniciar, sobró material"
Envases del Pacífico S.A.S.,2026-06-03,mañana,L2,BAN-250,R-P0043,623.92,19.35,47278,984,1,0,0,0,la máquina salió fría y las primeras piezas llevaron material de más
Envases del Pacífico S.A.S.,2026-06-03,mañana,L3,ENV-500,R-P0043,522.44,20.51,20473,544,1,0,0,0,producción estable
Envases del Pacífico S.A.S.,2026-06-03,tarde,L2,BAN-250,R-P0043,766.45,17.3,58541,879,0,0,68,0,sin novedad
Envases del Pacífico S.A.S.,2026-06-03,tarde,L3,ENV-500,R-P0043,636.9,14.68,25348,389,0,0,0,0,"cambio de color programado, sin contratiempos"
Envases del Pacífico S.A.S.,2026-06-03,noche,L1,ENV-1000,R-P0043,672.75,20.95,17058,356,0,0,0,0,"operación normal, se repuso resina a mitad de turno"
Envases del Pacífico S.A.S.,2026-06-04,mañana,L1,ENV-1000,R-P0043,432.11,14.29,10926,243,0,0,0,1,sin novedad
Envases del Pacífico S.A.S.,2026-06-04,mañana,L2,BAN-250,R-P0043,692.13,14.31,52784,724,0,0,0,0,turno normal
Envases del Pacífico S.A.S.,2026-06-04,mañana,L3,ENV-500,R-P0043,682.82,24.57,26918,653,0,0,0,0,se ajustó dosificación a media jornada
Envases del Pacífico S.A.S.,2026-06-04,tarde,L1,ENV-1000,R-P0043,473.19,11.33,12056,192,0,0,0,0,"operación normal, se repuso resina a mitad de turno"
Envases del Pacífico S.A.S.,2026-06-04,noche,L1,ENV-1000,R-P0043,572.23,21.81,14403,371,0,1,0,0,sin novedad
Envases del Pacífico S.A.S.,2026-06-05,mañana,L1,ENV-1000,R-P0043,606.81,21.47,15357,366,0,1,0,1,producción estable
Envases del Pacífico S.A.S.,2026-06-05,mañana,L3,ENV-500,R-P0043,461.33,9.34,18467,248,0,0,0,0,sin novedad
Envases del Pacífico S.A.S.,2026-06-05,tarde,L1,ENV-1000,R-P0043,580.84,20.39,14675,347,0,1,0,0,sin novedad
Envases del Pacífico S.A.S.,2026-06-05,tarde,L2,BAN-250,R-P0043,580.76,19.75,43710,1000,0,1,0,0,sin novedad
Envases del Pacífico S.A.S.,2026-06-05,tarde,L3,ENV-500,R-P0043,697.04,22.13,27639,589,0,0,65,0,"operación normal, se repuso resina a mitad de turno"
Envases del Pacífico S.A.S.,2026-06-05,noche,L1,ENV-1000,R-P0044,538.66,16.35,13603,277,0,1,0,0,turno normal
Envases del Pacífico S.A.S.,2026-06-05,noche,L2,BAN-250,R-P0044,688.81,17.8,52528,906,0,0,0,0,"operación normal, se repuso resina a mitad de turno"
Envases del Pacífico S.A.S.,2026-06-06,mañana,L1,ENV-1000,R-P0044,499.89,13.15,12738,224,0,0,0,0,turno normal
Envases del Pacífico S.A.S.,2026-06-06,mañana,L2,BAN-250,R-P0044,689.1,13.66,52673,693,0,0,0,0,producción estable
Envases del Pacífico S.A.S.,2026-06-06,mañana,L3,ENV-500,R-P0044,595.49,20.24,23382,535,0,0,34,0,se ajustó dosificación a media jornada
Envases del Pacífico S.A.S.,2026-06-06,tarde,L1,ENV-1000,R-P0044,633.32,15.0,16253,256,0,0,0,0,sin novedad
Envases del Pacífico S.A.S.,2026-06-06,tarde,L2,BAN-250,R-P0044,530.34,15.8,40115,800,0,0,0,0,sin novedad
Envases del Pacífico S.A.S.,2026-06-06,tarde,L3,ENV-500,R-P0044,621.91,14.2,24716,375,0,0,0,0,"cambio de color programado, sin contratiempos"
Envases del Pacífico S.A.S.,2026-06-06,noche,L1,ENV-1000,R-P0044,623.7,14.63,15964,249,0,0,0,0,"operación normal, se repuso resina a mitad de turno"
Envases del Pacífico S.A.S.,2026-06-06,noche,L2,BAN-250,R-P0044,611.96,16.0,46324,808,0,0,0,0,sin novedad
Envases del Pacífico S.A.S.,2026-06-06,noche,L3,ENV-500,R-P0044,475.82,12.41,18917,329,0,0,0,0,producción estable
Envases del Pacífico S.A.S.,2026-06-07,mañana,L1,ENV-500,R-P0044,667.83,23.72,24191,579,1,0,0,0,sin novedad
Envases del Pacífico S.A.S.,2026-06-07,tarde,L1,ENV-500,R-P0044,453.07,15.33,16394,373,0,1,0,0,sin novedad
Envases del Pacífico S.A.S.,2026-06-07,tarde,L2,BAN-250,R-P0044,685.26,18.15,51744,915,0,1,27,0,"primeras cajas con rebaba, hubo que purgar más de lo normal"
Envases del Pacífico S.A.S.,2026-06-07,tarde,L3,ENV-500,R-P0045,600.18,21.45,23589,568,0,1,0,0,se ajustó dosificación a media jornada
Envases del Pacífico S.A.S.,2026-06-07,noche,L3,ENV-500,R-P0045,711.5,19.84,28227,526,0,0,0,0,sin novedad
Envases del Pacífico S.A.S.,2026-06-08,mañana,L1,ENV-500,R-P0045,470.58,12.6,17112,306,0,0,0,0,sin novedad
Envases del Pacífico S.A.S.,2026-06-08,mañana,L2,BAN-250,R-P0046,651.79,20.69,49332,1051,0,0,0,1,"cambio de color programado, sin contratiempos"
Envases del Pacífico S.A.S.,2026-06-08,mañana,L3,GAL-3800,R-P0046,687.94,22.08,6877,148,1,0,63,0,sin novedad
Envases del Pacífico S.A.S.,2026-06-08,tarde,L2,BAN-250,R-P0046,513.13,14.49,38818,733,0,0,28,0,se ajustó dosificación a media jornada
Envases del Pacífico S.A.S.,2026-06-08,tarde,L3,GAL-3800,R-P0046,564.93,15.65,5645,105,0,0,0,0,"cambio de color programado, sin contratiempos"
Envases del Pacífico S.A.S.,2026-06-08,noche,L2,BAN-250,R-P0046,493.64,12.27,37931,629,0,0,0,0,"operación normal, se repuso resina a mitad de turno"
Envases del Pacífico S.A.S.,2026-06-08,noche,L3,GAL-3800,R-P0046,419.05,11.89,4201,80,0,0,0,1,producción estable
Envases del Pacífico S.A.S.,2026-06-09,mañana,L3,GAL-3800,R-P0046,495.76,11.68,5005,79,0,0,0,0,sin novedad
Envases del Pacífico S.A.S.,2026-06-09,tarde,L2,BAN-250,R-P0046,513.95,16.73,38997,853,0,0,0,0,sin novedad
Envases del Pacífico S.A.S.,2026-06-09,tarde,L3,GAL-3800,R-P0046,493.12,12.37,4935,83,0,0,47,0,sin novedad
Envases del Pacífico S.A.S.,2026-06-09,noche,L2,BAN-250,R-P0046,676.65,17.77,51616,905,0,0,0,0,sin novedad
Envases del Pacífico S.A.S.,2026-06-09,noche,L3,GAL-3800,R-P0046,666.7,19.57,6647,131,0,0,0,0,producción estable
Envases del Pacífico S.A.S.,2026-06-10,mañana,L1,ENV-500,R-P0046,377.52,11.18,13696,272,0,0,0,0,turno normal
Envases del Pacífico S.A.S.,2026-06-10,mañana,L3,GAL-3800,R-P0046,691.49,20.19,6859,134,0,0,0,0,turno normal
Envases del Pacífico S.A.S.,2026-06-10,tarde,L1,ENV-500,R-P0046,545.05,14.39,19876,350,0,1,0,0,"cambio de color programado, sin contratiempos"
Envases del Pacífico S.A.S.,2026-06-10,noche,L1,ENV-500,R-P0046,626.73,17.52,22765,426,0,0,44,0,"operación normal, se repuso resina a mitad de turno"
Envases del Pacífico S.A.S.,2026-06-10,noche,L2,TAP-38,R-P0046,474.8,18.76,145838,3900,1,0,0,0,turno normal
Envases del Pacífico S.A.S.,2026-06-11,mañana,L1,ENV-500,R-P0046,516.19,14.32,18751,348,0,0,0,0,producción estable
Envases del Pacífico S.A.S.,2026-06-11,mañana,L2,TAP-38,R-P0046,378.69,10.85,118550,2273,0,0,0,0,"cambio de color programado, sin contratiempos"
Envases del Pacífico S.A.S.,2026-06-11,mañana,L3,GAL-3800,R-P0047,677.76,19.45,6753,130,0,0,0,0,sin novedad
Envases del Pacífico S.A.S.,2026-06-11,tarde,L1,ENV-500,R-P0047,371.75,12.88,13483,315,0,0,0,0,"cambio de color programado, sin contratiempos"
Envases del Pacífico S.A.S.,2026-06-11,tarde,L2,TAP-38,R-P0047,703.25,17.8,219678,3708,0,0,49,0,"operación normal, se repuso resina a mitad de turno"
Envases del Pacífico S.A.S.,2026-06-11,noche,L2,TAP-38,R-P0047,667.88,16.72,208253,3477,0,0,0,0,se ajustó dosificación a media jornada
Envases del Pacífico S.A.S.,2026-06-11,noche,L3,GAL-3800,R-P0047,709.93,26.86,7004,179,0,0,0,1,producción estable
Envases del Pacífico S.A.S.,2026-06-12,mañana,L1,ENV-500,R-P0047,492.59,14.96,17831,363,0,0,0,0,se ajustó dosificación a media jornada
Envases del Pacífico S.A.S.,2026-06-12,mañana,L2,TAP-38,R-P0047,539.29,14.35,167950,2984,0,1,0,0,se ajustó dosificación a media jornada
Envases del Pacífico S.A.S.,2026-06-12,tarde,L1,ENV-500,R-P0047,422.44,13.74,15223,333,0,0,0,0,sin novedad
Envases del Pacífico S.A.S.,2026-06-12,tarde,L2,TAP-38,R-P0047,479.55,15.6,147989,3234,0,0,0,0,se ajustó dosificación a media jornada
Envases del Pacífico S.A.S.,2026-06-12,noche,L2,TAP-38,R-P0047,434.78,18.99,132808,3943,0,1,0,0,"operación normal, se repuso resina a mitad de turno"
Envases del Pacífico S.A.S.,2026-06-13,mañana,L1,ENV-1000,R-P0047,371.06,14.32,9349,244,1,0,0,0,turno normal
Envases del Pacífico S.A.S.,2026-06-13,mañana,L2,TAP-38,R-P0047,617.72,21.78,189849,4509,0,1,60,0,producción estable
Envases del Pacífico S.A.S.,2026-06-13,mañana,L3,GAL-3800,R-P0047,517.99,14.79,5178,99,0,0,0,0,se ajustó dosificación a media jornada
Envases del Pacífico S.A.S.,2026-06-13,tarde,L2,TAP-38,R-P0047,471.91,10.42,147909,2171,0,0,0,0,turno normal
Envases del Pacífico S.A.S.,2026-06-13,tarde,L3,GAL-3800,R-P0047,611.92,16.47,6115,110,0,0,0,0,"cambio de color programado, sin contratiempos"
Envases del Pacífico S.A.S.,2026-06-13,noche,L1,ENV-1000,R-P0047,410.29,12.09,10361,204,0,0,0,0,se ajustó dosificación a media jornada
Envases del Pacífico S.A.S.,2026-06-13,noche,L2,TAP-38,R-P0047,520.34,13.24,162022,2749,0,0,0,0,turno normal
Envases del Pacífico S.A.S.,2026-06-13,noche,L3,GAL-3800,R-P0047,730.43,21.0,7302,140,0,0,0,0,"cambio de color programado, sin contratiempos"
Envases del Pacífico S.A.S.,2026-06-14,mañana,L1,ENV-1000,R-P0047,413.11,11.18,10536,190,0,0,0,0,sin novedad
Envases del Pacífico S.A.S.,2026-06-14,mañana,L2,TAP-38,R-P0047,522.47,12.63,162738,2620,0,0,0,0,turno normal
Envases del Pacífico S.A.S.,2026-06-14,mañana,L3,ENV-500,R-P0047,493.24,18.7,19344,496,1,0,0,0,sin novedad
Envases del Pacífico S.A.S.,2026-06-14,tarde,L1,ENV-1000,R-P0047,650.56,13.36,16710,228,0,0,0,0,sin novedad
Envases del Pacífico S.A.S.,2026-06-14,noche,L2,TAP-38,R-P0047,567.76,12.75,178085,2660,0,0,0,0,producción estable
Envases del Pacífico S.A.S.,2026-06-15,mañana,L1,ENV-1000,R-P0047,560.93,15.38,14308,262,0,0,0,0,"arranque con el molde frío, mucha rebaba en las primeras cajas"
Envases del Pacífico S.A.S.,2026-06-15,mañana,L2,TAP-38,R-P0047,512.24,12.39,160010,2578,0,0,0,0,se ajustó dosificación a media jornada
Envases del Pacífico S.A.S.,2026-06-15,tarde,L1,ENV-1000,R-P0047,662.18,21.24,16839,363,0,0,78,1,sin novedad
Envases del Pacífico S.A.S.,2026-06-15,tarde,L2,TAP-38,R-P0047,665.35,18.81,205894,3894,0,0,39,0,"operación normal, se repuso resina a mitad de turno"
Envases del Pacífico S.A.S.,2026-06-15,noche,L1,ENV-1000,R-P0047,605.86,18.59,15364,316,0,0,0,0,producción estable
Envases del Pacífico S.A.S.,2026-06-15,noche,L3,ENV-500,R-P0048,620.15,15.24,24635,403,0,0,0,0,sin novedad
Envases del Pacífico S.A.S.,2026-06-16,mañana,L1,ENV-1000,R-P0048,531.41,13.27,13574,226,0,0,0,0,turno normal
Envases del Pacífico S.A.S.,2026-06-16,mañana,L2,TAP-38,R-P0048,517.59,18.06,160174,3764,0,0,0,1,"operación normal, se repuso resina a mitad de turno"
Envases del Pacífico S.A.S.,2026-06-16,mañana,L3,ENV-500,R-P0048,423.84,13.52,16744,359,0,0,0,0,"cambio de color programado, sin contratiempos"
Envases del Pacífico S.A.S.,2026-06-16,tarde,L3,ENV-500,R-P0048,503.74,14.73,19944,391,0,1,0,0,se ajustó dosificación a media jornada
Envases del Pacífico S.A.S.,2026-06-16,noche,L1,ENV-1000,R-P0048,681.7,21.23,17257,361,0,0,0,0,sin novedad
Envases del Pacífico S.A.S.,2026-06-16,noche,L3,ENV-500,R-P0048,464.82,12.3,18430,326,0,0,0,0,turno normal
Envases del Pacífico S.A.S.,2026-06-17,mañana,L1,ENV-500,R-P0048,503.53,18.93,18051,458,1,0,0,0,sin novedad
Envases del Pacífico S.A.S.,2026-06-17,mañana,L2,BAN-250,R-P0048,537.1,21.9,40476,1118,1,0,0,0,"primeras cajas con rebaba, hubo que purgar más de lo normal"
Envases del Pacífico S.A.S.,2026-06-17,tarde,L2,BAN-250,R-P0048,524.84,16.71,39693,849,0,0,0,0,turno normal
Envases del Pacífico S.A.S.,2026-06-17,noche,L1,ENV-500,R-P0048,686.9,19.19,24949,466,0,0,0,0,sin novedad
Envases del Pacífico S.A.S.,2026-06-17,noche,L2,BAN-250,R-P0048,434.56,11.16,33220,569,0,0,0,0,turno normal
Envases del Pacífico S.A.S.,2026-06-17,noche,L3,ENV-500,R-P0048,594.24,15.56,23674,414,0,0,24,0,turno normal
Envases del Pacífico S.A.S.,2026-06-18,mañana,L1,ENV-500,R-P0048,619.64,17.59,22481,427,0,0,0,0,se ajustó dosificación a media jornada
Envases del Pacífico S.A.S.,2026-06-18,mañana,L2,BAN-250,R-P0048,636.31,14.87,48753,758,0,0,94,0,sin novedad
Envases del Pacífico S.A.S.,2026-06-18,mañana,L3,ENV-500,R-P0048,516.17,15.53,20426,412,0,0,0,0,"operación normal, se repuso resina a mitad de turno"
Envases del Pacífico S.A.S.,2026-06-18,tarde,L1,ENV-500,R-P0048,532.03,16.42,19291,399,0,0,0,1,"operación normal, se repuso resina a mitad de turno"
Envases del Pacífico S.A.S.,2026-06-18,tarde,L2,BAN-250,R-P0048,397.61,9.5,30439,484,0,0,0,0,sin novedad
Envases del Pacífico S.A.S.,2026-06-18,noche,L2,BAN-250,R-P0048,471.67,12.02,35765,608,0,0,0,0,"operación normal, se repuso resina a mitad de turno"
Envases del Pacífico S.A.S.,2026-06-18,noche,L3,ENV-500,R-P0048,672.62,21.3,26544,564,0,0,38,0,"primeras cajas con rebaba, hubo que purgar más de lo normal"
Envases del Pacífico S.A.S.,2026-06-19,mañana,L2,BAN-250,R-P0048,469.16,13.29,35546,674,0,0,0,0,"cambio de color programado, sin contratiempos"
Envases del Pacífico S.A.S.,2026-06-19,tarde,L2,BAN-250,R-P0049,751.03,22.31,57385,1142,0,0,0,0,sin novedad
Envases del Pacífico S.A.S.,2026-06-19,tarde,L3,ENV-500,R-P0049,674.73,18.72,26690,495,0,0,0,0,"operación normal, se repuso resina a mitad de turno"
Envases del Pacífico S.A.S.,2026-06-19,noche,L1,ENV-500,R-P0049,558.62,15.05,20291,365,0,0,0,0,sin novedad
Envases del Pacífico S.A.S.,2026-06-19,noche,L2,BAN-250,R-P0049,585.26,9.73,44785,492,0,0,72,0,se ajustó dosificación a media jornada
Envases del Pacífico S.A.S.,2026-06-20,mañana,L2,BAN-250,R-P0049,593.3,15.44,45139,784,0,0,0,0,sin novedad
Envases del Pacífico S.A.S.,2026-06-20,tarde,L2,BAN-250,R-P0049,551.56,12.51,42295,638,0,0,0,0,"operación normal, se repuso resina a mitad de turno"
Envases del Pacífico S.A.S.,2026-06-20,noche,L1,ENV-1000,R-P0049,637.3,22.17,16085,377,1,0,0,0,turno normal
Envases del Pacífico S.A.S.,2026-06-20,noche,L2,BAN-250,R-P0049,463.96,17.0,35199,870,0,1,0,0,"operación normal, se repuso resina a mitad de turno"
Envases del Pacífico S.A.S.,2026-06-20,noche,L3,GAL-3800,R-P0049,552.83,18.02,5512,121,1,0,0,0,"operación normal, se repuso resina a mitad de turno"
Envases del Pacífico S.A.S.,2026-06-21,mañana,L2,BAN-250,R-P0049,543.2,16.08,41640,826,0,0,0,0,"cambio de color programado, sin contratiempos"
Envases del Pacífico S.A.S.,2026-06-21,mañana,L3,GAL-3800,R-P0049,507.95,16.86,5079,113,0,1,0,0,producción estable
Envases del Pacífico S.A.S.,2026-06-21,tarde,L1,ENV-1000,R-P0049,544.96,16.87,13784,286,0,0,0,0,"cambio de color programado, sin contratiempos"
Envases del Pacífico S.A.S.,2026-06-21,tarde,L2,BAN-250,R-P0049,594.44,15.83,45162,803,0,0,0,0,"cambio de color programado, sin contratiempos"
Envases del Pacífico S.A.S.,2026-06-21,noche,L1,ENV-1000,R-P0049,613.29,16.43,15602,279,0,0,83,0,se ajustó dosificación a media jornada
Envases del Pacífico S.A.S.,2026-06-21,noche,L2,BAN-250,R-P0049,778.81,21.09,58999,1067,0,0,47,0,producción estable
Envases del Pacífico S.A.S.,2026-06-21,noche,L3,GAL-3800,R-P0049,691.42,19.46,6910,130,0,0,55,0,"cambio de color programado, sin contratiempos"
Envases del Pacífico S.A.S.,2026-06-22,mañana,L1,ENV-1000,R-P0049,464.41,12.62,11764,214,0,0,46,0,"molde tibio al inicio, se estabilizó pasada la media hora"
Envases del Pacífico S.A.S.,2026-06-22,mañana,L2,BAN-250,R-P0049,496.88,16.32,37640,831,0,0,0,1,sin novedad
Envases del Pacífico S.A.S.,2026-06-22,mañana,L3,GAL-3800,R-P0049,516.12,17.38,5115,116,0,0,32,0,sin novedad
Envases del Pacífico S.A.S.,2026-06-22,tarde,L1,ENV-1000,R-P0049,624.16,14.97,15853,253,0,0,0,0,"operación normal, se repuso resina a mitad de turno"
Envases del Pacífico S.A.S.,2026-06-22,tarde,L2,BAN-250,R-P0049,569.32,17.89,43041,908,0,0,0,0,sin novedad
Envases del Pacífico S.A.S.,2026-06-22,tarde,L3,GAL-3800,R-P0049,437.6,12.56,4364,84,0,0,0,0,"operación normal, se repuso resina a mitad de turno"
Envases del Pacífico S.A.S.,2026-06-22,noche,L1,ENV-1000,R-P0049,535.39,13.2,13692,225,0,0,0,0,"operación normal, se repuso resina a mitad de turno"
Envases del Pacífico S.A.S.,2026-06-22,noche,L2,BAN-250,R-P0049,582.58,13.49,44304,683,0,0,0,0,se ajustó dosificación a media jornada
Envases del Pacífico S.A.S.,2026-06-22,noche,L3,GAL-3800,R-P0049,568.5,18.01,5684,121,0,0,0,0,sin novedad
Envases del Pacífico S.A.S.,2026-06-23,mañana,L1,ENV-500,R-P0050,495.05,16.85,17759,407,1,0,21,0,sin novedad
Envases del Pacífico S.A.S.,2026-06-23,mañana,L2,BAN-250,R-P0050,621.61,19.92,46964,1011,0,1,19,0,sin novedad
Envases del Pacífico S.A.S.,2026-06-23,mañana,L3,GAL-3800,R-P0050,557.2,17.43,5544,116,0,0,0,1,"cambio de color programado, sin contratiempos"
Envases del Pacífico S.A.S.,2026-06-23,tarde,L1,ENV-500,R-P0050,523.78,16.35,18764,393,0,1,0,0,sin novedad
Envases del Pacífico S.A.S.,2026-06-23,tarde,L2,BAN-250,R-P0050,748.14,27.06,56415,1376,0,0,0,0,sin novedad
Envases del Pacífico S.A.S.,2026-06-23,tarde,L3,GAL-3800,R-P0050,617.57,16.23,6176,108,0,0,0,0,turno normal
Envases del Pacífico S.A.S.,2026-06-23,noche,L2,BAN-250,R-P0051,521.75,15.52,39783,793,0,0,0,1,sin novedad
Envases del Pacífico S.A.S.,2026-06-24,mañana,L1,ENV-500,R-P0051,464.47,7.01,17029,170,0,0,0,0,sin novedad
Envases del Pacífico S.A.S.,2026-06-24,mañana,L2,BAN-250,R-P0051,329.16,9.31,25082,474,0,0,0,0,sin novedad
Envases del Pacífico S.A.S.,2026-06-24,noche,L2,BAN-250,R-P0051,779.3,21.2,59037,1073,0,0,0,0,se ajustó dosificación a media jornada
Envases del Pacífico S.A.S.,2026-06-24,noche,L3,ENV-500,R-P0051,469.52,17.07,18515,454,1,0,42,0,sin novedad
Envases del Pacífico S.A.S.,2026-06-25,mañana,L1,ENV-500,R-P0051,560.9,14.66,20224,353,0,0,0,0,"cambio de color programado, sin contratiempos"
Envases del Pacífico S.A.S.,2026-06-25,mañana,L2,TAP-38,R-P0051,530.69,17.54,163574,3633,1,0,0,0,"operación normal, se repuso resina a mitad de turno"
Envases del Pacífico S.A.S.,2026-06-25,mañana,L3,ENV-500,R-P0051,545.36,14.13,21719,375,0,0,0,0,producción estable
Envases del Pacífico S.A.S.,2026-06-25,tarde,L2,TAP-38,R-P0051,634.72,18.4,196485,3813,0,0,0,0,producción estable
Envases del Pacífico S.A.S.,2026-06-25,tarde,L3,ENV-500,R-P0051,610.81,12.84,24415,341,0,0,0,0,sin novedad
Envases del Pacífico S.A.S.,2026-06-25,noche,L1,ENV-500,R-P0051,320.04,10.45,11473,252,0,0,0,0,"operación normal, se repuso resina a mitad de turno"
Envases del Pacífico S.A.S.,2026-06-25,noche,L3,ENV-500,R-P0051,729.63,20.15,28894,533,0,0,0,0,turno normal
Envases del Pacífico S.A.S.,2026-06-26,mañana,L3,ENV-500,R-P0051,492.92,17.36,19353,459,0,0,0,0,"cambio de color programado, sin contratiempos"
Envases del Pacífico S.A.S.,2026-06-26,tarde,L2,TAP-38,R-P0051,536.41,14.22,166049,2939,0,0,0,0,sin novedad
Envases del Pacífico S.A.S.,2026-06-26,noche,L3,ENV-500,R-P0051,655.85,19.14,25962,507,0,0,23,0,sin novedad
Envases del Pacífico S.A.S.,2026-06-27,mañana,L1,ENV-500,R-P0051,646.8,14.79,23345,355,0,0,0,0,"cambio de color programado, sin contratiempos"
Envases del Pacífico S.A.S.,2026-06-27,mañana,L2,TAP-38,R-P0051,546.23,15.38,170484,3210,0,0,33,0,se ajustó dosificación a media jornada
Envases del Pacífico S.A.S.,2026-06-27,tarde,L1,ENV-500,R-P0051,671.93,14.84,24334,357,0,0,15,0,se ajustó dosificación a media jornada
Envases del Pacífico S.A.S.,2026-06-27,tarde,L2,TAP-38,R-P0051,611.37,15.79,190897,3289,0,0,0,0,producción estable
Envases del Pacífico S.A.S.,2026-06-27,tarde,L3,ENV-500,R-P0051,462.05,14.01,18348,373,0,0,0,0,"cambio de color programado, sin contratiempos"
Envases del Pacífico S.A.S.,2026-06-27,noche,L1,ENV-500,R-P0051,503.03,13.67,18190,330,0,0,40,0,producción estable
Envases del Pacífico S.A.S.,2026-06-28,mañana,L1,ENV-500,R-P0051,674.32,17.7,24187,424,0,0,0,0,sin novedad
Envases del Pacífico S.A.S.,2026-06-28,mañana,L2,TAP-38,R-P0051,639.83,19.44,198336,4040,0,1,0,0,sin novedad
Envases del Pacífico S.A.S.,2026-06-28,tarde,L1,ENV-500,R-P0051,575.73,17.74,20624,426,0,0,0,0,producción estable
Envases del Pacífico S.A.S.,2026-06-28,tarde,L2,TAP-38,R-P0051,604.98,22.9,185589,4746,0,0,0,0,sin novedad
Envases del Pacífico S.A.S.,2026-06-28,tarde,L3,ENV-500,R-P0051,564.39,15.49,22373,410,0,0,0,0,sin novedad
Envases del Pacífico S.A.S.,2026-06-28,noche,L1,ENV-500,R-P0051,499.53,10.61,18171,256,0,0,30,0,"cambio de color programado, sin contratiempos"
Envases del Pacífico S.A.S.,2026-06-28,noche,L2,TAP-38,R-P0051,400.53,10.91,124834,2273,0,0,0,0,producción estable
Envases del Pacífico S.A.S.,2026-06-28,noche,L3,ENV-500,R-P0052,310.47,8.19,12371,218,0,0,21,0,"cambio de color programado, sin contratiempos"
Envases del Pacífico S.A.S.,2026-06-29,mañana,L1,ENV-500,R-P0052,596.59,12.93,21701,313,0,0,0,0,"cambio de color programado, sin contratiempos"
Envases del Pacífico S.A.S.,2026-06-29,mañana,L2,BAN-250,R-P0052,535.79,20.16,40412,1027,1,0,0,0,"cambio de color programado, sin contratiempos"
Envases del Pacífico S.A.S.,2026-06-29,mañana,L3,ENV-500,R-P0052,663.78,20.46,26319,544,0,0,54,0,turno normal
Envases del Pacífico S.A.S.,2026-06-29,tarde,L1,ENV-500,R-P0052,602.11,16.75,21594,402,0,0,0,1,"cambio de color programado, sin contratiempos"
Envases del Pacífico S.A.S.,2026-06-29,tarde,L3,ENV-500,R-P0052,559.46,13.99,22263,371,0,0,0,0,sin novedad
Envases del Pacífico S.A.S.,2026-06-29,noche,L3,ENV-500,R-P0052,662.88,18.33,26263,486,0,0,60,0,turno normal
Envases del Pacífico S.A.S.,2026-06-30,mañana,L1,ENV-1000,R-P0052,594.18,23.01,14936,391,1,0,0,0,sin novedad
Envases del Pacífico S.A.S.,2026-06-30,tarde,L1,ENV-1000,R-P0052,572.56,12.96,14665,221,0,0,0,0,turno normal
Envases del Pacífico S.A.S.,2026-06-30,tarde,L2,BAN-250,R-P0052,480.15,11.51,36939,590,0,0,0,0,sin novedad
Envases del Pacífico S.A.S.,2026-06-30,tarde,L3,GAL-3800,R-P0052,587.7,22.0,5819,147,1,0,0,0,sin novedad
Envases del Pacífico S.A.S.,2026-06-30,noche,L2,BAN-250,R-P0052,483.09,11.96,36726,606,0,0,0,0,sin novedad
Envases del Pacífico S.A.S.,2026-06-30,noche,L3,GAL-3800,R-P0052,585.98,19.16,5834,128,0,0,0,0,producción estable
Envases del Pacífico S.A.S.,2026-07-01,mañana,L1,ENV-1000,R-P0052,494.25,17.53,12516,299,0,1,0,0,se ajustó dosificación a media jornada
Envases del Pacífico S.A.S.,2026-07-01,mañana,L2,BAN-250,R-P0053,517.39,20.99,38764,1065,0,1,34,0,turno normal
Envases del Pacífico S.A.S.,2026-07-01,tarde,L1,ENV-1000,R-P0053,676.8,19.58,17231,334,0,0,32,0,se ajustó dosificación a media jornada
Envases del Pacífico S.A.S.,2026-07-01,tarde,L2,BAN-250,R-P0053,686.53,22.23,52074,1133,0,0,0,0,sin novedad
Envases del Pacífico S.A.S.,2026-07-01,tarde,L3,GAL-3800,R-P0053,523.88,15.86,5220,106,0,0,0,0,sin novedad
Envases del Pacífico S.A.S.,2026-07-01,noche,L1,ENV-1000,R-P0053,444.38,13.38,11283,228,0,0,51,0,se ajustó dosificación a media jornada
Envases del Pacífico S.A.S.,2026-07-01,noche,L2,BAN-250,R-P0053,502.65,18.7,37873,951,0,1,0,0,turno normal
Envases del Pacífico S.A.S.,2026-07-01,noche,L3,GAL-3800,R-P0053,614.75,14.28,6154,95,0,0,0,0,se ajustó dosificación a media jornada
Envases del Pacífico S.A.S.,2026-07-02,mañana,L1,ENV-1000,R-P0053,479.53,10.79,12315,184,0,0,0,0,sin novedad
Envases del Pacífico S.A.S.,2026-07-02,tarde,L2,BAN-250,R-P0053,619.49,16.07,47113,815,0,0,0,0,"operación normal, se repuso resina a mitad de turno"
Envases del Pacífico S.A.S.,2026-07-02,tarde,L3,GAL-3800,R-P0053,622.56,24.23,6162,162,0,1,0,0,se ajustó dosificación a media jornada
Envases del Pacífico S.A.S.,2026-07-02,noche,L1,ENV-1000,R-P0053,460.73,17.44,11610,297,0,0,77,1,producción estable
Envases del Pacífico S.A.S.,2026-07-02,noche,L2,BAN-250,R-P0053,551.08,16.75,41940,854,0,1,0,0,se ajustó dosificación a media jornada
Envases del Pacífico S.A.S.,2026-07-02,noche,L3,GAL-3800,R-P0053,529.71,16.06,5275,107,0,0,76,0,sin novedad
Envases del Pacífico S.A.S.,2026-07-03,mañana,L1,ENV-500,R-P0053,464.74,16.57,16566,398,1,0,78,0,"cambio de color programado, sin contratiempos"
Envases del Pacífico S.A.S.,2026-07-03,mañana,L2,BAN-250,R-P0053,568.43,13.16,43199,665,0,0,0,0,sin novedad
Envases del Pacífico S.A.S.,2026-07-03,tarde,L2,BAN-250,R-P0053,576.33,20.47,43485,1041,0,1,0,0,"cambio de color programado, sin contratiempos"
Envases del Pacífico S.A.S.,2026-07-03,tarde,L3,GAL-3800,R-P0053,489.95,12.16,4921,81,0,0,60,0,"operación normal, se repuso resina a mitad de turno"
Envases del Pacífico S.A.S.,2026-07-03,noche,L1,ENV-500,R-P0053,666.09,22.13,23823,532,0,0,89,0,producción estable
Envases del Pacífico S.A.S.,2026-07-03,noche,L3,GAL-3800,R-P0053,622.98,16.52,6227,110,0,0,0,0,producción estable
Envases del Pacífico S.A.S.,2026-07-04,mañana,L1,ENV-500,R-P0053,694.35,21.4,24952,516,0,0,30,0,se ajustó dosificación a media jornada
Envases del Pacífico S.A.S.,2026-07-04,mañana,L2,TAP-38,R-P0053,675.79,22.34,208126,4625,1,0,34,0,"operación normal, se repuso resina a mitad de turno"
Envases del Pacífico S.A.S.,2026-07-04,mañana,L3,ENV-500,R-P0053,498.11,17.71,19625,470,1,0,14,0,turno normal
Envases del Pacífico S.A.S.,2026-07-04,tarde,L2,TAP-38,R-P0053,548.05,14.3,170722,2974,0,0,0,0,se ajustó dosificación a media jornada
Envases del Pacífico S.A.S.,2026-07-04,noche,L1,ENV-500,R-P0053,496.88,15.08,17668,360,0,0,0,0,sin novedad
Envases del Pacífico S.A.S.,2026-07-04,noche,L3,ENV-500,R-P0053,614.73,19.67,24189,520,0,0,0,0,"operación normal, se repuso resina a mitad de turno"
Envases del Pacífico S.A.S.,2026-07-05,mañana,L1,ENV-500,R-P0053,566.76,14.59,20287,348,0,0,0,0,sin novedad
Envases del Pacífico S.A.S.,2026-07-05,mañana,L2,TAP-38,R-P0054,557.56,15.88,173105,3299,0,0,0,0,sin novedad
Envases del Pacífico S.A.S.,2026-07-05,tarde,L2,TAP-38,R-P0054,658.42,14.56,205988,3028,0,0,0,0,se ajustó dosificación a media jornada
Envases del Pacífico S.A.S.,2026-07-05,noche,L1,ENV-500,R-P0054,496.63,14.52,17829,349,0,0,0,0,"molde tibio al inicio, se estabilizó pasada la media hora"
Envases del Pacífico S.A.S.,2026-07-05,noche,L2,TAP-38,R-P0054,554.29,18.07,172271,3774,0,0,0,0,"operación normal, se repuso resina a mitad de turno"
Envases del Pacífico S.A.S.,2026-07-06,mañana,L1,ENV-500,R-P0054,651.83,18.59,23224,443,0,0,0,0,"operación normal, se repuso resina a mitad de turno"
Envases del Pacífico S.A.S.,2026-07-06,mañana,L3,ENV-500,R-P0054,504.45,14.67,19898,387,0,0,0,0,"operación normal, se repuso resina a mitad de turno"
Envases del Pacífico S.A.S.,2026-07-06,tarde,L1,ENV-500,R-P0054,513.7,15.72,18323,376,0,0,0,0,"operación normal, se repuso resina a mitad de turno"
Envases del Pacífico S.A.S.,2026-07-06,tarde,L2,TAP-38,R-P0054,538.77,14.07,167082,2913,0,0,84,0,"cambio de color programado, sin contratiempos"
Envases del Pacífico S.A.S.,2026-07-06,tarde,L3,ENV-500,R-P0054,550.19,19.46,21713,517,0,0,0,1,sin novedad
Envases del Pacífico S.A.S.,2026-07-06,noche,L2,TAP-38,R-P0054,647.81,11.66,203348,2422,0,0,0,0,sin novedad
Envases del Pacífico S.A.S.,2026-07-06,noche,L3,ENV-500,R-P0054,510.9,11.32,20384,300,0,0,0,0,producción estable
Envases del Pacífico S.A.S.,2026-07-07,mañana,L2,BAN-250,R-P0054,609.9,22.76,45988,1159,1,0,12,0,"operación normal, se repuso resina a mitad de turno"
Envases del Pacífico S.A.S.,2026-07-07,mañana,L3,ENV-500,R-P0054,562.54,20.35,22113,540,0,0,0,1,"operación normal, se repuso resina a mitad de turno"
Envases del Pacífico S.A.S.,2026-07-07,tarde,L1,ENV-500,R-P0054,458.61,12.22,16373,291,0,0,0,0,sin novedad
Envases del Pacífico S.A.S.,2026-07-07,tarde,L3,ENV-500,R-P0055,553.24,13.21,22056,351,0,0,65,0,se ajustó dosificación a media jornada
Envases del Pacífico S.A.S.,2026-07-07,noche,L1,ENV-500,R-P0055,605.33,14.75,21728,353,0,0,0,0,sin novedad
Envases del Pacífico S.A.S.,2026-07-07,noche,L2,BAN-250,R-P0055,638.44,20.48,48590,1047,0,0,0,0,se ajustó dosificación a media jornada
Envases del Pacífico S.A.S.,2026-07-08,mañana,L2,BAN-250,R-P0055,520.3,13.95,39470,707,0,0,0,0,producción estable
Envases del Pacífico S.A.S.,2026-07-08,tarde,L3,ENV-500,R-P0055,797.35,21.08,31578,557,0,0,0,0,producción estable
Envases del Pacífico S.A.S.,2026-07-08,noche,L1,ENV-500,R-P0055,655.33,21.3,23257,508,0,0,0,0,sin novedad
Envases del Pacífico S.A.S.,2026-07-08,noche,L2,BAN-250,R-P0056,601.48,21.22,45206,1075,0,0,0,0,producción estable
Envases del Pacífico S.A.S.,2026-07-09,mañana,L1,ENV-1000,R-P0056,500.3,17.04,12622,289,1,0,0,0,"operación normal, se repuso resina a mitad de turno"
Envases del Pacífico S.A.S.,2026-07-09,mañana,L3,ENV-500,R-P0056,592.45,17.33,23531,461,0,0,88,0,"partimos en frío, las primeras bandejas se fueron a reproceso"
Envases del Pacífico S.A.S.,2026-07-09,tarde,L2,BAN-250,R-P0056,425.52,8.77,32416,444,0,0,0,0,"cambio de color programado, sin contratiempos"
Envases del Pacífico S.A.S.,2026-07-09,tarde,L3,ENV-500,R-P0056,532.16,15.4,20984,407,0,0,29,0,producción estable
Envases del Pacífico S.A.S.,2026-07-09,noche,L1,ENV-1000,R-P0056,512.5,14.38,13060,245,0,0,0,0,se ajustó dosificación a media jornada
Envases del Pacífico S.A.S.,2026-07-09,noche,L2,BAN-250,R-P0056,499.96,12.24,38289,624,0,0,0,0,sin novedad
Envases del Pacífico S.A.S.,2026-07-09,noche,L3,ENV-500,R-P0056,585.44,20.77,23040,551,0,0,0,0,"operación normal, se repuso resina a mitad de turno"
Envases del Pacífico S.A.S.,2026-07-10,mañana,L1,ENV-1000,R-P0056,526.16,13.63,13502,233,0,0,0,0,"operación normal, se repuso resina a mitad de turno"
Envases del Pacífico S.A.S.,2026-07-10,mañana,L2,BAN-250,R-P0056,580.3,20.74,43490,1048,0,0,55,0,sin novedad
Envases del Pacífico S.A.S.,2026-07-10,mañana,L3,ENV-500,R-P0056,537.06,12.11,21454,322,0,0,0,0,"cambio de color programado, sin contratiempos"
Envases del Pacífico S.A.S.,2026-07-10,tarde,L1,ENV-1000,R-P0056,575.55,19.61,14475,332,0,0,0,0,"operación normal, se repuso resina a mitad de turno"
Envases del Pacífico S.A.S.,2026-07-10,tarde,L2,BAN-250,R-P0056,500.27,11.97,38097,607,0,0,0,0,se ajustó dosificación a media jornada
Envases del Pacífico S.A.S.,2026-07-10,tarde,L3,ENV-500,R-P0056,484.18,13.75,19166,364,0,0,68,0,se ajustó dosificación a media jornada
Envases del Pacífico S.A.S.,2026-07-10,noche,L1,ENV-1000,R-P0056,521.07,15.0,13233,255,0,0,0,0,sin novedad
Envases del Pacífico S.A.S.,2026-07-10,noche,L2,BAN-250,R-P0056,499.36,12.25,38239,625,0,0,0,0,"cambio de color programado, sin contratiempos"
Envases del Pacífico S.A.S.,2026-07-10,noche,L3,ENV-500,R-P0056,509.69,17.98,20087,478,0,1,0,0,sin novedad
Envases del Pacífico S.A.S.,2026-07-11,mañana,L1,ENV-1000,R-P0056,604.18,15.46,15435,264,0,0,51,0,sin novedad
Envases del Pacífico S.A.S.,2026-07-11,mañana,L2,BAN-250,R-P0057,559.14,13.57,42727,691,0,0,0,0,sin novedad
Envases del Pacífico S.A.S.,2026-07-12,mañana,L1,ENV-1000,R-P0057,507.18,13.56,12926,231,0,1,0,0,producción estable
Envases del Pacífico S.A.S.,2026-07-12,mañana,L2,BAN-250,R-P0057,482.97,13.59,36891,694,0,0,55,0,"operación normal, se repuso resina a mitad de turno"
Envases del Pacífico S.A.S.,2026-07-12,tarde,L1,ENV-1000,R-P0057,559.33,15.19,14231,258,0,0,38,0,"partimos en frío, las primeras bandejas se fueron a reproceso"
Envases del Pacífico S.A.S.,2026-07-12,tarde,L2,BAN-250,R-P0057,487.82,11.49,37159,583,0,0,0,0,sin novedad
Envases del Pacífico S.A.S.,2026-07-12,tarde,L3,GAL-3800,R-P0057,518.31,18.7,5145,125,1,0,0,0,sin novedad
Envases del Pacífico S.A.S.,2026-07-12,noche,L1,ENV-1000,R-P0057,640.03,18.58,16250,316,0,0,0,0,sin novedad
Envases del Pacífico S.A.S.,2026-07-12,noche,L3,GAL-3800,R-P0057,303.49,6.92,3031,46,0,0,0,0,"cambio de color programado, sin contratiempos"
Envases del Pacífico S.A.S.,2026-07-13,mañana,L2,TAP-38,R-P0057,542.54,21.83,166108,4527,1,0,0,1,sin novedad
Envases del Pacífico S.A.S.,2026-07-13,tarde,L1,ENV-1000,R-P0057,515.31,13.75,13112,234,0,0,22,0,"operación normal, se repuso resina a mitad de turno"
Envases del Pacífico S.A.S.,2026-07-13,tarde,L2,TAP-38,R-P0057,559.1,22.33,171075,4626,0,1,85,0,"cambio de color programado, sin contratiempos"
Envases del Pacífico S.A.S.,2026-07-13,noche,L2,TAP-38,R-P0057,479.17,12.04,149767,2509,0,0,35,0,turno normal
Envases del Pacífico S.A.S.,2026-07-13,noche,L3,GAL-3800,R-P0057,683.37,22.38,6804,150,0,1,0,0,producción estable
Envases del Pacífico S.A.S.,2026-07-14,tarde,L1,ENV-500,R-P0057,547.32,20.2,19342,482,1,0,0,0,se ajustó dosificación a media jornada
Envases del Pacífico S.A.S.,2026-07-14,tarde,L2,TAP-38,R-P0057,628.65,18.15,194841,3764,0,0,0,0,sin novedad
Envases del Pacífico S.A.S.,2026-07-14,tarde,L3,GAL-3800,R-P0057,700.98,17.18,7029,115,0,0,70,0,turno normal
Envases del Pacífico S.A.S.,2026-07-14,noche,L1,ENV-500,R-P0057,687.23,24.51,24224,582,0,0,51,1,"cambio de color programado, sin contratiempos"
Envases del Pacífico S.A.S.,2026-07-14,noche,L2,TAP-38,R-P0057,740.23,20.67,229895,4292,0,0,0,0,sin novedad
Envases del Pacífico S.A.S.,2026-07-15,mañana,L1,ENV-500,R-P0057,489.23,10.42,17533,248,0,0,0,0,"operación normal, se repuso resina a mitad de turno"
Envases del Pacífico S.A.S.,2026-07-15,mañana,L2,TAP-38,R-P0057,406.91,13.0,126183,2707,0,1,0,0,turno normal
Envases del Pacífico S.A.S.,2026-07-15,noche,L1,ENV-500,R-P0057,623.49,20.26,21999,480,0,0,0,0,se ajustó dosificación a media jornada
Envases del Pacífico S.A.S.,2026-07-15,noche,L2,TAP-38,R-P0057,556.49,13.15,173593,2730,0,0,0,0,sin novedad
Envases del Pacífico S.A.S.,2026-07-15,noche,L3,GAL-3800,R-P0058,558.14,13.56,5622,91,0,0,0,0,"primeras cajas con rebaba, hubo que purgar más de lo normal"
Envases del Pacífico S.A.S.,2026-07-16,mañana,L1,ENV-500,R-P0058,523.26,16.0,18617,382,0,0,0,0,turno normal
Envases del Pacífico S.A.S.,2026-07-16,mañana,L2,TAP-38,R-P0058,458.84,11.67,143211,2429,0,0,0,0,turno normal
Envases del Pacífico S.A.S.,2026-07-16,mañana,L3,GAL-3800,R-P0058,625.14,18.05,6254,121,0,0,88,0,"operación normal, se repuso resina a mitad de turno"
Envases del Pacífico S.A.S.,2026-07-16,tarde,L1,ENV-500,R-P0058,744.82,19.05,26586,454,0,0,0,0,turno normal
Envases del Pacífico S.A.S.,2026-07-16,tarde,L2,TAP-38,R-P0058,697.24,21.05,216318,4377,0,0,0,0,"cambio de color programado, sin contratiempos"
Envases del Pacífico S.A.S.,2026-07-16,noche,L1,ENV-500,R-P0058,596.54,17.95,21141,426,0,0,0,0,producción estable
Envases del Pacífico S.A.S.,2026-07-17,mañana,L2,TAP-38,R-P0058,580.55,14.75,181046,3068,0,0,75,0,"operación normal, se repuso resina a mitad de turno"
Envases del Pacífico S.A.S.,2026-07-17,mañana,L3,GAL-3800,R-P0058,655.15,18.4,6553,123,0,0,0,0,producción estable
Envases del Pacífico S.A.S.,2026-07-17,tarde,L1,ENV-500,R-P0058,427.6,11.76,15162,279,0,0,0,0,"cambio de color programado, sin contratiempos"
Envases del Pacífico S.A.S.,2026-07-17,tarde,L2,TAP-38,R-P0058,525.06,13.61,163344,2825,0,0,0,0,sin novedad
Envases del Pacífico S.A.S.,2026-07-17,tarde,L3,GAL-3800,R-P0058,556.81,16.39,5582,110,0,0,0,0,sin novedad
Envases del Pacífico S.A.S.,2026-07-17,noche,L1,ENV-500,R-P0058,522.41,14.51,18587,345,0,0,0,0,se ajustó dosificación a media jornada
Envases del Pacífico S.A.S.,2026-07-17,noche,L3,GAL-3800,R-P0058,532.51,12.18,5325,81,0,0,0,0,turno normal
Envases del Pacífico S.A.S.,2026-07-18,mañana,L1,ENV-1000,R-P0058,662.53,28.72,16547,487,1,1,0,0,sin novedad
Envases del Pacífico S.A.S.,2026-07-18,mañana,L2,TAP-38,R-P0058,445.48,12.61,138774,2629,0,0,0,0,producción estable
Envases del Pacífico S.A.S.,2026-07-18,mañana,L3,GAL-3800,R-P0058,632.91,15.73,6341,105,0,0,0,0,sin novedad
Envases del Pacífico S.A.S.,2026-07-18,tarde,L1,ENV-1000,R-P0058,520.56,14.7,13270,251,0,1,0,0,"operación normal, se repuso resina a mitad de turno"
Envases del Pacífico S.A.S.,2026-07-18,tarde,L2,TAP-38,R-P0058,679.17,18.97,211093,3942,0,0,0,0,sin novedad
Envases del Pacífico S.A.S.,2026-07-18,tarde,L3,GAL-3800,R-P0058,580.69,19.92,5793,134,0,1,0,0,sin novedad
Envases del Pacífico S.A.S.,2026-07-18,noche,L2,TAP-38,R-P0058,520.38,14.69,161761,3054,0,0,0,0,turno normal
Envases del Pacífico S.A.S.,2026-07-18,noche,L3,GAL-3800,R-P0058,619.59,19.69,6156,131,0,1,0,0,"operación normal, se repuso resina a mitad de turno"
Envases del Pacífico S.A.S.,2026-07-19,mañana,L1,ENV-1000,R-P0058,630.41,17.65,16090,301,0,0,0,1,sin novedad
Envases del Pacífico S.A.S.,2026-07-19,mañana,L2,BAN-250,R-P0058,504.22,20.24,37746,1026,1,0,0,0,sin novedad
Envases del Pacífico S.A.S.,2026-07-19,mañana,L3,GAL-3800,R-P0058,696.34,19.15,6990,128,0,0,44,0,"operación normal, se repuso resina a mitad de turno"
Envases del Pacífico S.A.S.,2026-07-19,tarde,L1,ENV-1000,R-P0058,548.58,13.86,13994,236,0,0,0,0,"operación normal, se repuso resina a mitad de turno"
Envases del Pacífico S.A.S.,2026-07-19,tarde,L3,GAL-3800,R-P0058,699.38,17.18,6988,114,0,0,0,0,sin novedad
Envases del Pacífico S.A.S.,2026-07-19,noche,L1,ENV-1000,R-P0058,582.75,16.78,14835,286,0,0,0,0,sin novedad
Envases del Pacífico S.A.S.,2026-07-19,noche,L3,GAL-3800,R-P0058,630.13,14.56,6336,97,0,0,0,0,"operación normal, se repuso resina a mitad de turno"
Envases del Pacífico S.A.S.,2026-07-20,mañana,L1,ENV-1000,R-P0059,668.87,14.52,17157,247,0,0,23,0,"cambio de color programado, sin contratiempos"
Envases del Pacífico S.A.S.,2026-07-20,mañana,L3,ENV-500,R-P0059,577.56,20.6,22783,548,1,0,0,0,producción estable
Envases del Pacífico S.A.S.,2026-07-20,noche,L1,ENV-1000,R-P0059,316.11,9.29,7994,157,0,0,0,0,sin novedad
Envases del Pacífico S.A.S.,2026-07-20,noche,L2,BAN-250,R-P0059,668.98,17.67,50969,899,0,0,0,0,sin novedad
Envases del Pacífico S.A.S.,2026-07-21,mañana,L1,ENV-1000,R-P0059,556.52,13.89,14203,236,0,0,0,0,turno normal
Envases del Pacífico S.A.S.,2026-07-21,mañana,L2,BAN-250,R-P0059,508.23,19.91,38317,1015,0,0,0,1,turno normal
Envases del Pacífico S.A.S.,2026-07-21,noche,L2,BAN-250,R-P0059,580.69,13.68,44597,700,0,0,0,0,sin novedad
Envases del Pacífico S.A.S.,2026-07-22,mañana,L1,ENV-1000,R-P0059,573.75,17.02,14578,290,0,0,0,0,se ajustó dosificación a media jornada
Envases del Pacífico S.A.S.,2026-07-22,mañana,L3,ENV-500,R-P0059,651.49,17.5,25890,465,0,0,29,0,sin novedad
Envases del Pacífico S.A.S.,2026-07-22,tarde,L1,ENV-1000,R-P0059,606.69,17.55,15439,299,0,0,0,0,"operación normal, se repuso resina a mitad de turno"
Envases del Pacífico S.A.S.,2026-07-22,tarde,L3,ENV-500,R-P0059,342.77,9.77,13612,260,0,1,0,0,sin novedad
Envases del Pacífico S.A.S.,2026-07-22,noche,L1,ENV-1000,R-P0059,399.8,13.21,10115,225,0,0,0,0,sin novedad
Envases del Pacífico S.A.S.,2026-07-22,noche,L2,BAN-250,R-P0059,477.85,14.72,36367,752,0,0,0,0,producción estable
Envases del Pacífico S.A.S.,2026-07-22,noche,L3,ENV-500,R-P0059,634.78,18.98,25131,503,0,0,0,0,se ajustó dosificación a media jornada
Envases del Pacífico S.A.S.,2026-07-23,mañana,L1,ENV-1000,R-P0060,543.94,19.39,13678,329,0,1,0,0,sin novedad
Envases del Pacífico S.A.S.,2026-07-23,mañana,L3,ENV-500,R-P0060,560.43,22.41,21905,593,0,1,0,0,turno normal
Envases del Pacífico S.A.S.,2026-07-23,tarde,L1,ENV-1000,R-P0060,491.99,15.19,12480,258,0,1,66,0,sin novedad
Envases del Pacífico S.A.S.,2026-07-23,tarde,L2,BAN-250,R-P0060,561.61,13.72,42956,699,0,0,0,0,turno normal
Envases del Pacífico S.A.S.,2026-07-23,tarde,L3,ENV-500,R-P0061,446.91,14.04,17605,371,0,0,0,0,sin novedad
Envases del Pacífico S.A.S.,2026-07-23,noche,L2,BAN-250,R-P0061,630.16,22.69,47427,1151,0,1,51,0,producción estable
Envases del Pacífico S.A.S.,2026-07-23,noche,L3,ENV-500,R-P0061,479.76,15.22,19009,405,0,0,0,0,sin novedad
Envases del Pacífico S.A.S.,2026-07-24,mañana,L1,ENV-1000,R-P0061,575.25,13.72,14724,234,0,0,58,0,"operación normal, se repuso resina a mitad de turno"
Envases del Pacífico S.A.S.,2026-07-24,mañana,L2,BAN-250,R-P0061,526.2,18.46,39783,940,0,1,79,0,sin novedad
Envases del Pacífico S.A.S.,2026-07-24,mañana,L3,ENV-500,R-P0061,574.79,16.8,22737,445,0,0,0,0,turno normal
Envases del Pacífico S.A.S.,2026-07-24,tarde,L1,ENV-1000,R-P0061,622.2,17.29,15818,294,0,0,0,0,sin novedad
Envases del Pacífico S.A.S.,2026-07-24,tarde,L2,BAN-250,R-P0061,517.03,14.07,39245,714,0,0,0,0,se ajustó dosificación a media jornada
Envases del Pacífico S.A.S.,2026-07-24,tarde,L3,ENV-500,R-P0061,545.24,17.44,21587,464,0,0,0,0,producción estable
Envases del Pacífico S.A.S.,2026-07-24,noche,L1,ENV-1000,R-P0061,585.31,16.53,14935,282,0,0,70,0,"el equipo no había alcanzado temperatura al iniciar, sobró material"
Envases del Pacífico S.A.S.,2026-07-24,noche,L3,ENV-500,R-P0061,538.78,14.67,21369,389,0,0,71,0,turno normal
Envases del Pacífico S.A.S.,2026-07-25,mañana,L1,ENV-1000,R-P0061,569.96,14.05,14567,239,0,0,0,0,"cambio de color programado, sin contratiempos"
Envases del Pacífico S.A.S.,2026-07-25,mañana,L2,BAN-250,R-P0061,543.16,15.05,41284,765,0,0,67,0,se ajustó dosificación a media jornada
Envases del Pacífico S.A.S.,2026-07-25,tarde,L2,BAN-250,R-P0061,451.62,10.34,34473,525,0,0,77,0,producción estable
Envases del Pacífico S.A.S.,2026-07-25,noche,L1,ENV-1000,R-P0061,570.28,15.24,14461,258,0,0,0,0,sin novedad
Envases del Pacífico S.A.S.,2026-07-26,mañana,L3,ENV-500,R-P0061,689.58,24.67,27005,651,0,0,0,0,"operación normal, se repuso resina a mitad de turno"
Envases del Pacífico S.A.S.,2026-07-26,tarde,L1,ENV-500,R-P0061,438.34,15.17,15322,357,1,0,0,0,sin novedad
Envases del Pacífico S.A.S.,2026-07-26,tarde,L3,ENV-500,R-P0061,650.21,25.67,25440,680,0,0,0,0,sin novedad
Envases del Pacífico S.A.S.,2026-07-26,noche,L1,ENV-500,R-P0061,583.79,15.86,20651,375,0,0,0,0,sin novedad
Envases del Pacífico S.A.S.,2026-07-26,noche,L2,TAP-38,R-P0061,504.48,18.71,154900,3877,1,0,0,0,sin novedad
Envases del Pacífico S.A.S.,2026-07-27,mañana,L1,ENV-500,R-P0061,509.0,14.72,17920,347,0,0,0,0,turno normal
Envases del Pacífico S.A.S.,2026-07-27,mañana,L2,TAP-38,R-P0061,742.05,25.61,228965,5321,0,0,94,1,"operación normal, se repuso resina a mitad de turno"
Envases del Pacífico S.A.S.,2026-07-27,mañana,L3,ENV-500,R-P0061,464.78,12.84,18440,341,0,1,61,0,producción estable
Envases del Pacífico S.A.S.,2026-07-27,tarde,L1,ENV-500,R-P0062,681.09,28.46,23748,673,0,1,0,0,sin novedad
Envases del Pacífico S.A.S.,2026-07-27,tarde,L2,TAP-38,R-P0062,637.64,13.8,200081,2878,0,0,0,0,sin novedad
Envases del Pacífico S.A.S.,2026-07-27,tarde,L3,ENV-500,R-P0062,337.03,9.58,13364,254,0,0,0,0,se ajustó dosificación a media jornada
Envases del Pacífico S.A.S.,2026-07-27,noche,L1,ENV-500,R-P0062,497.56,11.51,17663,272,0,0,0,0,turno normal
Envases del Pacífico S.A.S.,2026-07-27,noche,L2,TAP-38,R-P0062,472.54,16.42,145890,3415,0,1,30,0,"molde tibio al inicio, se estabilizó pasada la media hora"
Envases del Pacífico S.A.S.,2026-07-28,mañana,L1,ENV-500,R-P0062,519.7,13.66,18332,322,0,0,80,0,sin novedad
Envases del Pacífico S.A.S.,2026-07-28,mañana,L3,GAL-3800,R-P0062,597.65,20.6,5911,137,1,0,0,0,sin novedad
Envases del Pacífico S.A.S.,2026-07-28,tarde,L1,ENV-500,R-P0062,638.95,26.96,22242,637,0,1,0,1,producción estable
Envases del Pacífico S.A.S.,2026-07-28,tarde,L2,TAP-38,R-P0062,618.85,14.27,192940,2959,0,0,0,0,producción estable
Envases del Pacífico S.A.S.,2026-07-28,tarde,L3,GAL-3800,R-P0062,554.03,16.5,5538,111,0,0,0,0,"cambio de color programado, sin contratiempos"
Envases del Pacífico S.A.S.,2026-07-29,mañana,L1,ENV-500,R-P0062,517.51,14.43,18262,340,0,0,0,0,sin novedad
Envases del Pacífico S.A.S.,2026-07-29,mañana,L3,GAL-3800,R-P0062,763.93,23.3,7618,156,0,0,0,0,se ajustó dosificación a media jornada
Envases del Pacífico S.A.S.,2026-07-29,tarde,L1,ENV-500,R-P0062,569.78,14.1,20179,333,0,0,0,0,sin novedad
Envases del Pacífico S.A.S.,2026-07-29,tarde,L3,GAL-3800,R-P0062,436.91,13.88,4369,93,0,0,0,0,"cambio de color programado, sin contratiempos"
Envases del Pacífico S.A.S.,2026-07-29,noche,L2,TAP-38,R-P0062,537.43,16.52,166764,3438,0,0,0,0,sin novedad
Envases del Pacífico S.A.S.,2026-07-29,noche,L3,GAL-3800,R-P0062,482.09,14.49,4847,98,0,1,0,0,"operación normal, se repuso resina a mitad de turno"
Envases del Pacífico S.A.S.,2026-07-30,mañana,L1,ENV-500,R-P0062,523.82,11.94,18509,281,0,0,0,0,"cambio de color programado, sin contratiempos"
Envases del Pacífico S.A.S.,2026-07-30,mañana,L2,TAP-38,R-P0062,526.39,14.38,163417,2983,0,0,0,0,sin novedad
Envases del Pacífico S.A.S.,2026-07-30,mañana,L3,GAL-3800,R-P0062,670.1,21.22,6674,142,0,0,0,1,producción estable
Envases del Pacífico S.A.S.,2026-07-30,tarde,L1,ENV-500,R-P0062,537.12,18.35,18746,431,0,0,0,0,"operación normal, se repuso resina a mitad de turno"
Envases del Pacífico S.A.S.,2026-07-30,noche,L1,ENV-500,R-P0062,691.47,24.71,24141,582,0,0,0,0,se ajustó dosificación a media jornada
Envases del Pacífico S.A.S.,2026-07-30,noche,L3,GAL-3800,R-P0063,476.19,13.9,4772,93,0,0,0,1,"operación normal, se repuso resina a mitad de turno"
Envases del Pacífico S.A.S.,2026-07-31,mañana,L3,GAL-3800,R-P0063,560.93,17.13,5601,115,0,0,63,0,se ajustó dosificación a media jornada
Envases del Pacífico S.A.S.,2026-07-31,tarde,L1,ENV-1000,R-P0063,443.56,17.45,11185,298,1,0,0,0,se ajustó dosificación a media jornada
Envases del Pacífico S.A.S.,2026-07-31,tarde,L3,GAL-3800,R-P0063,607.79,22.93,6012,153,0,1,0,0,"primeras cajas con rebaba, hubo que purgar más de lo normal"
Envases del Pacífico S.A.S.,2026-07-31,noche,L1,ENV-1000,R-P0063,441.09,10.82,11278,184,0,0,0,0,producción estable
Envases del Pacífico S.A.S.,2026-07-31,noche,L2,TAP-38,R-P0063,504.27,11.95,157542,2486,0,0,0,0,producción estable
Envases del Pacífico S.A.S.,2026-08-01,mañana,L1,ENV-1000,R-P0063,802.41,32.75,20104,556,0,1,65,0,"operación normal, se repuso resina a mitad de turno"
Envases del Pacífico S.A.S.,2026-08-01,mañana,L2,TAP-38,R-P0063,633.95,16.4,198164,3422,0,0,0,0,sin novedad
Envases del Pacífico S.A.S.,2026-08-01,mañana,L3,GAL-3800,R-P0063,600.52,18.26,5966,122,0,0,0,0,sin novedad
Envases del Pacífico S.A.S.,2026-08-01,tarde,L1,ENV-1000,R-P0063,704.8,19.36,17899,329,0,0,0,0,sin novedad
Envases del Pacífico S.A.S.,2026-08-01,tarde,L2,TAP-38,R-P0063,455.65,11.92,141600,2472,0,0,64,0,"operación normal, se repuso resina a mitad de turno"
Envases del Pacífico S.A.S.,2026-08-01,tarde,L3,GAL-3800,R-P0063,587.9,14.28,5913,96,0,0,0,0,la máquina salió fría y las primeras piezas llevaron material de más
Envases del Pacífico S.A.S.,2026-08-01,noche,L1,ENV-1000,R-P0063,435.17,15.46,11032,264,0,0,0,0,"cambio de color programado, sin contratiempos"
Envases del Pacífico S.A.S.,2026-08-01,noche,L2,TAP-38,R-P0063,532.65,15.34,165598,3191,0,0,32,0,se ajustó dosificación a media jornada
Envases del Pacífico S.A.S.,2026-08-01,noche,L3,GAL-3800,R-P0063,573.36,15.62,5731,104,0,0,0,0,sin novedad
Envases del Pacífico S.A.S.,2026-08-02,mañana,L1,ENV-1000,R-P0063,509.18,11.84,13095,203,0,0,0,0,se ajustó dosificación a media jornada
Envases del Pacífico S.A.S.,2026-08-02,mañana,L2,TAP-38,R-P0063,455.17,7.7,143020,1599,0,0,0,0,"arranque con el molde frío, mucha rebaba en las primeras cajas"
Envases del Pacífico S.A.S.,2026-08-02,mañana,L3,GAL-3800,R-P0063,753.01,22.86,7488,152,0,0,17,0,turno normal
Envases del Pacífico S.A.S.,2026-08-02,tarde,L1,ENV-1000,R-P0063,820.37,22.44,20903,382,0,0,0,0,producción estable
Envases del Pacífico S.A.S.,2026-08-02,tarde,L2,TAP-38,R-P0063,696.93,16.3,217051,3379,0,0,0,0,turno normal
Envases del Pacífico S.A.S.,2026-08-02,tarde,L3,GAL-3800,R-P0063,520.05,14.61,5184,97,0,0,0,0,sin novedad
Envases del Pacífico S.A.S.,2026-08-02,noche,L1,ENV-1000,R-P0063,431.44,13.82,10969,236,0,1,0,0,"cambio de color programado, sin contratiempos"
Envases del Pacífico S.A.S.,2026-08-03,mañana,L1,ENV-1000,R-P0063,585.99,15.48,14947,264,0,0,0,0,sin novedad
Envases del Pacífico S.A.S.,2026-08-03,mañana,L2,BAN-250,R-P0063,549.5,18.82,41162,949,1,0,0,0,sin novedad
Envases del Pacífico S.A.S.,2026-08-03,tarde,L2,BAN-250,R-P0063,461.61,12.69,35148,646,0,0,87,0,sin novedad
Envases del Pacífico S.A.S.,2026-08-03,noche,L1,ENV-1000,R-P0064,541.41,14.99,13765,255,0,0,82,0,turno normal
Envases del Pacífico S.A.S.,2026-08-03,noche,L2,BAN-250,R-P0064,574.15,20.23,43412,1031,0,1,0,0,"cambio de color programado, sin contratiempos"
Envases del Pacífico S.A.S.,2026-08-04,mañana,L1,ENV-1000,R-P0064,558.39,17.06,14198,291,0,0,0,1,sin novedad
Envases del Pacífico S.A.S.,2026-08-04,mañana,L2,BAN-250,R-P0064,720.03,20.79,54268,1049,0,1,0,0,"operación normal, se repuso resina a mitad de turno"
Envases del Pacífico S.A.S.,2026-08-04,tarde,L1,ENV-1000,R-P0064,569.21,13.08,14544,222,0,0,0,0,"operación normal, se repuso resina a mitad de turno"
Envases del Pacífico S.A.S.,2026-08-04,tarde,L2,BAN-250,R-P0064,551.84,17.11,41711,867,0,1,0,0,"operación normal, se repuso resina a mitad de turno"
Envases del Pacífico S.A.S.,2026-08-04,noche,L1,ENV-1000,R-P0064,516.08,14.4,13228,247,0,0,81,0,"cambio de color programado, sin contratiempos"
Envases del Pacífico S.A.S.,2026-08-04,noche,L2,BAN-250,R-P0064,538.35,15.5,40793,786,0,0,0,0,sin novedad
Envases del Pacífico S.A.S.,2026-08-05,mañana,L1,ENV-500,R-P0064,644.1,25.52,22327,599,1,0,0,0,turno normal
Envases del Pacífico S.A.S.,2026-08-05,mañana,L3,ENV-500,R-P0064,610.43,21.21,24015,562,1,0,0,0,"operación normal, se repuso resina a mitad de turno"
Envases del Pacífico S.A.S.,2026-08-05,tarde,L1,ENV-500,R-P0064,672.93,20.16,23486,471,0,1,17,0,sin novedad
Envases del Pacífico S.A.S.,2026-08-05,tarde,L2,BAN-250,R-P0064,603.41,18.01,45498,910,0,0,0,0,"operación normal, se repuso resina a mitad de turno"
Envases del Pacífico S.A.S.,2026-08-05,tarde,L3,ENV-500,R-P0064,631.86,15.32,25179,407,0,0,0,0,turno normal
Envases del Pacífico S.A.S.,2026-08-05,noche,L1,ENV-500,R-P0064,617.08,14.48,21702,339,0,0,0,0,sin novedad
Envases del Pacífico S.A.S.,2026-08-05,noche,L3,ENV-500,R-P0064,600.6,12.65,24008,336,0,0,23,0,turno normal
Envases del Pacífico S.A.S.,2026-08-06,mañana,L1,ENV-500,R-P0064,571.91,12.46,20094,291,0,0,67,0,se ajustó dosificación a media jornada
Envases del Pacífico S.A.S.,2026-08-06,mañana,L2,BAN-250,R-P0064,665.31,23.18,50071,1175,0,0,0,0,"operación normal, se repuso resina a mitad de turno"
Envases del Pacífico S.A.S.,2026-08-06,mañana,L3,ENV-500,R-P0064,675.79,21.11,26769,561,0,0,26,0,turno normal
Envases del Pacífico S.A.S.,2026-08-06,tarde,L1,ENV-500,R-P0064,677.08,20.8,23625,487,0,0,0,0,"cambio de color programado, sin contratiempos"
Envases del Pacífico S.A.S.,2026-08-06,tarde,L3,ENV-500,R-P0064,738.75,20.63,29326,548,0,0,0,0,"cambio de color programado, sin contratiempos"
Envases del Pacífico S.A.S.,2026-08-06,noche,L1,ENV-500,R-P0064,559.27,12.45,19670,291,0,0,0,0,turno normal
Envases del Pacífico S.A.S.,2026-08-06,noche,L3,ENV-500,R-P0064,516.76,18.15,20385,482,0,0,0,0,"operación normal, se repuso resina a mitad de turno"
